"sim_id","model","parameter","rhat","effective_size","acceptance_min","acceptance_max"
1,"oracle","mu",1.00024222206461,1116.93716215353,0.221833333333333,0.273416666666667
1,"oracle","K",1.0024919958553,972.619948811866,0.221833333333333,0.273416666666667
1,"oracle","alpha",1.0024205937054,973.459936488258,0.221833333333333,0.273416666666667
1,"oracle","c",1.00231539909652,1389.35216172605,0.221833333333333,0.273416666666667
1,"oracle","p",1.00147057223739,1001.75115725904,0.221833333333333,0.273416666666667
1,"complete","mu",1.00583689487569,905.733266343527,0.226166666666667,0.25275
1,"complete","K",1.00342417629915,801.680643480682,0.226166666666667,0.25275
1,"complete","alpha",1.00128038684274,1037.46545519717,0.226166666666667,0.25275
1,"complete","c",1.00356915124719,1414.18887907828,0.226166666666667,0.25275
1,"complete","p",1.00620826592272,882.527871099188,0.226166666666667,0.25275
2,"oracle","mu",1.00317812929377,707.3265707701,0.23775,0.245083333333333
2,"oracle","K",1.00424932160745,991.290925805009,0.23775,0.245083333333333
2,"oracle","alpha",1.00346652853299,907.350258220333,0.23775,0.245083333333333
2,"oracle","c",1.00134027891101,1485.04311783018,0.23775,0.245083333333333
2,"oracle","p",1.00089024603101,856.855338784974,0.23775,0.245083333333333
2,"complete","mu",1.00236104409491,697.046004616207,0.2275,0.26
2,"complete","K",1.00278067756093,779.700452631814,0.2275,0.26
2,"complete","alpha",1.00400367557883,934.944640571459,0.2275,0.26
2,"complete","c",1.00208868969242,1340.43059795538,0.2275,0.26
2,"complete","p",1.00218954822199,1014.41267465128,0.2275,0.26
3,"oracle","mu",1.00523184123439,939.863704077067,0.21075,0.261
3,"oracle","K",1.00212917322671,840.131816676544,0.21075,0.261
3,"oracle","alpha",1.00479555703705,923.478148667731,0.21075,0.261
3,"oracle","c",1.00600282550985,1424.30663181793,0.21075,0.261
3,"oracle","p",1.00301051740572,852.800017405949,0.21075,0.261
3,"complete","mu",1.00273848578382,948.893638793855,0.235833333333333,0.242916666666667
3,"complete","K",1.00390761108274,704.948143478267,0.235833333333333,0.242916666666667
3,"complete","alpha",1.00322735988933,1263.71653348676,0.235833333333333,0.242916666666667
3,"complete","c",1.00015574873744,1474.09680291677,0.235833333333333,0.242916666666667
3,"complete","p",1.00152279268371,899.73920306237,0.235833333333333,0.242916666666667
4,"oracle","mu",1.002760878489,1526.77665740177,0.23575,0.255
4,"oracle","K",1.0009067807358,963.140590215533,0.23575,0.255
4,"oracle","alpha",1.00074700778971,983.925884587833,0.23575,0.255
4,"oracle","c",1.00067124108409,1518.56472745558,0.23575,0.255
4,"oracle","p",1.0007625002773,990.834013731836,0.23575,0.255
4,"complete","mu",1.00097438094031,1267.58033176173,0.204833333333333,0.265
4,"complete","K",1.00228348108223,788.253446375312,0.204833333333333,0.265
4,"complete","alpha",1.00148140966398,992.470034101687,0.204833333333333,0.265
4,"complete","c",1.00151862439682,1300.15557928968,0.204833333333333,0.265
4,"complete","p",1.00132061574708,970.424438400476,0.204833333333333,0.265
5,"oracle","mu",1.00602155694094,913.070564467212,0.218583333333333,0.25625
5,"oracle","K",1.00344393546529,915.996204461684,0.218583333333333,0.25625
5,"oracle","alpha",1.00311970486738,805.348886228944,0.218583333333333,0.25625
5,"oracle","c",1.00014736715753,1559.6478092916,0.218583333333333,0.25625
5,"oracle","p",1.00186319787315,891.179170826008,0.218583333333333,0.25625
5,"complete","mu",1.00335104428504,955.36665030107,0.200833333333333,0.244333333333333
5,"complete","K",1.00199436798222,1017.2873416823,0.200833333333333,0.244333333333333
5,"complete","alpha",1.00134152350088,1339.09919605476,0.200833333333333,0.244333333333333
5,"complete","c",1.00082363463736,1587.14406021552,0.200833333333333,0.244333333333333
5,"complete","p",1.00112704812599,1044.68686905338,0.200833333333333,0.244333333333333
6,"oracle","mu",1.00188211285412,1443.9357268488,0.2225,0.245916666666667
6,"oracle","K",1.00126425807575,1120.95882049121,0.2225,0.245916666666667
6,"oracle","alpha",1.00125297055916,1039.83138260674,0.2225,0.245916666666667
6,"oracle","c",1.00114489767316,1285.35221479509,0.2225,0.245916666666667
6,"oracle","p",1.00160468561646,856.259321151025,0.2225,0.245916666666667
6,"complete","mu",1.0021357992558,1594.11207204785,0.22275,0.26525
6,"complete","K",1.00060571871211,875.433795954819,0.22275,0.26525
6,"complete","alpha",1.00160788159644,1026.13919193604,0.22275,0.26525
6,"complete","c",1.00278335903334,1382.59957347785,0.22275,0.26525
6,"complete","p",1.00356558983976,1007.26854966947,0.22275,0.26525
7,"oracle","mu",1.00302616585191,1141.04400121155,0.218166666666667,0.23175
7,"oracle","K",1.00109791856103,1063.31573149004,0.218166666666667,0.23175
7,"oracle","alpha",1.00179187474208,868.20108503316,0.218166666666667,0.23175
7,"oracle","c",1.0019984825836,1488.49935715181,0.218166666666667,0.23175
7,"oracle","p",1.00279927552018,1021.83480106085,0.218166666666667,0.23175
7,"complete","mu",1.00416496073604,1180.88161537972,0.212416666666667,0.251916666666667
7,"complete","K",1.0025847401127,1159.6374232159,0.212416666666667,0.251916666666667
7,"complete","alpha",1.00118313805862,1105.15388027534,0.212416666666667,0.251916666666667
7,"complete","c",1.00199637744392,1448.04149923338,0.212416666666667,0.251916666666667
7,"complete","p",1.00275797017423,1108.70136115857,0.212416666666667,0.251916666666667
8,"oracle","mu",1.00211874301735,1306.73753118373,0.22075,0.258833333333333
8,"oracle","K",1.00635457401144,1343.70538947471,0.22075,0.258833333333333
8,"oracle","alpha",1.00163385163935,1082.93410314261,0.22075,0.258833333333333
8,"oracle","c",1.00257493750194,1400.94138041153,0.22075,0.258833333333333
8,"oracle","p",1.00828670719251,890.348986482438,0.22075,0.258833333333333
8,"complete","mu",1.00594029196092,1134.95427746031,0.2275,0.268666666666667
8,"complete","K",1.008903186591,1034.27160600311,0.2275,0.268666666666667
8,"complete","alpha",1.00411966372445,1219.6314451147,0.2275,0.268666666666667
8,"complete","c",1.00181976359488,1452.94749648136,0.2275,0.268666666666667
8,"complete","p",1.00205863592141,1055.80487227653,0.2275,0.268666666666667
9,"oracle","mu",1.0014481305206,953.037776632589,0.225333333333333,0.254916666666667
9,"oracle","K",1.00798203751367,791.657508804538,0.225333333333333,0.254916666666667
9,"oracle","alpha",1.00679326614267,1068.8972755945,0.225333333333333,0.254916666666667
9,"oracle","c",1.00140564835683,1330.69193183541,0.225333333333333,0.254916666666667
9,"oracle","p",1.00363644562798,669.545185653718,0.225333333333333,0.254916666666667
9,"complete","mu",1.00109405956862,1145.56854838544,0.222,0.2415
9,"complete","K",1.00367271949173,756.084950919809,0.222,0.2415
9,"complete","alpha",1.00231845472867,1184.81459399,0.222,0.2415
9,"complete","c",1.00092149756129,1444.6902968401,0.222,0.2415
9,"complete","p",1.00165953467318,974.714878619761,0.222,0.2415
10,"oracle","mu",1.00362688337222,1313.48637534143,0.207916666666667,0.259333333333333
10,"oracle","K",1.00154987195472,1109.58435856702,0.207916666666667,0.259333333333333
10,"oracle","alpha",1.00135154900974,1006.41764208318,0.207916666666667,0.259333333333333
10,"oracle","c",1.00172620895395,1326.30495413075,0.207916666666667,0.259333333333333
10,"oracle","p",1.00478249214247,989.091593815302,0.207916666666667,0.259333333333333
10,"complete","mu",1.000740370951,1160.73864730668,0.22725,0.278583333333333
10,"complete","K",1.00720368187466,923.765930051441,0.22725,0.278583333333333
10,"complete","alpha",1.00963737760245,937.003660898801,0.22725,0.278583333333333
10,"complete","c",1.00091438137824,1369.07155266826,0.22725,0.278583333333333
10,"complete","p",1.00081382274217,1068.34094369258,0.22725,0.278583333333333
11,"oracle","mu",1.004162870835,1042.38753054314,0.224916666666667,0.24625
11,"oracle","K",1.00104650619972,1023.37037866696,0.224916666666667,0.24625
11,"oracle","alpha",1.00119071145788,849.758807882363,0.224916666666667,0.24625
11,"oracle","c",1.00183622243256,1545.90579765991,0.224916666666667,0.24625
11,"oracle","p",1.00299733299166,936.639145001225,0.224916666666667,0.24625
11,"complete","mu",1.0035023590144,1006.07539387957,0.21075,0.26375
11,"complete","K",1.00171470889452,968.064350117678,0.21075,0.26375
11,"complete","alpha",1.00130093436238,1068.29463699006,0.21075,0.26375
11,"complete","c",1.00246948853317,1392.4556241502,0.21075,0.26375
11,"complete","p",1.00222019870997,1151.08066889928,0.21075,0.26375
12,"oracle","mu",1.00412912635616,928.609151082136,0.21625,0.255916666666667
12,"oracle","K",1.00089862956874,1059.96996607316,0.21625,0.255916666666667
12,"oracle","alpha",1.00027526296377,1048.93048205775,0.21625,0.255916666666667
12,"oracle","c",1.00207363391298,1484.65341575688,0.21625,0.255916666666667
12,"oracle","p",1.00343291724813,975.218299397006,0.21625,0.255916666666667
12,"complete","mu",1.0008669948826,1091.33656150586,0.216583333333333,0.265
12,"complete","K",1.0020112016411,1027.15683556907,0.216583333333333,0.265
12,"complete","alpha",1.00156235084569,1291.12442173405,0.216583333333333,0.265
12,"complete","c",1.00372543928637,1638.62548929482,0.216583333333333,0.265
12,"complete","p",1.00205334260323,1276.28504071861,0.216583333333333,0.265
13,"oracle","mu",1.00112971664331,1086.8063295918,0.216416666666667,0.256
13,"oracle","K",1.00013803440475,890.29773077393,0.216416666666667,0.256
13,"oracle","alpha",1.00234836695588,902.620405252105,0.216416666666667,0.256
13,"oracle","c",1.00468944302469,1347.08869588866,0.216416666666667,0.256
13,"oracle","p",1.00283941664108,787.365795026892,0.216416666666667,0.256
13,"complete","mu",1.00044792404119,1403.03371908678,0.216666666666667,0.264833333333333
13,"complete","K",1.00210955903481,837.118204068603,0.216666666666667,0.264833333333333
13,"complete","alpha",1.00296789212309,1065.73710573105,0.216666666666667,0.264833333333333
13,"complete","c",1.00272022738533,1405.53942769398,0.216666666666667,0.264833333333333
13,"complete","p",1.00276838557128,1134.86080265571,0.216666666666667,0.264833333333333
14,"oracle","mu",1.00878624026099,438.296982487589,0.208333333333333,0.237083333333333
14,"oracle","K",1.00463062312194,999.19147252566,0.208333333333333,0.237083333333333
14,"oracle","alpha",1.01029192407662,1090.64725643995,0.208333333333333,0.237083333333333
14,"oracle","c",1.00374180331973,1453.06572404427,0.208333333333333,0.237083333333333
14,"oracle","p",1.00916414666364,856.018376950805,0.208333333333333,0.237083333333333
14,"complete","mu",1.01136904377318,453.463381099022,0.202916666666667,0.229333333333333
14,"complete","K",1.00139386229463,704.539969832554,0.202916666666667,0.229333333333333
14,"complete","alpha",1.00192537206672,760.09421639049,0.202916666666667,0.229333333333333
14,"complete","c",1.00054268786932,1394.29437700373,0.202916666666667,0.229333333333333
14,"complete","p",1.00252533564245,810.764730527633,0.202916666666667,0.229333333333333
15,"oracle","mu",1.00944815366006,773.167750291212,0.2245,0.255416666666667
15,"oracle","K",1.04093650152238,429.366263973762,0.2245,0.255416666666667
15,"oracle","alpha",1.00241652685788,1042.20244022697,0.2245,0.255416666666667
15,"oracle","c",1.00557230086295,1205.08800997153,0.2245,0.255416666666667
15,"oracle","p",1.01020153127147,628.435356322267,0.2245,0.255416666666667
15,"complete","mu",1.00751476185341,1018.18280783739,0.20975,0.250833333333333
15,"complete","K",1.01237739554167,657.479819710368,0.20975,0.250833333333333
15,"complete","alpha",1.00078753515716,1184.57316283172,0.20975,0.250833333333333
15,"complete","c",1.00469484164684,1100.57545962065,0.20975,0.250833333333333
15,"complete","p",1.01328459448434,757.571684071013,0.20975,0.250833333333333
16,"oracle","mu",1.00020262447386,779.686579922148,0.213333333333333,0.253666666666667
16,"oracle","K",1.00198712182392,1064.86498482474,0.213333333333333,0.253666666666667
16,"oracle","alpha",1.00168033891194,1112.9345017403,0.213333333333333,0.253666666666667
16,"oracle","c",1.00087684596925,1833.76075772089,0.213333333333333,0.253666666666667
16,"oracle","p",1.0009513300321,1028.82913435472,0.213333333333333,0.253666666666667
16,"complete","mu",1.00302105745742,848.391137105679,0.209,0.259583333333333
16,"complete","K",1.00100080813461,869.201525205644,0.209,0.259583333333333
16,"complete","alpha",1.0028813820547,1092.70959540727,0.209,0.259583333333333
16,"complete","c",1.00026086010633,1585.44221120086,0.209,0.259583333333333
16,"complete","p",1.00119120605536,1090.87766552687,0.209,0.259583333333333
17,"oracle","mu",1.00238627948707,1479.7529180819,0.226083333333333,0.255833333333333
17,"oracle","K",1.00171475547911,1009.33688490482,0.226083333333333,0.255833333333333
17,"oracle","alpha",1.002683374065,896.559235858824,0.226083333333333,0.255833333333333
17,"oracle","c",1.00095989234102,1711.35104875439,0.226083333333333,0.255833333333333
17,"oracle","p",1.00444489485808,1150.17791138282,0.226083333333333,0.255833333333333
17,"complete","mu",1.0004725505681,1287.44273316946,0.214916666666667,0.24475
17,"complete","K",1.00123109419251,966.180845363343,0.214916666666667,0.24475
17,"complete","alpha",1.00227427564134,1082.97631127364,0.214916666666667,0.24475
17,"complete","c",1.00223151985318,1621.77706001549,0.214916666666667,0.24475
17,"complete","p",1.00251294992054,1200.10516841903,0.214916666666667,0.24475
18,"oracle","mu",1.00311173145659,1277.33598171413,0.235333333333333,0.262833333333333
18,"oracle","K",1.00226686146401,1069.45137853047,0.235333333333333,0.262833333333333
18,"oracle","alpha",1.00304797003197,831.082708248103,0.235333333333333,0.262833333333333
18,"oracle","c",1.00159585823482,1623.61688720125,0.235333333333333,0.262833333333333
18,"oracle","p",1.00171190305367,1025.53551159548,0.235333333333333,0.262833333333333
18,"complete","mu",1.00116456418766,1223.94418408381,0.2195,0.247666666666667
18,"complete","K",1.00240573815076,1008.85142675928,0.2195,0.247666666666667
18,"complete","alpha",1.00481603396934,1046.25154625819,0.2195,0.247666666666667
18,"complete","c",1.00033588290053,1483.07992935275,0.2195,0.247666666666667
18,"complete","p",1.00248269725911,1235.56459506453,0.2195,0.247666666666667
19,"oracle","mu",1.00335655760297,1242.74702267444,0.192333333333333,0.25975
19,"oracle","K",1.00390356228455,966.385049141915,0.192333333333333,0.25975
19,"oracle","alpha",1.00261567080076,874.567998073969,0.192333333333333,0.25975
19,"oracle","c",1.00072388569221,1739.7357377346,0.192333333333333,0.25975
19,"oracle","p",1.00177028237707,1193.2192381393,0.192333333333333,0.25975
19,"complete","mu",1.00209396063036,874.671708503885,0.213833333333333,0.244583333333333
19,"complete","K",1.00001095084086,829.782677986942,0.213833333333333,0.244583333333333
19,"complete","alpha",1.00033353412473,837.22292159781,0.213833333333333,0.244583333333333
19,"complete","c",1.0002099045983,1471.69441083149,0.213833333333333,0.244583333333333
19,"complete","p",1.00022967388318,1067.1374222794,0.213833333333333,0.244583333333333
20,"oracle","mu",1.00199147087827,934.132213183031,0.201166666666667,0.25075
20,"oracle","K",1.00266280097425,1012.73692775464,0.201166666666667,0.25075
20,"oracle","alpha",1.00234495896097,1026.91663592056,0.201166666666667,0.25075
20,"oracle","c",1.00563034780572,1525.31606840503,0.201166666666667,0.25075
20,"oracle","p",1.00793271991221,771.396598897955,0.201166666666667,0.25075
20,"complete","mu",1.00381376378263,921.880658384134,0.227916666666667,0.265833333333333
20,"complete","K",1.00249261748379,883.478502378585,0.227916666666667,0.265833333333333
20,"complete","alpha",1.00144795689959,1482.31241511736,0.227916666666667,0.265833333333333
20,"complete","c",1.00541930757686,1428.77510569826,0.227916666666667,0.265833333333333
20,"complete","p",1.00618364663222,1014.95256383803,0.227916666666667,0.265833333333333
21,"oracle","mu",1.00133956402967,862.825208445511,0.22175,0.257166666666667
21,"oracle","K",1.00208468244399,858.191904439065,0.22175,0.257166666666667
21,"oracle","alpha",1.00046474564727,1046.79965426738,0.22175,0.257166666666667
21,"oracle","c",1.00225700270506,1469.61519591162,0.22175,0.257166666666667
21,"oracle","p",1.00052977946607,767.305203467564,0.22175,0.257166666666667
21,"complete","mu",1.0071788749846,907.319655704438,0.22125,0.261333333333333
21,"complete","K",1.01438769388278,868.446724387783,0.22125,0.261333333333333
21,"complete","alpha",1.0046039029287,1387.13939609095,0.22125,0.261333333333333
21,"complete","c",1.00783445776586,1358.24918727669,0.22125,0.261333333333333
21,"complete","p",1.00833154515941,956.519760688682,0.22125,0.261333333333333
22,"oracle","mu",1.00138250399501,1155.12821649736,0.2235,0.24925
22,"oracle","K",1.00720694473099,1046.88429585448,0.2235,0.24925
22,"oracle","alpha",1.00728049874221,950.897406398165,0.2235,0.24925
22,"oracle","c",1.00294261608465,1548.70948762379,0.2235,0.24925
22,"oracle","p",1.00085607000231,982.671349257369,0.2235,0.24925
22,"complete","mu",1.00062645689379,1006.53120883862,0.210916666666667,0.244
22,"complete","K",1.00665694601046,838.9342413308,0.210916666666667,0.244
22,"complete","alpha",1.00429484092476,865.291293700799,0.210916666666667,0.244
22,"complete","c",1.00551597231683,1297.28641289552,0.210916666666667,0.244
22,"complete","p",1.00421609199239,976.26344132611,0.210916666666667,0.244
23,"oracle","mu",1.00371142971457,1219.21549742858,0.21075,0.266
23,"oracle","K",1.00344307785206,1122.3457714395,0.21075,0.266
23,"oracle","alpha",1.00095077588576,1020.86029343811,0.21075,0.266
23,"oracle","c",1.00643271104916,1429.72762578135,0.21075,0.266
23,"oracle","p",1.00705758926532,919.160761992997,0.21075,0.266
23,"complete","mu",1.00348125698901,1158.51112022745,0.207166666666667,0.25375
23,"complete","K",1.00290273425426,809.429882319303,0.207166666666667,0.25375
23,"complete","alpha",1.00078683135354,883.695065760357,0.207166666666667,0.25375
23,"complete","c",1.00260742459689,1409.1851718145,0.207166666666667,0.25375
23,"complete","p",1.00269603404428,1127.93185102393,0.207166666666667,0.25375
24,"oracle","mu",1.00185061782522,1004.91730337211,0.214333333333333,0.235583333333333
24,"oracle","K",1.0050865477515,1025.63415796309,0.214333333333333,0.235583333333333
24,"oracle","alpha",1.00278237480054,1087.93902692428,0.214333333333333,0.235583333333333
24,"oracle","c",1.00372036859746,1685.90194691126,0.214333333333333,0.235583333333333
24,"oracle","p",1.00467966792084,1023.7381051734,0.214333333333333,0.235583333333333
24,"complete","mu",1.00179119438902,859.589552989405,0.213,0.248333333333333
24,"complete","K",1.00014927162206,775.735632647552,0.213,0.248333333333333
24,"complete","alpha",1.00073710014143,1017.29884284239,0.213,0.248333333333333
24,"complete","c",1.00067883638584,1394.60980237879,0.213,0.248333333333333
24,"complete","p",1.00045802078399,1097.126874813,0.213,0.248333333333333
25,"oracle","mu",1.00684009197085,831.417200879648,0.211041666666667,0.245458333333333
25,"oracle","K",1.01530042777203,848.110667998175,0.211041666666667,0.245458333333333
25,"oracle","alpha",1.00217637169128,1977.72816097276,0.211041666666667,0.245458333333333
25,"oracle","c",1.00501380098789,1753.03910121533,0.211041666666667,0.245458333333333
25,"oracle","p",1.00943331392296,718.177973619401,0.211041666666667,0.245458333333333
25,"complete","mu",1.00700060200419,474.684260023388,0.213583333333333,0.248916666666667
25,"complete","K",1.00281367537358,451.548869895228,0.213583333333333,0.248916666666667
25,"complete","alpha",1.00497664567594,1081.81889319466,0.213583333333333,0.248916666666667
25,"complete","c",1.00339439482805,1258.80425256418,0.213583333333333,0.248916666666667
25,"complete","p",1.0076297089721,667.882347976065,0.213583333333333,0.248916666666667
26,"oracle","mu",1.00431010737651,983.911850710772,0.207083333333333,0.245416666666667
26,"oracle","K",1.00559002060298,834.309276981764,0.207083333333333,0.245416666666667
26,"oracle","alpha",1.0022538614385,1102.85930521954,0.207083333333333,0.245416666666667
26,"oracle","c",1.00387877593567,1519.86738006402,0.207083333333333,0.245416666666667
26,"oracle","p",1.00816412968458,817.743783846283,0.207083333333333,0.245416666666667
26,"complete","mu",1.00041506721953,822.810957606171,0.209666666666667,0.231166666666667
26,"complete","K",1.00043988461791,809.885805963915,0.209666666666667,0.231166666666667
26,"complete","alpha",1.00147417371235,1201.19496627011,0.209666666666667,0.231166666666667
26,"complete","c",1.00059631018919,1221.86153602747,0.209666666666667,0.231166666666667
26,"complete","p",1.00062256358979,853.314935296151,0.209666666666667,0.231166666666667
27,"oracle","mu",1.00228585499247,1103.64852773658,0.228333333333333,0.273416666666667
27,"oracle","K",1.00377358918736,1079.59509484913,0.228333333333333,0.273416666666667
27,"oracle","alpha",1.00277234953354,995.801364352591,0.228333333333333,0.273416666666667
27,"oracle","c",1.00092442528882,1389.02148457336,0.228333333333333,0.273416666666667
27,"oracle","p",1.00145968032474,900.011403245939,0.228333333333333,0.273416666666667
27,"complete","mu",1.00372671803222,957.390481307221,0.254,0.294416666666667
27,"complete","K",1.00761097353628,813.354316921881,0.254,0.294416666666667
27,"complete","alpha",1.01037702017818,1291.70235208748,0.254,0.294416666666667
27,"complete","c",1.00014868588171,1235.26680385559,0.254,0.294416666666667
27,"complete","p",1.00134752750402,771.902048908653,0.254,0.294416666666667
28,"oracle","mu",1.00077257668525,1139.42557753831,0.221916666666667,0.267083333333333
28,"oracle","K",1.00141689820526,1155.31724325349,0.221916666666667,0.267083333333333
28,"oracle","alpha",1.00248961464115,820.838147368004,0.221916666666667,0.267083333333333
28,"oracle","c",1.00198076986347,1537.32368890745,0.221916666666667,0.267083333333333
28,"oracle","p",1.00201654811316,985.807809484542,0.221916666666667,0.267083333333333
28,"complete","mu",1.00097990604109,1150.6594151002,0.213083333333333,0.238333333333333
28,"complete","K",1.00376723189929,1090.77092162974,0.213083333333333,0.238333333333333
28,"complete","alpha",1.00365610268454,1147.90034097837,0.213083333333333,0.238333333333333
28,"complete","c",1.00176297511808,1850.87412603185,0.213083333333333,0.238333333333333
28,"complete","p",1.00182405177759,1331.30049477243,0.213083333333333,0.238333333333333
29,"oracle","mu",1.00107173507723,1309.44733468207,0.196333333333333,0.262583333333333
29,"oracle","K",1.00291754638892,970.156215977929,0.196333333333333,0.262583333333333
29,"oracle","alpha",1.00369423451873,967.145523243631,0.196333333333333,0.262583333333333
29,"oracle","c",1.00101168267875,1432.46310907625,0.196333333333333,0.262583333333333
29,"oracle","p",1.00246781916444,1100.00778705308,0.196333333333333,0.262583333333333
29,"complete","mu",1.00192104671809,1284.72822975243,0.209,0.22475
29,"complete","K",1.0051255313768,594.908125534057,0.209,0.22475
29,"complete","alpha",1.00428081702047,604.33171342211,0.209,0.22475
29,"complete","c",1.00224762607482,1027.36739637223,0.209,0.22475
29,"complete","p",1.00100124197066,870.705433421221,0.209,0.22475
30,"oracle","mu",1.00620012411803,779.250341703691,0.218,0.277083333333333
30,"oracle","K",1.00495725494477,940.426454502608,0.218,0.277083333333333
30,"oracle","alpha",1.00352301662903,964.204598688189,0.218,0.277083333333333
30,"oracle","c",1.00099238852809,1549.00176922415,0.218,0.277083333333333
30,"oracle","p",1.00305273814721,806.775629677699,0.218,0.277083333333333
30,"complete","mu",1.00326977664806,764.774785864747,0.213833333333333,0.2525
30,"complete","K",1.00119840573465,948.409274769025,0.213833333333333,0.2525
30,"complete","alpha",1.00199885183408,1124.65327847762,0.213833333333333,0.2525
30,"complete","c",1.00337472361108,1606.23178918753,0.213833333333333,0.2525
30,"complete","p",1.003584625246,986.15025357182,0.213833333333333,0.2525
31,"oracle","mu",1.00181340971477,868.635049476584,0.22975,0.241
31,"oracle","K",1.00701996079678,868.684796114796,0.22975,0.241
31,"oracle","alpha",1.00528672532482,1064.92365158284,0.22975,0.241
31,"oracle","c",1.0018978926435,1355.16330963281,0.22975,0.241
31,"oracle","p",1.00456545893684,775.409854077626,0.22975,0.241
31,"complete","mu",1.00213162343597,950.56566768464,0.225833333333333,0.262083333333333
31,"complete","K",1.00273239015198,895.72298759565,0.225833333333333,0.262083333333333
31,"complete","alpha",1.00121167373827,1121.40156815332,0.225833333333333,0.262083333333333
31,"complete","c",1.00143399915504,1603.30126699388,0.225833333333333,0.262083333333333
31,"complete","p",1.00139253166575,1065.2975537315,0.225833333333333,0.262083333333333
32,"oracle","mu",1.0005739347493,1104.81802462645,0.234666666666667,0.2615
32,"oracle","K",1.00367679152495,966.47039149162,0.234666666666667,0.2615
32,"oracle","alpha",1.00758092087163,861.252103552641,0.234666666666667,0.2615
32,"oracle","c",1.0003166005505,1236.90814359887,0.234666666666667,0.2615
32,"oracle","p",1.0008304265511,815.997055201425,0.234666666666667,0.2615
32,"complete","mu",1.00185103610664,1312.01968286691,0.2235,0.25825
32,"complete","K",1.0030478027201,1129.63269914292,0.2235,0.25825
32,"complete","alpha",1.00197487260729,1261.0208077817,0.2235,0.25825
32,"complete","c",1.00016672005296,1270.59650717979,0.2235,0.25825
32,"complete","p",1.00179349167145,939.254603877162,0.2235,0.25825
33,"oracle","mu",1.00198224535167,1517.82659601063,0.213083333333333,0.2425
33,"oracle","K",1.00274152505652,1112.79997004037,0.213083333333333,0.2425
33,"oracle","alpha",1.00266523076315,913.924610909505,0.213083333333333,0.2425
33,"oracle","c",1.00348822881603,1534.67070260549,0.213083333333333,0.2425
33,"oracle","p",1.0059921208559,1055.77760783193,0.213083333333333,0.2425
33,"complete","mu",1.00114024884741,1585.98398231806,0.214333333333333,0.239
33,"complete","K",1.00357729180111,924.57409289987,0.214333333333333,0.239
33,"complete","alpha",1.00200018044975,1064.28274039859,0.214333333333333,0.239
33,"complete","c",1.0002394579958,1524.94721448559,0.214333333333333,0.239
33,"complete","p",1.00060579105376,1153.49083185326,0.214333333333333,0.239
34,"oracle","mu",1.00373945891861,1162.5404841755,0.224083333333333,0.269
34,"oracle","K",1.00140054606417,1098.67722263777,0.224083333333333,0.269
34,"oracle","alpha",1.00195799734607,1105.58626100825,0.224083333333333,0.269
34,"oracle","c",1.00246200400147,1709.87996092308,0.224083333333333,0.269
34,"oracle","p",1.00177409316001,1080.77385821925,0.224083333333333,0.269
34,"complete","mu",1.00329623642899,1165.34772822173,0.191,0.242666666666667
34,"complete","K",1.00464292770687,923.892545522677,0.191,0.242666666666667
34,"complete","alpha",1.00455941822358,1060.27336478636,0.191,0.242666666666667
34,"complete","c",1.00310082185881,1434.85114436715,0.191,0.242666666666667
34,"complete","p",1.00283754170977,1204.36418957734,0.191,0.242666666666667
35,"oracle","mu",1.00561136727194,807.234132412681,0.228583333333333,0.257666666666667
35,"oracle","K",1.00268024429564,844.249653595807,0.228583333333333,0.257666666666667
35,"oracle","alpha",1.00198854676972,1104.61962326492,0.228583333333333,0.257666666666667
35,"oracle","c",1.0020467108866,1850.64905338596,0.228583333333333,0.257666666666667
35,"oracle","p",1.00597488887537,809.63532295848,0.228583333333333,0.257666666666667
35,"complete","mu",1.00324467828311,907.240287079156,0.220083333333333,0.234166666666667
35,"complete","K",1.00214125149189,1002.05324463204,0.220083333333333,0.234166666666667
35,"complete","alpha",1.00158503142807,1370.06883747122,0.220083333333333,0.234166666666667
35,"complete","c",1.00045373652382,1783.60562490343,0.220083333333333,0.234166666666667
35,"complete","p",1.0029263360679,1111.24024011564,0.220083333333333,0.234166666666667
36,"oracle","mu",1.00261553438199,659.127994966847,0.210916666666667,0.253833333333333
36,"oracle","K",1.00098369256661,619.216510987024,0.210916666666667,0.253833333333333
36,"oracle","alpha",1.00240559038046,999.669316846408,0.210916666666667,0.253833333333333
36,"oracle","c",1.00327044095335,1227.03021761251,0.210916666666667,0.253833333333333
36,"oracle","p",1.00483092957208,602.89311180936,0.210916666666667,0.253833333333333
36,"complete","mu",1.00457881343318,869.757309773097,0.214083333333333,0.271166666666667
36,"complete","K",1.00316266862591,783.725207590934,0.214083333333333,0.271166666666667
36,"complete","alpha",1.00177820281324,1361.96185675489,0.214083333333333,0.271166666666667
36,"complete","c",1.00116747353945,1359.28897681906,0.214083333333333,0.271166666666667
36,"complete","p",1.00183574689587,934.350208710899,0.214083333333333,0.271166666666667
37,"oracle","mu",1.00316235852482,1153.85984010057,0.220083333333333,0.261916666666667
37,"oracle","K",1.00226479661344,1016.97516118296,0.220083333333333,0.261916666666667
37,"oracle","alpha",1.00311608497127,881.410901622356,0.220083333333333,0.261916666666667
37,"oracle","c",1.0015492091379,1374.3389390576,0.220083333333333,0.261916666666667
37,"oracle","p",1.00487884418834,927.623357734512,0.220083333333333,0.261916666666667
37,"complete","mu",1.00154314245565,1229.8857935132,0.216916666666667,0.243083333333333
37,"complete","K",1.00243772978811,896.386492701843,0.216916666666667,0.243083333333333
37,"complete","alpha",1.00122356204644,1122.98967663085,0.216916666666667,0.243083333333333
37,"complete","c",1.00132918438101,1286.511824114,0.216916666666667,0.243083333333333
37,"complete","p",1.00081331720237,955.320248795799,0.216916666666667,0.243083333333333
38,"oracle","mu",1.00019064221546,1162.4331547131,0.218416666666667,0.252416666666667
38,"oracle","K",1.0022310328222,863.932754170149,0.218416666666667,0.252416666666667
38,"oracle","alpha",1.00222387885491,883.791952195777,0.218416666666667,0.252416666666667
38,"oracle","c",1.00311402550067,1177.90426913587,0.218416666666667,0.252416666666667
38,"oracle","p",1.00430194145405,715.129535469687,0.218416666666667,0.252416666666667
38,"complete","mu",1.00410639199986,1140.90618117928,0.2135,0.26175
38,"complete","K",1.00051075181072,642.994483135154,0.2135,0.26175
38,"complete","alpha",1.00200138215208,679.927353972139,0.2135,0.26175
38,"complete","c",1.00456339857175,1206.4132761391,0.2135,0.26175
38,"complete","p",1.00979289966605,834.945901373565,0.2135,0.26175
39,"oracle","mu",1.0035159787828,1088.82119352901,0.223166666666667,0.239833333333333
39,"oracle","K",1.01440842466361,778.747759523385,0.223166666666667,0.239833333333333
39,"oracle","alpha",1.00438589517646,1034.61702236282,0.223166666666667,0.239833333333333
39,"oracle","c",1.00422893887386,1186.7815229609,0.223166666666667,0.239833333333333
39,"oracle","p",1.00389256366627,671.599793970413,0.223166666666667,0.239833333333333
39,"complete","mu",1.00493969031392,1089.53227610629,0.233583333333333,0.282333333333333
39,"complete","K",1.0136064767155,724.703212738052,0.233583333333333,0.282333333333333
39,"complete","alpha",1.004961433396,1091.49575975347,0.233583333333333,0.282333333333333
39,"complete","c",1.00375159946933,1067.05790829027,0.233583333333333,0.282333333333333
39,"complete","p",1.00248055586786,798.465474655817,0.233583333333333,0.282333333333333
40,"oracle","mu",1.0016433215403,901.751603204578,0.205416666666667,0.25175
40,"oracle","K",1.00125443226695,1017.4721530102,0.205416666666667,0.25175
40,"oracle","alpha",1.00055543595758,1100.51490355523,0.205416666666667,0.25175
40,"oracle","c",1.00566029804131,1444.92538093231,0.205416666666667,0.25175
40,"oracle","p",1.00754338632407,836.665903027701,0.205416666666667,0.25175
40,"complete","mu",1.00224312968255,1038.45173067088,0.225166666666667,0.252333333333333
40,"complete","K",1.00246224578935,721.107713289199,0.225166666666667,0.252333333333333
40,"complete","alpha",1.00075561901402,1008.09368774221,0.225166666666667,0.252333333333333
40,"complete","c",1.00412638789762,1504.67350833799,0.225166666666667,0.252333333333333
40,"complete","p",1.00491138009225,901.714267124055,0.225166666666667,0.252333333333333
41,"oracle","mu",1.00290008980808,1235.48882654876,0.218416666666667,0.244833333333333
41,"oracle","K",1.00448514576589,1068.42501842068,0.218416666666667,0.244833333333333
41,"oracle","alpha",1.00380349214397,928.379521346952,0.218416666666667,0.244833333333333
41,"oracle","c",1.00265036616894,1528.24862891291,0.218416666666667,0.244833333333333
41,"oracle","p",1.00183059169061,922.484737818608,0.218416666666667,0.244833333333333
41,"complete","mu",1.00247773412268,1030.59074375866,0.226583333333333,0.25325
41,"complete","K",1.0022122931284,871.476369307382,0.226583333333333,0.25325
41,"complete","alpha",1.00120557328268,1085.30366267559,0.226583333333333,0.25325
41,"complete","c",1.00108257496255,1492.17677459225,0.226583333333333,0.25325
41,"complete","p",1.00213229118628,1102.49770486763,0.226583333333333,0.25325
42,"oracle","mu",1.00212162984337,1332.97926963811,0.223083333333333,0.254666666666667
42,"oracle","K",1.003383820084,930.288836169521,0.223083333333333,0.254666666666667
42,"oracle","alpha",1.00186761305988,1002.08921660141,0.223083333333333,0.254666666666667
42,"oracle","c",1.00389910793285,1462.66676491948,0.223083333333333,0.254666666666667
42,"oracle","p",1.00131754845124,793.496812511663,0.223083333333333,0.254666666666667
42,"complete","mu",1.00432604769345,1140.37271394786,0.222166666666667,0.231833333333333
42,"complete","K",1.00528492303967,958.739779373727,0.222166666666667,0.231833333333333
42,"complete","alpha",1.00126856235407,1152.67905398346,0.222166666666667,0.231833333333333
42,"complete","c",1.00195345094913,1401.30884887464,0.222166666666667,0.231833333333333
42,"complete","p",1.00392438147106,1006.83237560693,0.222166666666667,0.231833333333333
43,"oracle","mu",1.00361157284177,736.928724011681,0.202,0.26475
43,"oracle","K",1.00469932995178,418.964570067039,0.202,0.26475
43,"oracle","alpha",1.00546821567094,1093.90872328233,0.202,0.26475
43,"oracle","c",1.0042095974652,1201.63857044241,0.202,0.26475
43,"oracle","p",1.00573260943906,412.488832676839,0.202,0.26475
43,"complete","mu",1.00489543199153,814.000508195666,0.220666666666667,0.258416666666667
43,"complete","K",1.02071874027086,527.299051131089,0.220666666666667,0.258416666666667
43,"complete","alpha",1.00057008832435,1227.67994755087,0.220666666666667,0.258416666666667
43,"complete","c",1.00431931993333,1407.56063922606,0.220666666666667,0.258416666666667
43,"complete","p",1.00547348055139,695.663433955132,0.220666666666667,0.258416666666667
44,"oracle","mu",1.00153774517273,1126.88222812433,0.2295,0.280416666666667
44,"oracle","K",1.00210164247048,1062.07800570868,0.2295,0.280416666666667
44,"oracle","alpha",1.00531459998327,873.4770431837,0.2295,0.280416666666667
44,"oracle","c",1.00368355353529,1322.54850563458,0.2295,0.280416666666667
44,"oracle","p",1.0010237120144,808.35966434948,0.2295,0.280416666666667
44,"complete","mu",1.00119560425913,911.576128760509,0.225583333333333,0.275416666666667
44,"complete","K",1.00098091372222,981.868309225137,0.225583333333333,0.275416666666667
44,"complete","alpha",1.00097786219745,1221.77828401772,0.225583333333333,0.275416666666667
44,"complete","c",1.00246859733836,1254.30338523262,0.225583333333333,0.275416666666667
44,"complete","p",1.00073176161516,896.986292598948,0.225583333333333,0.275416666666667
45,"oracle","mu",1.00216318578685,1128.14993537857,0.21175,0.243583333333333
45,"oracle","K",1.0030131570858,1185.77337435803,0.21175,0.243583333333333
45,"oracle","alpha",1.00440178562477,919.112147156675,0.21175,0.243583333333333
45,"oracle","c",1.00316767372709,1615.41139977132,0.21175,0.243583333333333
45,"oracle","p",1.0015317776648,1113.40747614175,0.21175,0.243583333333333
45,"complete","mu",1.00356518141276,1027.48533752341,0.204166666666667,0.243333333333333
45,"complete","K",1.00479051102375,1060.31580033079,0.204166666666667,0.243333333333333
45,"complete","alpha",1.00165362921671,1342.64943214216,0.204166666666667,0.243333333333333
45,"complete","c",1.00064926497977,1851.44038269925,0.204166666666667,0.243333333333333
45,"complete","p",1.00084392023073,1171.4883829541,0.204166666666667,0.243333333333333
46,"oracle","mu",1.00145837453015,1029.70292907832,0.220166666666667,0.276666666666667
46,"oracle","K",1.00074537806832,880.563037732081,0.220166666666667,0.276666666666667
46,"oracle","alpha",1.00346809685461,861.13592249481,0.220166666666667,0.276666666666667
46,"oracle","c",1.00063207107448,1490.27036207268,0.220166666666667,0.276666666666667
46,"oracle","p",1.00219675905305,879.192142546274,0.220166666666667,0.276666666666667
46,"complete","mu",1.0021350595772,1097.9664980838,0.233166666666667,0.252083333333333
46,"complete","K",1.00222501478914,805.150984370613,0.233166666666667,0.252083333333333
46,"complete","alpha",1.0021004789067,924.187671374615,0.233166666666667,0.252083333333333
46,"complete","c",1.00406204611815,1389.98731879307,0.233166666666667,0.252083333333333
46,"complete","p",1.00144076158874,887.23188114538,0.233166666666667,0.252083333333333
47,"oracle","mu",1.0058292801438,885.570580307482,0.216083333333333,0.259
47,"oracle","K",1.00191232948454,1001.13582443913,0.216083333333333,0.259
47,"oracle","alpha",1.00192147002865,821.472599405652,0.216083333333333,0.259
47,"oracle","c",1.0032937196237,1310.63752521328,0.216083333333333,0.259
47,"oracle","p",1.00292552943289,858.782384731595,0.216083333333333,0.259
47,"complete","mu",1.00422701146664,1183.16752977262,0.2315,0.260666666666667
47,"complete","K",1.00222968529747,947.844684666221,0.2315,0.260666666666667
47,"complete","alpha",1.00202182047505,1062.33772075639,0.2315,0.260666666666667
47,"complete","c",1.00186002138926,1286.40035845944,0.2315,0.260666666666667
47,"complete","p",1.00083469245444,1091.15857554841,0.2315,0.260666666666667
48,"oracle","mu",1.00642811111947,886.975779002921,0.231083333333333,0.253166666666667
48,"oracle","K",1.00741973863193,1037.4426393026,0.231083333333333,0.253166666666667
48,"oracle","alpha",1.00524261418394,867.998074286738,0.231083333333333,0.253166666666667
48,"oracle","c",1.00625953116183,1404.3523262271,0.231083333333333,0.253166666666667
48,"oracle","p",1.00653909847837,821.888625716347,0.231083333333333,0.253166666666667
48,"complete","mu",1.0032631065153,990.707011601318,0.23025,0.24625
48,"complete","K",1.00486718994298,999.927287941694,0.23025,0.24625
48,"complete","alpha",1.00255914002142,1118.3842082599,0.23025,0.24625
48,"complete","c",1.00516243342812,1552.4063116898,0.23025,0.24625
48,"complete","p",1.00556614969352,1089.69862049824,0.23025,0.24625
49,"oracle","mu",1.00146335010131,650.767093652839,0.213916666666667,0.25975
49,"oracle","K",1.00397513038978,785.728169840048,0.213916666666667,0.25975
49,"oracle","alpha",1.0024371945211,1051.73379659337,0.213916666666667,0.25975
49,"oracle","c",1.00233179143259,1498.40366706146,0.213916666666667,0.25975
49,"oracle","p",1.00374641369501,664.740247441405,0.213916666666667,0.25975
49,"complete","mu",1.00315846081461,817.779681343463,0.20225,0.237333333333333
49,"complete","K",1.00208972312604,722.812152348886,0.20225,0.237333333333333
49,"complete","alpha",1.00120960085484,1158.72466701242,0.20225,0.237333333333333
49,"complete","c",1.00136303204919,1530.84645463665,0.20225,0.237333333333333
49,"complete","p",1.00246463703481,895.441164892046,0.20225,0.237333333333333
50,"oracle","mu",1.00156323922138,776.665631409143,0.22275,0.255333333333333
50,"oracle","K",1.00608914535581,567.84914176716,0.22275,0.255333333333333
50,"oracle","alpha",1.00344535799984,1159.52985644255,0.22275,0.255333333333333
50,"oracle","c",1.0015838438736,983.778938045014,0.22275,0.255333333333333
50,"oracle","p",1.00471423067274,439.062807175121,0.22275,0.255333333333333
50,"complete","mu",1.00131528671588,787.795691299504,0.2315,0.252416666666667
50,"complete","K",1.00109684824562,545.605612580888,0.2315,0.252416666666667
50,"complete","alpha",1.0015606410834,1412.15728898357,0.2315,0.252416666666667
50,"complete","c",1.00080674216834,1191.00940185065,0.2315,0.252416666666667
50,"complete","p",1.00163637231186,718.552690339649,0.2315,0.252416666666667
51,"oracle","mu",1.00458920791949,652.902287367608,0.224583333333333,0.264916666666667
51,"oracle","K",1.00532765569342,790.45569760785,0.224583333333333,0.264916666666667
51,"oracle","alpha",1.00512899920088,688.228937822578,0.224583333333333,0.264916666666667
51,"oracle","c",1.00009909282856,1793.22547751117,0.224583333333333,0.264916666666667
51,"oracle","p",1.0006303136577,1162.52775845204,0.224583333333333,0.264916666666667
51,"complete","mu",1.00389608481541,680.642585120086,0.1965,0.236416666666667
51,"complete","K",1.00451019931131,851.287392278881,0.1965,0.236416666666667
51,"complete","alpha",1.00700008453463,852.953697121968,0.1965,0.236416666666667
51,"complete","c",1.00183626884635,1524.51231619195,0.1965,0.236416666666667
51,"complete","p",1.00304056225671,1214.4977259452,0.1965,0.236416666666667
52,"oracle","mu",1.00588526593306,1275.50923396289,0.217666666666667,0.254083333333333
52,"oracle","K",1.01374950481473,1117.12130865026,0.217666666666667,0.254083333333333
52,"oracle","alpha",1.00984494903598,1086.28270121012,0.217666666666667,0.254083333333333
52,"oracle","c",1.00351738413226,1656.81340389846,0.217666666666667,0.254083333333333
52,"oracle","p",1.00693452809329,1026.83062736369,0.217666666666667,0.254083333333333
52,"complete","mu",1.00179675450635,1306.24709253184,0.234666666666667,0.257416666666667
52,"complete","K",1.00242844152919,793.131644126922,0.234666666666667,0.257416666666667
52,"complete","alpha",1.00230975462836,982.106726698124,0.234666666666667,0.257416666666667
52,"complete","c",1.0037966370584,1423.24578220588,0.234666666666667,0.257416666666667
52,"complete","p",1.00216515920725,990.608941475627,0.234666666666667,0.257416666666667
53,"oracle","mu",1.00055169973104,1329.80273041472,0.2325,0.254916666666667
53,"oracle","K",1.00301260066409,1008.61333043946,0.2325,0.254916666666667
53,"oracle","alpha",1.00510675327395,753.928281625449,0.2325,0.254916666666667
53,"oracle","c",1.00159673578103,1538.36814793512,0.2325,0.254916666666667
53,"oracle","p",1.00386731935732,874.20907832737,0.2325,0.254916666666667
53,"complete","mu",1.00183905624601,1081.85211644651,0.22925,0.266
53,"complete","K",1.00171397364248,917.630859445869,0.22925,0.266
53,"complete","alpha",1.0049959317704,1028.66488578542,0.22925,0.266
53,"complete","c",1.00161589923852,1407.69336516184,0.22925,0.266
53,"complete","p",1.00124563099213,998.477014843724,0.22925,0.266
54,"oracle","mu",1.00561630984478,1142.24383768811,0.227666666666667,0.244166666666667
54,"oracle","K",1.003500979981,1100.79261222834,0.227666666666667,0.244166666666667
54,"oracle","alpha",1.00256701670859,941.85927931594,0.227666666666667,0.244166666666667
54,"oracle","c",1.00130725946724,1768.07686545192,0.227666666666667,0.244166666666667
54,"oracle","p",1.00174812249805,1083.65271425765,0.227666666666667,0.244166666666667
54,"complete","mu",1.00445150755806,1159.18581950437,0.224833333333333,0.256083333333333
54,"complete","K",1.00807840945093,1095.46373865683,0.224833333333333,0.256083333333333
54,"complete","alpha",1.00527921000503,1126.98646088523,0.224833333333333,0.256083333333333
54,"complete","c",1.00195236497949,1660.22145662081,0.224833333333333,0.256083333333333
54,"complete","p",1.0039191469563,1492.12431973973,0.224833333333333,0.256083333333333
55,"oracle","mu",1.0043141478308,1148.41957498493,0.226416666666667,0.272833333333333
55,"oracle","K",1.00677400471948,856.271564306826,0.226416666666667,0.272833333333333
55,"oracle","alpha",1.00303387299723,1001.17362708135,0.226416666666667,0.272833333333333
55,"oracle","c",1.00090083180448,1639.03601227715,0.226416666666667,0.272833333333333
55,"oracle","p",1.00473196890591,893.129433137372,0.226416666666667,0.272833333333333
55,"complete","mu",1.0041809650867,978.427635958521,0.2155,0.258916666666667
55,"complete","K",1.00913058279605,626.083796991247,0.2155,0.258916666666667
55,"complete","alpha",1.00501224578187,912.685977222328,0.2155,0.258916666666667
55,"complete","c",1.00333200361355,1198.68879718224,0.2155,0.258916666666667
55,"complete","p",1.00656085786626,901.637366395503,0.2155,0.258916666666667
56,"oracle","mu",1.00514272681741,1219.61368831196,0.220666666666667,0.27375
56,"oracle","K",1.00389450860127,1052.46955609561,0.220666666666667,0.27375
56,"oracle","alpha",1.00351591693403,947.748923944313,0.220666666666667,0.27375
56,"oracle","c",1.000720491113,1505.76616124623,0.220666666666667,0.27375
56,"oracle","p",1.00234766677999,957.371311382029,0.220666666666667,0.27375
56,"complete","mu",1.00294513984189,1361.31819144719,0.214166666666667,0.2685
56,"complete","K",1.00510087636904,1099.48202900341,0.214166666666667,0.2685
56,"complete","alpha",1.00578792399629,1203.71061358919,0.214166666666667,0.2685
56,"complete","c",1.00166340120539,1485.86329479895,0.214166666666667,0.2685
56,"complete","p",1.00183745553646,1149.51454620345,0.214166666666667,0.2685
57,"oracle","mu",1.00275720109854,792.61536095174,0.219666666666667,0.232833333333333
57,"oracle","K",1.0020801918097,905.555639862533,0.219666666666667,0.232833333333333
57,"oracle","alpha",1.00568800161682,988.063962493501,0.219666666666667,0.232833333333333
57,"oracle","c",1.00437409037458,1593.49048950524,0.219666666666667,0.232833333333333
57,"oracle","p",1.00463346617379,903.273871687127,0.219666666666667,0.232833333333333
57,"complete","mu",1.00338515593957,737.005534457383,0.228166666666667,0.264083333333333
57,"complete","K",1.00168876711713,730.632621107244,0.228166666666667,0.264083333333333
57,"complete","alpha",1.00063062850912,851.411053751761,0.228166666666667,0.264083333333333
57,"complete","c",1.00179874247256,1337.93016134063,0.228166666666667,0.264083333333333
57,"complete","p",1.00125612331889,852.481787724117,0.228166666666667,0.264083333333333
58,"oracle","mu",1.00259096643475,895.086019156491,0.219583333333333,0.25625
58,"oracle","K",1.00083860273509,1207.00801042719,0.219583333333333,0.25625
58,"oracle","alpha",1.00059317566823,1071.1785468529,0.219583333333333,0.25625
58,"oracle","c",1.00107772700078,1604.7478677636,0.219583333333333,0.25625
58,"oracle","p",1.00210622011549,1017.54846627911,0.219583333333333,0.25625
58,"complete","mu",1.0028428527669,774.787073136952,0.1955,0.228666666666667
58,"complete","K",1.00814572600712,923.695489355874,0.1955,0.228666666666667
58,"complete","alpha",1.00246666151014,1117.42097591699,0.1955,0.228666666666667
58,"complete","c",1.00322119056073,1565.27225033354,0.1955,0.228666666666667
58,"complete","p",1.00303928282726,1172.05405001939,0.1955,0.228666666666667
59,"oracle","mu",1.002890574034,1149.77721946176,0.245333333333333,0.27025
59,"oracle","K",1.00076866190098,1000.52422975285,0.245333333333333,0.27025
59,"oracle","alpha",1.00033767303406,1154.81965614198,0.245333333333333,0.27025
59,"oracle","c",1.00602582984412,1398.4240402422,0.245333333333333,0.27025
59,"oracle","p",1.00315406584297,929.49532004896,0.245333333333333,0.27025
59,"complete","mu",1.00764970086279,1012.74134691459,0.225,0.244
59,"complete","K",1.00446981365736,777.601770307232,0.225,0.244
59,"complete","alpha",1.00185182124505,929.925116979411,0.225,0.244
59,"complete","c",1.00213170679249,1258.00867522537,0.225,0.244
59,"complete","p",1.00642556286568,986.57228970912,0.225,0.244
60,"oracle","mu",1.00350416583665,1136.36764458689,0.222583333333333,0.259583333333333
60,"oracle","K",1.00477315135248,1056.14469836284,0.222583333333333,0.259583333333333
60,"oracle","alpha",1.00328064807315,992.245262953564,0.222583333333333,0.259583333333333
60,"oracle","c",1.0017345467993,1413.5513813168,0.222583333333333,0.259583333333333
60,"oracle","p",1.00245158487978,1033.85391621273,0.222583333333333,0.259583333333333
60,"complete","mu",0.999854961375554,1125.98397035007,0.219833333333333,0.25175
60,"complete","K",1.00026709236168,963.1582564145,0.219833333333333,0.25175
60,"complete","alpha",1.00125369210345,1174.50873369423,0.219833333333333,0.25175
60,"complete","c",1.00111311624476,1410.7718772859,0.219833333333333,0.25175
60,"complete","p",1.00096042180078,1133.2553518441,0.219833333333333,0.25175
61,"oracle","mu",1.00612407545665,802.295639829715,0.233916666666667,0.250583333333333
61,"oracle","K",1.0175447781713,720.689166897593,0.233916666666667,0.250583333333333
61,"oracle","alpha",1.00155656760908,921.890449976437,0.233916666666667,0.250583333333333
61,"oracle","c",1.00173942016888,1281.56990833459,0.233916666666667,0.250583333333333
61,"oracle","p",1.00668232359153,742.629101917691,0.233916666666667,0.250583333333333
61,"complete","mu",1.00135185562409,978.346135829998,0.227416666666667,0.287666666666667
61,"complete","K",1.00543585366176,816.136992802958,0.227416666666667,0.287666666666667
61,"complete","alpha",1.00337869784943,1217.04780723371,0.227416666666667,0.287666666666667
61,"complete","c",1.00317576078631,1357.50420705734,0.227416666666667,0.287666666666667
61,"complete","p",1.00118769230742,940.870631662715,0.227416666666667,0.287666666666667
62,"oracle","mu",1.00524252984292,1113.2243083008,0.218166666666667,0.245916666666667
62,"oracle","K",1.00369170269492,917.640384654875,0.218166666666667,0.245916666666667
62,"oracle","alpha",1.00274286515027,942.379603865332,0.218166666666667,0.245916666666667
62,"oracle","c",1.0008726398434,1409.75981515832,0.218166666666667,0.245916666666667
62,"oracle","p",1.00485662726563,856.892992952046,0.218166666666667,0.245916666666667
62,"complete","mu",1.00565104405081,1016.63852338109,0.207,0.240583333333333
62,"complete","K",1.00387598157834,754.251323218421,0.207,0.240583333333333
62,"complete","alpha",1.0007352519594,956.243512221497,0.207,0.240583333333333
62,"complete","c",1.00138861452772,1434.66423728127,0.207,0.240583333333333
62,"complete","p",1.00871412816666,1044.914268966,0.207,0.240583333333333
63,"oracle","mu",1.00558380809896,703.433191663803,0.232333333333333,0.252
63,"oracle","K",1.00835463394511,649.150229807657,0.232333333333333,0.252
63,"oracle","alpha",1.00177449320286,944.556814925839,0.232333333333333,0.252
63,"oracle","c",1.00102817420271,1124.38708225379,0.232333333333333,0.252
63,"oracle","p",1.00465635699548,571.116553223535,0.232333333333333,0.252
63,"complete","mu",1.00925340044169,816.682844250515,0.233,0.258916666666667
63,"complete","K",1.01467280244091,594.923036734768,0.233,0.258916666666667
63,"complete","alpha",1.00169942215022,1265.43574761518,0.233,0.258916666666667
63,"complete","c",1.00449663323283,1223.26048358666,0.233,0.258916666666667
63,"complete","p",1.01055212415249,740.146079631361,0.233,0.258916666666667
64,"oracle","mu",1.00162045979553,1109.95681851434,0.205666666666667,0.251166666666667
64,"oracle","K",1.0019394562894,1234.4415288931,0.205666666666667,0.251166666666667
64,"oracle","alpha",1.00168180126964,1052.83225473843,0.205666666666667,0.251166666666667
64,"oracle","c",1.0021023246154,1511.61446296826,0.205666666666667,0.251166666666667
64,"oracle","p",1.00135341021121,1007.52598130281,0.205666666666667,0.251166666666667
64,"complete","mu",1.00157129022877,971.850001008202,0.234333333333333,0.248333333333333
64,"complete","K",1.00095870109664,964.856766065498,0.234333333333333,0.248333333333333
64,"complete","alpha",1.00239051352967,1231.89236731532,0.234333333333333,0.248333333333333
64,"complete","c",1.00182744977038,1322.21228128121,0.234333333333333,0.248333333333333
64,"complete","p",1.00123617711851,970.869111560222,0.234333333333333,0.248333333333333
65,"oracle","mu",1.00224133466745,1221.02804093929,0.235666666666667,0.256833333333333
65,"oracle","K",1.00381746425992,1084.8273182312,0.235666666666667,0.256833333333333
65,"oracle","alpha",1.00304913011902,965.693968097656,0.235666666666667,0.256833333333333
65,"oracle","c",1.00237690484077,1266.44459122935,0.235666666666667,0.256833333333333
65,"oracle","p",1.00210563990199,785.993772726831,0.235666666666667,0.256833333333333
65,"complete","mu",1.00432970160771,1360.81952993338,0.217083333333333,0.2285
65,"complete","K",1.00374536219093,927.134685228631,0.217083333333333,0.2285
65,"complete","alpha",1.00377106404096,917.112431868068,0.217083333333333,0.2285
65,"complete","c",1.00068860413796,1180.69866583676,0.217083333333333,0.2285
65,"complete","p",1.0027323202229,894.48287841947,0.217083333333333,0.2285
66,"oracle","mu",1.00233163622677,1107.15427930494,0.204166666666667,0.26275
66,"oracle","K",1.00066860792371,927.353997853607,0.204166666666667,0.26275
66,"oracle","alpha",1.00040859664004,967.97652939611,0.204166666666667,0.26275
66,"oracle","c",1.00435031883711,1586.27745158647,0.204166666666667,0.26275
66,"oracle","p",1.00590023827236,950.347076351639,0.204166666666667,0.26275
66,"complete","mu",1.00209544602744,1152.27824302481,0.218,0.266916666666667
66,"complete","K",1.00051231900472,777.97451629189,0.218,0.266916666666667
66,"complete","alpha",1.00122545259066,935.908506949509,0.218,0.266916666666667
66,"complete","c",1.001440557934,1316.02079404542,0.218,0.266916666666667
66,"complete","p",1.0007246963967,996.203930283534,0.218,0.266916666666667
67,"oracle","mu",1.00514622260238,826.937274850239,0.237666666666667,0.249166666666667
67,"oracle","K",1.00114422675335,941.932980598474,0.237666666666667,0.249166666666667
67,"oracle","alpha",1.00229394850658,838.404257006058,0.237666666666667,0.249166666666667
67,"oracle","c",1.0049920635776,1607.62354602024,0.237666666666667,0.249166666666667
67,"oracle","p",1.00600703456211,914.279845636229,0.237666666666667,0.249166666666667
67,"complete","mu",1.00246269785434,923.193043647786,0.218833333333333,0.259666666666667
67,"complete","K",1.00473246679579,858.418286991873,0.218833333333333,0.259666666666667
67,"complete","alpha",1.00505192273662,1029.02118324242,0.218833333333333,0.259666666666667
67,"complete","c",1.00030170086161,1499.26771231264,0.218833333333333,0.259666666666667
67,"complete","p",1.00064984746575,1186.22357722209,0.218833333333333,0.259666666666667
68,"oracle","mu",1.00182485839521,670.481802038493,0.213583333333333,0.25425
68,"oracle","K",1.00093971409135,965.527747268699,0.213583333333333,0.25425
68,"oracle","alpha",1.00340192074189,827.647769754779,0.213583333333333,0.25425
68,"oracle","c",1.00452712093779,1356.64677705337,0.213583333333333,0.25425
68,"oracle","p",1.0075112659887,694.690713365154,0.213583333333333,0.25425
68,"complete","mu",1.00207937453411,710.471637304721,0.215666666666667,0.2605
68,"complete","K",1.00208993953557,943.387195836172,0.215666666666667,0.2605
68,"complete","alpha",1.00146325372719,1268.06271693887,0.215666666666667,0.2605
68,"complete","c",1.00086136393777,1139.65762079434,0.215666666666667,0.2605
68,"complete","p",1.00077135795961,797.760278941009,0.215666666666667,0.2605
69,"oracle","mu",1.00040179020587,1064.66283361786,0.222,0.26025
69,"oracle","K",1.00315376748955,758.776721639107,0.222,0.26025
69,"oracle","alpha",1.00190652643389,998.417977615082,0.222,0.26025
69,"oracle","c",1.00266615090802,1167.03641498633,0.222,0.26025
69,"oracle","p",1.00317102523145,707.437988543876,0.222,0.26025
69,"complete","mu",1.0005363337663,1185.9428191793,0.228,0.262666666666667
69,"complete","K",1.00673544151771,821.00199260244,0.228,0.262666666666667
69,"complete","alpha",1.00541556401489,1224.22204937871,0.228,0.262666666666667
69,"complete","c",1.00070471418256,1194.60660772614,0.228,0.262666666666667
69,"complete","p",1.00051519101902,896.877662048165,0.228,0.262666666666667
70,"oracle","mu",1.00420660350334,845.64067650804,0.21775,0.24525
70,"oracle","K",1.0074260476614,910.00999836557,0.21775,0.24525
70,"oracle","alpha",1.00465216608061,1112.06532310006,0.21775,0.24525
70,"oracle","c",1.00109199474433,1104.36448628623,0.21775,0.24525
70,"oracle","p",1.00258514570501,766.354290663904,0.21775,0.24525
70,"complete","mu",1.00067118294904,769.173663004037,0.232083333333333,0.253083333333333
70,"complete","K",1.00550364665227,785.547341112085,0.232083333333333,0.253083333333333
70,"complete","alpha",1.00444816050395,1391.28251237043,0.232083333333333,0.253083333333333
70,"complete","c",1.00098728301348,1372.63497859607,0.232083333333333,0.253083333333333
70,"complete","p",1.00126289308292,801.044513679497,0.232083333333333,0.253083333333333
71,"oracle","mu",1.00337157258441,940.160505024227,0.233083333333333,0.2555
71,"oracle","K",1.00086943370421,946.797910512254,0.233083333333333,0.2555
71,"oracle","alpha",1.00764297727012,873.597155004406,0.233083333333333,0.2555
71,"oracle","c",1.00419621480888,1353.88595015082,0.233083333333333,0.2555
71,"oracle","p",1.00486920784728,885.941003181437,0.233083333333333,0.2555
71,"complete","mu",1.00315962520727,984.283734530325,0.237916666666667,0.267916666666667
71,"complete","K",1.00220899012321,1026.6570706033,0.237916666666667,0.267916666666667
71,"complete","alpha",1.00271140684772,1050.2077085022,0.237916666666667,0.267916666666667
71,"complete","c",1.00057981905867,1328.98898289358,0.237916666666667,0.267916666666667
71,"complete","p",1.00126914125779,1125.2183310679,0.237916666666667,0.267916666666667
72,"oracle","mu",1.00038559351286,1284.38478982032,0.2205,0.256416666666667
72,"oracle","K",1.00236355590061,849.731432936409,0.2205,0.256416666666667
72,"oracle","alpha",1.00181672896022,896.044716810083,0.2205,0.256416666666667
72,"oracle","c",1.00333765345803,1606.046170746,0.2205,0.256416666666667
72,"oracle","p",1.00373305248143,925.817687564908,0.2205,0.256416666666667
72,"complete","mu",1.00837786895233,1058.06874544117,0.214416666666667,0.244
72,"complete","K",1.00720384095778,764.871895390015,0.214416666666667,0.244
72,"complete","alpha",1.00361103507776,855.143526074414,0.214416666666667,0.244
72,"complete","c",1.00310968953136,1230.33046688872,0.214416666666667,0.244
72,"complete","p",1.00578188443135,972.072597718513,0.214416666666667,0.244
73,"oracle","mu",1.00392283801183,1035.59375084063,0.2185,0.241833333333333
73,"oracle","K",1.00217772926102,1200.58663103211,0.2185,0.241833333333333
73,"oracle","alpha",1.00217336898118,1000.37445654084,0.2185,0.241833333333333
73,"oracle","c",1.0014723037918,1434.44331185004,0.2185,0.241833333333333
73,"oracle","p",1.00346200302947,1069.71836756376,0.2185,0.241833333333333
73,"complete","mu",1.00077036299341,972.671823322118,0.222916666666667,0.255916666666667
73,"complete","K",1.00061018822514,1050.49912617947,0.222916666666667,0.255916666666667
73,"complete","alpha",1.00259628986952,1185.81008046243,0.222916666666667,0.255916666666667
73,"complete","c",1.00225139331191,1369.02885280105,0.222916666666667,0.255916666666667
73,"complete","p",1.00397083794876,1076.82739275676,0.222916666666667,0.255916666666667
74,"oracle","mu",1.00076429763353,1085.62176823846,0.20325,0.246666666666667
74,"oracle","K",1.00546819449137,892.714403687683,0.20325,0.246666666666667
74,"oracle","alpha",1.0081157624568,856.219799179844,0.20325,0.246666666666667
74,"oracle","c",1.00403972555351,1677.90721367643,0.20325,0.246666666666667
74,"oracle","p",1.00188592147958,994.012491886199,0.20325,0.246666666666667
74,"complete","mu",1.00251870608163,1145.81661112312,0.223166666666667,0.246666666666667
74,"complete","K",1.00241447358408,1067.00176101162,0.223166666666667,0.246666666666667
74,"complete","alpha",1.00319987138021,1298.50157550932,0.223166666666667,0.246666666666667
74,"complete","c",1.00057782823198,1698.92214570692,0.223166666666667,0.246666666666667
74,"complete","p",1.00289193381664,1092.65560453725,0.223166666666667,0.246666666666667
75,"oracle","mu",1.0017313558886,977.114631490775,0.207166666666667,0.2425
75,"oracle","K",1.00267937715735,1010.53497755597,0.207166666666667,0.2425
75,"oracle","alpha",1.00366599965121,957.888420718544,0.207166666666667,0.2425
75,"oracle","c",1.00045630865321,1676.77923990804,0.207166666666667,0.2425
75,"oracle","p",1.00388664800473,897.572323034405,0.207166666666667,0.2425
75,"complete","mu",1.00042241371386,1115.17865613008,0.213333333333333,0.24425
75,"complete","K",1.00243387225603,957.065735659083,0.213333333333333,0.24425
75,"complete","alpha",1.00041172252969,1090.60766845644,0.213333333333333,0.24425
75,"complete","c",1.00135006646618,1594.04284079797,0.213333333333333,0.24425
75,"complete","p",1.00265330943314,1127.98112168477,0.213333333333333,0.24425
76,"oracle","mu",1.00276295857239,655.231660504331,0.218083333333333,0.23675
76,"oracle","K",1.00321245045714,961.620140016951,0.218083333333333,0.23675
76,"oracle","alpha",1.00883257509356,1005.3728461948,0.218083333333333,0.23675
76,"oracle","c",1.00054083583717,1212.42029562861,0.218083333333333,0.23675
76,"oracle","p",1.00366213167175,685.22505910313,0.218083333333333,0.23675
76,"complete","mu",1.00543291164923,696.533956209972,0.2125,0.259833333333333
76,"complete","K",1.00197718842451,797.192231535174,0.2125,0.259833333333333
76,"complete","alpha",1.00329131465753,830.959864382554,0.2125,0.259833333333333
76,"complete","c",1.00152258742627,1539.82573365458,0.2125,0.259833333333333
76,"complete","p",1.00182487245453,1011.2112891053,0.2125,0.259833333333333
77,"oracle","mu",1.00084059343834,1150.75976745264,0.226916666666667,0.250833333333333
77,"oracle","K",1.00254945523312,996.264205651546,0.226916666666667,0.250833333333333
77,"oracle","alpha",1.00268372919165,878.317282572812,0.226916666666667,0.250833333333333
77,"oracle","c",1.00268022098068,1760.61639584938,0.226916666666667,0.250833333333333
77,"oracle","p",1.0021594690234,1036.23276055604,0.226916666666667,0.250833333333333
77,"complete","mu",1.00197453706917,1086.57008948865,0.20925,0.236083333333333
77,"complete","K",1.00337585195556,977.725294680303,0.20925,0.236083333333333
77,"complete","alpha",1.00453468204501,1135.44147234778,0.20925,0.236083333333333
77,"complete","c",1.00071915615863,1642.9601908731,0.20925,0.236083333333333
77,"complete","p",1.00006869559854,1135.462240339,0.20925,0.236083333333333
78,"oracle","mu",1.00352792750338,1139.89626126599,0.221416666666667,0.271916666666667
78,"oracle","K",1.00199703003284,981.975205367326,0.221416666666667,0.271916666666667
78,"oracle","alpha",1.00763548710078,857.70385286454,0.221416666666667,0.271916666666667
78,"oracle","c",1.00296516565827,1444.30237839466,0.221416666666667,0.271916666666667
78,"oracle","p",1.00493677754345,879.367969453446,0.221416666666667,0.271916666666667
78,"complete","mu",1.00200676935348,1168.29891162967,0.216666666666667,0.238
78,"complete","K",1.00181818720013,929.815638531736,0.216666666666667,0.238
78,"complete","alpha",1.00080200302749,1296.24368951411,0.216666666666667,0.238
78,"complete","c",1.00420831210954,1374.57722000498,0.216666666666667,0.238
78,"complete","p",1.00120674943987,995.216564707763,0.216666666666667,0.238
79,"oracle","mu",1.00487291570738,906.01129563635,0.20275,0.255833333333333
79,"oracle","K",1.0105173077825,733.220405975508,0.20275,0.255833333333333
79,"oracle","alpha",1.00219142912234,951.572068077146,0.20275,0.255833333333333
79,"oracle","c",1.0037377237485,1352.79217363967,0.20275,0.255833333333333
79,"oracle","p",1.00680622058714,738.749421350669,0.20275,0.255833333333333
79,"complete","mu",1.00214716639171,1044.06489168219,0.221666666666667,0.241166666666667
79,"complete","K",1.00538686768926,765.139273709611,0.221666666666667,0.241166666666667
79,"complete","alpha",1.00370645593603,1016.80222206982,0.221666666666667,0.241166666666667
79,"complete","c",1.00268039620925,1406.7045308411,0.221666666666667,0.241166666666667
79,"complete","p",1.00227865760602,1003.22849849103,0.221666666666667,0.241166666666667
80,"oracle","mu",1.00269392665326,1169.83239813213,0.2295,0.267083333333333
80,"oracle","K",1.00098695522879,1151.33434200858,0.2295,0.267083333333333
80,"oracle","alpha",1.0012777781541,868.527316320764,0.2295,0.267083333333333
80,"oracle","c",1.00138935852089,952.742788259278,0.2295,0.267083333333333
80,"oracle","p",1.00322826234885,668.347916736293,0.2295,0.267083333333333
80,"complete","mu",1.0016403130642,1146.46971057414,0.197583333333333,0.229666666666667
80,"complete","K",1.00101508096069,1139.90680363122,0.197583333333333,0.229666666666667
80,"complete","alpha",1.00238202842831,1338.72939605573,0.197583333333333,0.229666666666667
80,"complete","c",1.000460638337,1134.92174804582,0.197583333333333,0.229666666666667
80,"complete","p",1.00311660016041,893.985325181212,0.197583333333333,0.229666666666667
81,"oracle","mu",1.00185067526309,1045.48700877938,0.2085,0.261666666666667
81,"oracle","K",1.00277146007081,888.688287684759,0.2085,0.261666666666667
81,"oracle","alpha",1.00139642652303,1002.45973007781,0.2085,0.261666666666667
81,"oracle","c",1.00392178141141,1653.82395609671,0.2085,0.261666666666667
81,"oracle","p",1.00536731841112,790.863013481443,0.2085,0.261666666666667
81,"complete","mu",1.00259968524114,961.961900254455,0.225833333333333,0.26
81,"complete","K",1.0023366492387,875.041238349316,0.225833333333333,0.26
81,"complete","alpha",1.00316168083894,1232.24142075006,0.225833333333333,0.26
81,"complete","c",1.00296679431219,1459.20873713476,0.225833333333333,0.26
81,"complete","p",1.00420696660176,1009.97499748808,0.225833333333333,0.26
82,"oracle","mu",1.00077075821673,944.290965307819,0.236,0.259666666666667
82,"oracle","K",1.00255236119321,948.540069162174,0.236,0.259666666666667
82,"oracle","alpha",1.00382174845078,763.927629739035,0.236,0.259666666666667
82,"oracle","c",1.00252174570693,1570.01085143356,0.236,0.259666666666667
82,"oracle","p",1.0044515886397,913.050303568255,0.236,0.259666666666667
82,"complete","mu",1.00323229707295,1126.11180992867,0.2065,0.255083333333333
82,"complete","K",1.00262095991363,1051.78125729734,0.2065,0.255083333333333
82,"complete","alpha",1.00067841962387,1439.23808660687,0.2065,0.255083333333333
82,"complete","c",1.00087164288712,1682.36831307586,0.2065,0.255083333333333
82,"complete","p",1.00338316676804,1192.36369876197,0.2065,0.255083333333333
83,"oracle","mu",1.00564129705232,1046.08916066952,0.234166666666667,0.267416666666667
83,"oracle","K",1.00238959785787,1047.71423534118,0.234166666666667,0.267416666666667
83,"oracle","alpha",1.00184002423984,936.460343506607,0.234166666666667,0.267416666666667
83,"oracle","c",1.00390689447803,1433.50902549605,0.234166666666667,0.267416666666667
83,"oracle","p",1.00680409984426,899.154870216818,0.234166666666667,0.267416666666667
83,"complete","mu",1.00191167411937,1064.53554905241,0.227333333333333,0.248083333333333
83,"complete","K",1.00131103323703,955.699408451774,0.227333333333333,0.248083333333333
83,"complete","alpha",1.00199350117865,1163.5620542759,0.227333333333333,0.248083333333333
83,"complete","c",1.00004847038286,1381.49900976068,0.227333333333333,0.248083333333333
83,"complete","p",1.0006317456306,955.646095702693,0.227333333333333,0.248083333333333
84,"oracle","mu",1.00438173344225,1592.92838103318,0.203,0.247916666666667
84,"oracle","K",1.00229212826017,957.424913344167,0.203,0.247916666666667
84,"oracle","alpha",1.00331091329256,882.209822134745,0.203,0.247916666666667
84,"oracle","c",1.00251624979709,1669.29475317355,0.203,0.247916666666667
84,"oracle","p",1.00346624930011,1197.5281404825,0.203,0.247916666666667
84,"complete","mu",1.00236944592994,1553.60259954236,0.22925,0.27325
84,"complete","K",1.00574264881772,616.353544051132,0.22925,0.27325
84,"complete","alpha",1.00847266405939,701.903279105797,0.22925,0.27325
84,"complete","c",1.00607767394744,1387.45930720114,0.22925,0.27325
84,"complete","p",1.00430911542691,1202.7815557727,0.22925,0.27325
85,"oracle","mu",1.00169449049194,1117.7266078205,0.232916666666667,0.2545
85,"oracle","K",1.00045995172383,991.420331358653,0.232916666666667,0.2545
85,"oracle","alpha",1.00133386762322,936.865545282817,0.232916666666667,0.2545
85,"oracle","c",1.0020642202302,1585.84040488403,0.232916666666667,0.2545
85,"oracle","p",1.00204199899959,1001.87402102381,0.232916666666667,0.2545
85,"complete","mu",1.00193030454527,1059.94661792201,0.211083333333333,0.238583333333333
85,"complete","K",1.00486285533159,1017.19259405651,0.211083333333333,0.238583333333333
85,"complete","alpha",1.00676300206969,1175.62727755328,0.211083333333333,0.238583333333333
85,"complete","c",1.00080863618895,1614.36293270233,0.211083333333333,0.238583333333333
85,"complete","p",1.00033294248517,1136.25706581071,0.211083333333333,0.238583333333333
86,"oracle","mu",1.00221324270472,1307.26782491739,0.218416666666667,0.261666666666667
86,"oracle","K",1.00107381205105,1001.64809302372,0.218416666666667,0.261666666666667
86,"oracle","alpha",1.00053533949963,1126.32559406459,0.218416666666667,0.261666666666667
86,"oracle","c",1.00592877723881,1275.12338062907,0.218416666666667,0.261666666666667
86,"oracle","p",1.00270957409459,816.437606493677,0.218416666666667,0.261666666666667
86,"complete","mu",1.00152136088141,1227.37443994022,0.221583333333333,0.245583333333333
86,"complete","K",1.003383325254,953.73451476844,0.221583333333333,0.245583333333333
86,"complete","alpha",1.00262360337714,1315.91896270049,0.221583333333333,0.245583333333333
86,"complete","c",1.0023901874927,1306.08782949352,0.221583333333333,0.245583333333333
86,"complete","p",1.00390613663887,1027.4720946427,0.221583333333333,0.245583333333333
87,"oracle","mu",1.0038825265133,946.807603328623,0.216166666666667,0.24525
87,"oracle","K",1.00343495611635,904.033657173932,0.216166666666667,0.24525
87,"oracle","alpha",1.00156103297004,1101.23049304944,0.216166666666667,0.24525
87,"oracle","c",1.00306479690399,1230.34506980728,0.216166666666667,0.24525
87,"oracle","p",1.0051190743845,702.214361881809,0.216166666666667,0.24525
87,"complete","mu",1.00180790724969,834.551908904304,0.222583333333333,0.242416666666667
87,"complete","K",1.00225759216757,814.721765312742,0.222583333333333,0.242416666666667
87,"complete","alpha",1.00195587772598,1076.31106091241,0.222583333333333,0.242416666666667
87,"complete","c",1.00794783283189,1226.83150786074,0.222583333333333,0.242416666666667
87,"complete","p",1.00289674440512,924.494043274408,0.222583333333333,0.242416666666667
88,"oracle","mu",1.00056716860311,1520.5125453965,0.210666666666667,0.239666666666667
88,"oracle","K",1.00370757828315,1037.03650744371,0.210666666666667,0.239666666666667
88,"oracle","alpha",1.00785466443299,809.118435312899,0.210666666666667,0.239666666666667
88,"oracle","c",1.00605685397537,1599.06208607287,0.210666666666667,0.239666666666667
88,"oracle","p",1.00522342973839,1149.76195049501,0.210666666666667,0.239666666666667
88,"complete","mu",1.00187803497136,1449.17189987961,0.237,0.2575
88,"complete","K",1.00890984723047,1044.029909694,0.237,0.2575
88,"complete","alpha",1.00973279486547,1125.95500812491,0.237,0.2575
88,"complete","c",1.00157788156167,1407.95333486741,0.237,0.2575
88,"complete","p",1.00112378188576,1215.54281412581,0.237,0.2575
89,"oracle","mu",1.00421216600837,967.802192526281,0.204083333333333,0.245166666666667
89,"oracle","K",1.00166531887171,859.002086960906,0.204083333333333,0.245166666666667
89,"oracle","alpha",1.00406987851147,849.10739368101,0.204083333333333,0.245166666666667
89,"oracle","c",1.00472109419818,1523.8240006738,0.204083333333333,0.245166666666667
89,"oracle","p",1.00610125980748,818.081318757362,0.204083333333333,0.245166666666667
89,"complete","mu",1.00199000725182,1282.22871647383,0.234833333333333,0.263
89,"complete","K",1.00448055531478,1001.20877434116,0.234833333333333,0.263
89,"complete","alpha",1.0056547467201,1119.14899750135,0.234833333333333,0.263
89,"complete","c",1.00236811269508,1665.19146070685,0.234833333333333,0.263
89,"complete","p",1.00320195193214,1147.00270428276,0.234833333333333,0.263
90,"oracle","mu",1.00508169483907,706.939175381686,0.2145,0.263416666666667
90,"oracle","K",1.0051148920446,833.168235669812,0.2145,0.263416666666667
90,"oracle","alpha",1.00153503170259,881.105823391287,0.2145,0.263416666666667
90,"oracle","c",1.00213211679087,1221.18572709164,0.2145,0.263416666666667
90,"oracle","p",1.00448242750662,735.244747184146,0.2145,0.263416666666667
90,"complete","mu",1.00792322086684,708.138087231978,0.22325,0.263416666666667
90,"complete","K",1.00684324707237,752.45168114799,0.22325,0.263416666666667
90,"complete","alpha",1.00219856182949,1167.21222212905,0.22325,0.263416666666667
90,"complete","c",1.00348783298672,1517.41667956855,0.22325,0.263416666666667
90,"complete","p",1.00541202706901,1076.4064596736,0.22325,0.263416666666667
91,"oracle","mu",1.00079798514801,1153.20380646156,0.219583333333333,0.26525
91,"oracle","K",1.00334179852292,1021.3364625406,0.219583333333333,0.26525
91,"oracle","alpha",1.00181364646217,1063.1054277153,0.219583333333333,0.26525
91,"oracle","c",1.00291391535937,1446.25208318906,0.219583333333333,0.26525
91,"oracle","p",1.00260688600175,987.701261059558,0.219583333333333,0.26525
91,"complete","mu",1.00106746361452,998.436753227541,0.2115,0.256916666666667
91,"complete","K",1.00044358756227,715.362705984304,0.2115,0.256916666666667
91,"complete","alpha",1.00079349364014,1007.80222290928,0.2115,0.256916666666667
91,"complete","c",1.00082702216209,1387.83518152439,0.2115,0.256916666666667
91,"complete","p",1.00151622194231,941.378569909698,0.2115,0.256916666666667
92,"oracle","mu",1.00365441094138,1022.31583591444,0.230083333333333,0.264416666666667
92,"oracle","K",1.00425179351232,1025.42408455783,0.230083333333333,0.264416666666667
92,"oracle","alpha",1.00771262171817,907.74396950943,0.230083333333333,0.264416666666667
92,"oracle","c",1.00143377423022,1660.89946437613,0.230083333333333,0.264416666666667
92,"oracle","p",1.00407216387835,1034.1691591415,0.230083333333333,0.264416666666667
92,"complete","mu",1.00106218348918,1169.92414108657,0.232,0.25925
92,"complete","K",1.00408973996723,1027.68847162076,0.232,0.25925
92,"complete","alpha",1.00397976228759,1245.8866809437,0.232,0.25925
92,"complete","c",1.00122067539581,1700.74016735791,0.232,0.25925
92,"complete","p",1.00030538145147,1185.05710694539,0.232,0.25925
93,"oracle","mu",1.00455301293618,1113.60294938231,0.219333333333333,0.270333333333333
93,"oracle","K",1.00242526407382,1106.73555003848,0.219333333333333,0.270333333333333
93,"oracle","alpha",1.00388031373392,1034.77161423828,0.219333333333333,0.270333333333333
93,"oracle","c",1.00588103442326,1687.29440069533,0.219333333333333,0.270333333333333
93,"oracle","p",1.00521409328576,1038.18107392279,0.219333333333333,0.270333333333333
93,"complete","mu",1.00307246396288,1137.64983610873,0.227166666666667,0.26
93,"complete","K",1.00341897294839,1021.18960155662,0.227166666666667,0.26
93,"complete","alpha",1.00118847540969,1264.1472605712,0.227166666666667,0.26
93,"complete","c",1.00136245988889,1440.89848216728,0.227166666666667,0.26
93,"complete","p",1.0013243637815,1118.86962200161,0.227166666666667,0.26
94,"oracle","mu",1.00410670558272,932.933993771653,0.201666666666667,0.263833333333333
94,"oracle","K",1.01342385822617,665.562820335653,0.201666666666667,0.263833333333333
94,"oracle","alpha",1.00510223974553,1008.35075403558,0.201666666666667,0.263833333333333
94,"oracle","c",1.00350804179893,1449.30062908247,0.201666666666667,0.263833333333333
94,"oracle","p",1.00626587643556,728.278027195975,0.201666666666667,0.263833333333333
94,"complete","mu",1.01234719280102,1025.36133309907,0.2235,0.258083333333333
94,"complete","K",1.01513529426077,743.84954594649,0.2235,0.258083333333333
94,"complete","alpha",1.00323689278843,1252.1731286453,0.2235,0.258083333333333
94,"complete","c",1.00365779444428,1377.74688916529,0.2235,0.258083333333333
94,"complete","p",1.00937950982327,995.476614136311,0.2235,0.258083333333333
95,"oracle","mu",1.00182629957233,1244.59751651187,0.1925,0.2375
95,"oracle","K",1.00208979275118,1135.308406706,0.1925,0.2375
95,"oracle","alpha",1.00297000418729,870.110455834704,0.1925,0.2375
95,"oracle","c",1.00152169485817,1483.3213766349,0.1925,0.2375
95,"oracle","p",1.00177015766751,963.852216919713,0.1925,0.2375
95,"complete","mu",1.00178736587436,1113.11168698841,0.229666666666667,0.251916666666667
95,"complete","K",1.00079968127316,925.97477900314,0.229666666666667,0.251916666666667
95,"complete","alpha",1.0008432888,1100.6712451065,0.229666666666667,0.251916666666667
95,"complete","c",1.0030829995097,1671.42851937969,0.229666666666667,0.251916666666667
95,"complete","p",1.00063067111513,1294.17757788472,0.229666666666667,0.251916666666667
96,"oracle","mu",1.00196340163845,1242.12464442963,0.24275,0.254
96,"oracle","K",1.00204496439758,945.404984254994,0.24275,0.254
96,"oracle","alpha",1.00139827370266,800.021906910212,0.24275,0.254
96,"oracle","c",1.00309071636757,1509.49629145795,0.24275,0.254
96,"oracle","p",1.00594830854824,1104.35809743992,0.24275,0.254
96,"complete","mu",1.00208943057364,1224.26975709067,0.196666666666667,0.243916666666667
96,"complete","K",1.00309570733889,921.380312432612,0.196666666666667,0.243916666666667
96,"complete","alpha",1.00367562943666,950.810934900247,0.196666666666667,0.243916666666667
96,"complete","c",1.0052385025903,1443.09263504421,0.196666666666667,0.243916666666667
96,"complete","p",1.00335774647278,1251.77325521472,0.196666666666667,0.243916666666667
97,"oracle","mu",1.01236454292185,900.418831497864,0.219,0.24875
97,"oracle","K",1.00676880167933,869.610162043843,0.219,0.24875
97,"oracle","alpha",1.0044418610555,973.237033485053,0.219,0.24875
97,"oracle","c",1.00068281990334,1438.09180327117,0.219,0.24875
97,"oracle","p",1.00576017752782,890.29119055603,0.219,0.24875
97,"complete","mu",1.00092801872394,1113.74924477253,0.21175,0.235666666666667
97,"complete","K",1.00073888409119,873.932719656074,0.21175,0.235666666666667
97,"complete","alpha",1.0021985006455,1248.21334984731,0.21175,0.235666666666667
97,"complete","c",1.00186278447216,1491.95266124678,0.21175,0.235666666666667
97,"complete","p",1.00219886782782,1049.46910267178,0.21175,0.235666666666667
98,"oracle","mu",1.00147352449823,1116.54487217284,0.223666666666667,0.233083333333333
98,"oracle","K",1.00137245106641,886.188457592058,0.223666666666667,0.233083333333333
98,"oracle","alpha",1.0003357306331,945.898089742426,0.223666666666667,0.233083333333333
98,"oracle","c",1.0029222819352,1068.50046250448,0.223666666666667,0.233083333333333
98,"oracle","p",1.00342713462434,752.471604468006,0.223666666666667,0.233083333333333
98,"complete","mu",1.00432740159095,1084.59168694055,0.212333333333333,0.242083333333333
98,"complete","K",1.00172349876781,866.503614315506,0.212333333333333,0.242083333333333
98,"complete","alpha",1.00111749472877,904.327212449099,0.212333333333333,0.242083333333333
98,"complete","c",1.00248993133737,1168.00238878879,0.212333333333333,0.242083333333333
98,"complete","p",1.00717759391376,988.906716776716,0.212333333333333,0.242083333333333
99,"oracle","mu",1.00487568285575,882.756853938994,0.216,0.238666666666667
99,"oracle","K",1.01266092223649,514.297496278169,0.216,0.238666666666667
99,"oracle","alpha",1.00273721022911,1170.97242579033,0.216,0.238666666666667
99,"oracle","c",1.00219249723504,1120.26782581435,0.216,0.238666666666667
99,"oracle","p",1.0072970217366,569.946145634784,0.216,0.238666666666667
99,"complete","mu",1.00535909551153,826.084246752602,0.217166666666667,0.2685
99,"complete","K",1.01182038846116,414.781649716972,0.217166666666667,0.2685
99,"complete","alpha",1.005034392278,1335.47028014355,0.217166666666667,0.2685
99,"complete","c",1.00182162194081,1078.94165818453,0.217166666666667,0.2685
99,"complete","p",1.0065077382219,509.875489729408,0.217166666666667,0.2685
100,"oracle","mu",1.0008311181016,677.689767849364,0.204166666666667,0.254583333333333
100,"oracle","K",1.00164496685127,737.779898846284,0.204166666666667,0.254583333333333
100,"oracle","alpha",1.00164043549159,1005.25643970219,0.204166666666667,0.254583333333333
100,"oracle","c",1.00086494994241,1359.84211507475,0.204166666666667,0.254583333333333
100,"oracle","p",1.00078599580103,710.561666645251,0.204166666666667,0.254583333333333
100,"complete","mu",1.00212962974596,812.736389144897,0.21425,0.243333333333333
100,"complete","K",1.00626502469146,751.378749334363,0.21425,0.243333333333333
100,"complete","alpha",1.00287897913686,1156.28490935958,0.21425,0.243333333333333
100,"complete","c",1.00220120005393,1376.38773415331,0.21425,0.243333333333333
100,"complete","p",1.00259940741385,910.443401214606,0.21425,0.243333333333333
