"sim_id","parameter","true","median.naive","covered.naive","width.naive","median.plugin","covered.plugin","width.plugin","median.oracle","covered.oracle","width.oracle","median.complete","covered.complete","width.complete"
1,"mu",0.1,0.076551608678472,TRUE,0.0519402084899088,0.0952579164287284,TRUE,0.049695412377264,0.0941748735777203,TRUE,0.0490657356873497,0.0916796443104602,TRUE,0.0510072571547093
1,"K",0.21,0.343784104471243,FALSE,0.24210628313312,0.183471373803282,TRUE,0.120751434676244,0.189805866981947,TRUE,0.125182061015834,0.209059656418095,TRUE,0.1207790175814
1,"alpha",0.7,0.592077510819112,FALSE,0.120844325909722,0.761134155467045,FALSE,0.113989314072049,0.753450419315481,TRUE,0.114888319037407,0.72340897452635,TRUE,0.0937802448464499
1,"c",0.01,0.0129691456553484,TRUE,0.0181807357058257,0.0068183039811722,TRUE,0.00941172772078069,0.00742171085139925,TRUE,0.0102193721566943,0.00764698777392253,TRUE,0.00875680603867653
1,"p",1.2,1.15302985448175,TRUE,0.156493729101738,1.17291802528765,TRUE,0.137584689650591,1.17212850898256,TRUE,0.140396240186294,1.16637469380532,TRUE,0.13192132204361
2,"mu",0.1,0.07802954882752,TRUE,0.0515572136523145,0.0832941897340956,TRUE,0.0530217722236325,0.084607633794539,TRUE,0.0531057958409342,0.0861343870545175,TRUE,0.0528512455830653
2,"K",0.21,0.277533244886818,FALSE,0.13890228054077,0.214632066672222,TRUE,0.107360122792608,0.214052025312408,TRUE,0.105197147833419,0.202615671354092,TRUE,0.0961338076724998
2,"alpha",0.7,0.627498098180877,FALSE,0.0966377225798,0.697821945024238,TRUE,0.0884028405787882,0.698356941040899,TRUE,0.0919022821951542,0.706530090527266,TRUE,0.0823553098768872
2,"c",0.01,0.0164204438853375,TRUE,0.0180558215009045,0.0134428101382394,TRUE,0.0137181239230078,0.0135574563099117,TRUE,0.014193609711069,0.0129010832548442,TRUE,0.0125690329865389
2,"p",1.2,1.20445217227377,TRUE,0.151060410784539,1.20592775540967,TRUE,0.13681538717587,1.20835236283826,TRUE,0.139641513468014,1.21712617788287,TRUE,0.135062594040373
3,"mu",0.1,0.0875817977348479,TRUE,0.0624554093891841,0.111103001072584,TRUE,0.0558618598805307,0.110032008352305,TRUE,0.0575809977324785,0.104458872941985,TRUE,0.0573502021802709
3,"K",0.21,0.343979352629125,FALSE,0.301007149863138,0.190555613899903,TRUE,0.130249879907399,0.196812534801645,TRUE,0.142263535598186,0.221865914176466,TRUE,0.147346964209861
3,"alpha",0.7,0.575667360182213,FALSE,0.126242041926171,0.723948237120745,TRUE,0.116691689743416,0.716688694526613,TRUE,0.119934843937028,0.686689386342351,TRUE,0.0936628349476677
3,"c",0.01,0.0133429613640371,TRUE,0.0202349627664313,0.00971955870412198,TRUE,0.01344053939077,0.00986681331920791,TRUE,0.0137041057928348,0.0084420671022065,TRUE,0.0100450760669472
3,"p",1.2,1.16183189837395,TRUE,0.197760702884643,1.22345098287597,TRUE,0.197570220738089,1.21745922952284,TRUE,0.198513646487818,1.18793392493056,TRUE,0.170383269485457
4,"mu",0.1,0.105438108001628,TRUE,0.0573392778073966,0.122144046156917,TRUE,0.0517249171537052,0.123108203801483,TRUE,0.0526598272858176,0.11984171456031,TRUE,0.0528907231102901
4,"K",0.21,0.259568100750419,TRUE,0.195364069160649,0.156676299488451,TRUE,0.110288441226655,0.155118692529939,TRUE,0.109089946511446,0.171043314192787,TRUE,0.110696010695289
4,"alpha",0.7,0.61589440758353,FALSE,0.127190555489417,0.753209964538976,TRUE,0.119040249500635,0.754140659440063,TRUE,0.11886381008955,0.725386570027468,TRUE,0.0998071760803061
4,"c",0.01,0.0281084117758295,FALSE,0.0465616536593173,0.0152013606904914,TRUE,0.0234749567830753,0.0147351779188566,TRUE,0.022863801865766,0.0154801310489222,TRUE,0.0195460793779287
4,"p",1.2,1.23263954527676,TRUE,0.275259154306758,1.25966853332665,TRUE,0.225635931295074,1.25614110914189,TRUE,0.213620724285107,1.24505469856284,TRUE,0.208345692178249
5,"mu",0.1,0.104430248434769,TRUE,0.0629096629205925,0.116940413010771,TRUE,0.0630752643559714,0.116540580889139,TRUE,0.0614093119574091,0.116917138038912,TRUE,0.0584128655031603
5,"K",0.21,0.305166649365516,FALSE,0.140919684738868,0.211310265880955,TRUE,0.108169222039171,0.213016409576122,TRUE,0.112072342844935,0.210786962668398,TRUE,0.0913943402399615
5,"alpha",0.7,0.602011077612427,FALSE,0.101765145031524,0.712945096645831,TRUE,0.101119349657104,0.71093853904826,TRUE,0.103098472268181,0.709668259968619,TRUE,0.0807395639125931
5,"c",0.01,0.0170063284707393,FALSE,0.0175350901131188,0.0134098851578136,TRUE,0.013377903645845,0.0134190829064913,TRUE,0.0139446191124615,0.0124179981337991,TRUE,0.0114375793689906
5,"p",1.2,1.21231532057274,TRUE,0.154559777464972,1.21788332503427,TRUE,0.146860060724317,1.21726329379773,TRUE,0.152145120175954,1.21352432686506,TRUE,0.138496346623848
6,"mu",0.1,0.103580366123602,TRUE,0.0525015255432073,0.117035634922912,TRUE,0.0503421714783557,0.115137712820392,TRUE,0.0496498642617138,0.116630736570708,TRUE,0.0479967223705958
6,"K",0.21,0.235678192919491,TRUE,0.162002974777528,0.152492954176007,TRUE,0.105866295743624,0.15760188755462,TRUE,0.109583671123932,0.149576469896003,FALSE,0.0918465014012515
6,"alpha",0.7,0.599571207553215,FALSE,0.122353496426231,0.726337415657548,TRUE,0.120696381381403,0.720514710872864,TRUE,0.120925352118153,0.726895751440142,TRUE,0.0950141637531516
6,"c",0.01,0.0415887058525864,FALSE,0.0674498566483177,0.0252077704990695,FALSE,0.0394492608291938,0.0241278893237026,FALSE,0.0379989362024933,0.0188335669820565,FALSE,0.0237897197263093
6,"p",1.2,1.30854318586878,TRUE,0.37442636560779,1.35135604171974,FALSE,0.342092647848213,1.32934802007561,TRUE,0.30227086228216,1.31708534934795,FALSE,0.273567407135965
7,"mu",0.1,0.0822869523660432,TRUE,0.054011321641969,0.0927785443668162,TRUE,0.0489973180926402,0.092718671977241,TRUE,0.0499480928722899,0.0908458826962919,TRUE,0.0484626505167433
7,"K",0.21,0.350791556604474,FALSE,0.209357427621187,0.225337191036394,TRUE,0.124884877674165,0.229589408054886,TRUE,0.13314013025763,0.250004068814568,TRUE,0.131857974653595
7,"alpha",0.7,0.542095230107727,FALSE,0.130231305096668,0.691739498319571,TRUE,0.111928971051805,0.685194705648427,TRUE,0.120451998317743,0.648929459452807,FALSE,0.10071628203724
7,"c",0.01,0.0184451257749525,TRUE,0.0269070814430082,0.0136436659368001,TRUE,0.0182414645818938,0.0135602619095262,TRUE,0.0178901504376387,0.0149740239113233,TRUE,0.0186960860828598
7,"p",1.2,1.24299596851483,TRUE,0.245646833650468,1.26541807028703,TRUE,0.205441519070546,1.2644188348891,TRUE,0.212693105558234,1.26420757528099,TRUE,0.211806256232663
8,"mu",0.1,0.0879104022649743,TRUE,0.0511663628002239,0.096455601069964,TRUE,0.0489854183658424,0.09637011930525,TRUE,0.0492326227439081,0.0966491963973836,TRUE,0.0493618438276407
8,"K",0.21,0.314808552340251,FALSE,0.182539370996278,0.228682002569378,TRUE,0.136985214315353,0.2278419486341,TRUE,0.133841181164775,0.226724252798097,TRUE,0.125882874236618
8,"alpha",0.7,0.581390620642859,FALSE,0.120750450362603,0.694521257275851,TRUE,0.113746949318943,0.694152188399646,TRUE,0.107581819391557,0.689921144945435,TRUE,0.0940461028578816
8,"c",0.01,0.035070715886175,FALSE,0.0521343985891613,0.0203589037766943,TRUE,0.0287991637891394,0.0202009242459961,TRUE,0.0300449722261115,0.0173522227357701,TRUE,0.0212914076052275
8,"p",1.2,1.25227344916391,TRUE,0.257955277022663,1.2409734958811,TRUE,0.209253430319591,1.2385376093184,TRUE,0.220369310648623,1.22976496511627,TRUE,0.194803714047916
9,"mu",0.1,0.0848870135342364,TRUE,0.0530277104087391,0.0986881944129975,TRUE,0.0514727235841006,0.0979603509923426,TRUE,0.051589434634672,0.103333299301893,TRUE,0.0510250966951422
9,"K",0.21,0.379443883633831,FALSE,0.394352215323774,0.227479740186365,TRUE,0.191062906404226,0.230616586576238,TRUE,0.180873740431604,0.202434154402775,TRUE,0.136107952158061
9,"alpha",0.7,0.572993880221371,FALSE,0.130111143916964,0.703022307785292,TRUE,0.113200538439168,0.701962662008803,TRUE,0.118705056601054,0.715769183374961,TRUE,0.0915168472459333
9,"c",0.01,0.0127852048858632,TRUE,0.0194242157748242,0.00926133644640114,TRUE,0.013944827058006,0.0091360338533048,TRUE,0.0135670559095236,0.00869630342158369,TRUE,0.0100955350120599
9,"p",1.2,1.13436806554653,TRUE,0.181235960908252,1.16180665888118,TRUE,0.173344883552691,1.1589964168583,TRUE,0.1686217686385,1.17877324468183,TRUE,0.165913368732497
10,"mu",0.1,0.0981892481071596,TRUE,0.0542460861061871,0.111791698274551,TRUE,0.0513192848852494,0.108522474544842,TRUE,0.0502776784923697,0.108689035636963,TRUE,0.0502864850802802
10,"K",0.21,0.249200833510932,TRUE,0.141536062457841,0.149874513210243,FALSE,0.0909999872209385,0.162730228817847,TRUE,0.0953699652218592,0.163443557117038,TRUE,0.0864042208583327
10,"alpha",0.7,0.593328434907892,FALSE,0.120482614803435,0.747127850858277,TRUE,0.113593654840707,0.724813945004358,TRUE,0.11075196560482,0.718476086515888,TRUE,0.0935607361489748
10,"c",0.01,0.0334511372414513,FALSE,0.0466892092049443,0.0214706965070055,FALSE,0.0280038912668654,0.0216344599999654,FALSE,0.0284699341281048,0.0185541663947959,FALSE,0.0218443498439148
10,"p",1.2,1.3288555341128,FALSE,0.297360673207705,1.35241227511605,FALSE,0.252111101224001,1.33729636927662,FALSE,0.246492116819834,1.32077466570346,FALSE,0.223494753519921
11,"mu",0.1,0.122180524034186,TRUE,0.0645262753532097,0.136177412691062,FALSE,0.0632142411010207,0.134859503812444,FALSE,0.0616067605177233,0.132833340611256,FALSE,0.0624983680627357
11,"K",0.21,0.282571514954325,FALSE,0.133569761677974,0.192745118405556,TRUE,0.0958657437089886,0.198076590544348,TRUE,0.0958238326039978,0.21664209689473,TRUE,0.097141254147313
11,"alpha",0.7,0.603984892069757,FALSE,0.0971302137714622,0.711254355024651,TRUE,0.0943194807830199,0.704757086402488,TRUE,0.0973398040846019,0.676267883830639,TRUE,0.0846871811933657
11,"c",0.01,0.0122976171041063,TRUE,0.012702752638511,0.0105868574891283,TRUE,0.0106180267899317,0.0105382565436532,TRUE,0.0102941474494611,0.0113871075515373,TRUE,0.0109172110204939
11,"p",1.2,1.22869404625018,TRUE,0.165706548991368,1.24285096615884,TRUE,0.158946439524197,1.23930470028393,TRUE,0.149979270821898,1.24116262629585,TRUE,0.155223196520366
12,"mu",0.1,0.0797493361045626,TRUE,0.0484670797174094,0.0944141529502772,TRUE,0.0481225521900293,0.0924793578012663,TRUE,0.0493852919998214,0.0937676407630592,TRUE,0.0485731020988758
12,"K",0.21,0.36978425729777,FALSE,0.231917257734715,0.217421048999509,TRUE,0.12476411791786,0.228764675157552,TRUE,0.132892605119282,0.230188877957506,TRUE,0.117979192638853
12,"alpha",0.7,0.543573679863135,FALSE,0.113690878650766,0.693321302525231,TRUE,0.102933053718828,0.682853391347209,TRUE,0.105387643823951,0.670074240680924,TRUE,0.0878655694167931
12,"c",0.01,0.0110651345047221,TRUE,0.0143802081791376,0.00787592032974078,TRUE,0.00966258705818716,0.007853400564075,TRUE,0.0102832473970525,0.00775488444782333,TRUE,0.00814380274538633
12,"p",1.2,1.16567352307802,TRUE,0.165036155913959,1.20112278761516,TRUE,0.149001704420547,1.19328683903826,TRUE,0.153493007193108,1.19647784037978,TRUE,0.142915050961318
13,"mu",0.1,0.0935600488255305,TRUE,0.059789911571153,0.106456271773568,TRUE,0.0552028319166988,0.106944203116265,TRUE,0.0542591085843514,0.110789824547785,TRUE,0.0507098661285038
13,"K",0.21,0.30606293002913,FALSE,0.266926823525577,0.196585641993339,TRUE,0.150957600167585,0.195612350347341,TRUE,0.144083942063698,0.174260315628833,TRUE,0.111426103996589
13,"alpha",0.7,0.552830186277855,FALSE,0.135935578166729,0.683298167702775,TRUE,0.12904362176766,0.68523069694595,TRUE,0.127819056404214,0.709726466733526,TRUE,0.0999955439153538
13,"c",0.01,0.0229888600740167,TRUE,0.0453020008025087,0.0149106209500254,TRUE,0.0266383133279626,0.0146582292111355,TRUE,0.0265251915376045,0.00910962063949173,TRUE,0.0118675163282751
13,"p",1.2,1.21839823068801,TRUE,0.30490034638779,1.24505214459073,TRUE,0.261131255095002,1.2443263565306,TRUE,0.260200495594621,1.22841717275476,TRUE,0.195005709934459
14,"mu",0.1,0.095923065796103,TRUE,0.0601800813343627,0.100187293434755,TRUE,0.0587250358391547,0.100354973630127,TRUE,0.0603019284830859,0.100352186728013,TRUE,0.0589342494347927
14,"K",0.21,0.214283917211938,TRUE,0.0761331212036152,0.198538241842629,TRUE,0.0680085089791451,0.197913627647671,TRUE,0.0703473239289245,0.196367594458734,TRUE,0.0663035164660623
14,"alpha",0.7,0.688931998744129,TRUE,0.0613128924313715,0.709027474772423,TRUE,0.0559725523656078,0.709845013708552,TRUE,0.0588473931321712,0.710720037094257,TRUE,0.0558981532006725
14,"c",0.01,0.0150189412609923,FALSE,0.0113585928247792,0.0131635183600792,TRUE,0.00984101629134299,0.0131607466468475,TRUE,0.0100867911836785,0.0128229937479158,TRUE,0.00883974693207233
14,"p",1.2,1.22218544310696,TRUE,0.10252800495093,1.2246537282279,TRUE,0.0995982202798551,1.22374054962912,TRUE,0.102573252745423,1.22651678552439,TRUE,0.0968207362605893
15,"mu",0.1,0.0853669015734383,TRUE,0.0571343096216787,0.102801232288942,TRUE,0.0542754133508173,0.0990934985757133,TRUE,0.0556099235868212,0.104245009325026,TRUE,0.0519119079541899
15,"K",0.21,0.352695857939495,FALSE,0.527283139990593,0.187825223473774,TRUE,0.172250098787034,0.207821443081322,TRUE,0.225172493753829,0.18759160840132,TRUE,0.147120570520996
15,"alpha",0.7,0.575658519130841,FALSE,0.128435989382337,0.718926567374378,TRUE,0.13228104080453,0.700214740802166,TRUE,0.124991266866612,0.711449542475487,TRUE,0.0975452182158427
15,"c",0.01,0.0129988323034911,TRUE,0.024778787648007,0.00820310260649012,TRUE,0.0157532984430885,0.00797688568974722,TRUE,0.01552520969392,0.00655807409925646,TRUE,0.0100162069455731
15,"p",1.2,1.1329315656354,TRUE,0.225428928510544,1.18740724342606,TRUE,0.220899816481898,1.16813453501908,TRUE,0.224275329486849,1.17715241672863,TRUE,0.194389846449816
16,"mu",0.1,0.109456491428321,TRUE,0.0589516786168215,0.118411571881518,TRUE,0.056825152272898,0.119553586829135,TRUE,0.0570003773870131,0.119508508361369,TRUE,0.0566948466517501
16,"K",0.21,0.235120096392172,TRUE,0.0945373679037342,0.19050364115012,TRUE,0.0779911553124756,0.190437650646146,TRUE,0.0756379258668595,0.187140751913581,TRUE,0.0687176357163062
16,"alpha",0.7,0.659704362699788,FALSE,0.0767020726432899,0.715420857825762,TRUE,0.0699803117551464,0.71414154222335,TRUE,0.0675069818825184,0.714718304087569,TRUE,0.0620969753047291
16,"c",0.01,0.0152660648833603,FALSE,0.0129458745615482,0.0128779433490191,TRUE,0.0105224971318102,0.0135502371341954,TRUE,0.0108197735807682,0.0121324991192706,TRUE,0.00927534122087301
16,"p",1.2,1.24421664011882,TRUE,0.142435033903965,1.25753842745027,TRUE,0.142018696064118,1.26271975680858,TRUE,0.138217724850411,1.25249582952026,TRUE,0.128047373049677
17,"mu",0.1,0.102605550852819,TRUE,0.0514862478522182,0.111407245997086,TRUE,0.0493927162374639,0.113067319637777,TRUE,0.0469129135831828,0.111117991044707,TRUE,0.0477805350489076
17,"K",0.21,0.276388326954206,FALSE,0.142023594233432,0.17836626473644,TRUE,0.0972284218798392,0.171479536206955,TRUE,0.0946466908864184,0.18469272317109,TRUE,0.0904633652604367
17,"alpha",0.7,0.59291971100966,FALSE,0.122258265916481,0.727925837478613,TRUE,0.110967450364746,0.737651405871624,TRUE,0.111022682552839,0.714011238051339,TRUE,0.0921460907542926
17,"c",0.01,0.016528311225588,TRUE,0.0188882819616372,0.0132277078385656,TRUE,0.014845212002927,0.0128586895965067,TRUE,0.0140488358033423,0.0114091709472143,TRUE,0.0110792254698186
17,"p",1.2,1.25349333062419,TRUE,0.20037975152562,1.27129001574771,TRUE,0.183860485015654,1.27435129266811,TRUE,0.182875346223757,1.25479095948892,TRUE,0.167048707290512
18,"mu",0.1,0.0994031038587536,TRUE,0.0565014384141716,0.11152200498325,TRUE,0.0543900421922295,0.110478334302742,TRUE,0.0543014114901324,0.110831095436617,TRUE,0.0542114550050133
18,"K",0.21,0.353050621170545,FALSE,0.207660279624247,0.226889199668352,TRUE,0.13586720860906,0.227620363698119,TRUE,0.127345932046232,0.233735605176307,TRUE,0.120720031956469
18,"alpha",0.7,0.53324946180213,FALSE,0.134407379666684,0.67319854414165,TRUE,0.122925116578986,0.675889954614555,TRUE,0.115403592127353,0.661104261413616,TRUE,0.100338828959229
18,"c",0.01,0.00923770776507089,TRUE,0.0124682814250149,0.00783920966364612,TRUE,0.0100238106616165,0.0076282763975403,TRUE,0.00991990447725404,0.00699545012027239,TRUE,0.00788536774158752
18,"p",1.2,1.18842620542994,TRUE,0.17369008200153,1.20899896752995,TRUE,0.160420578666134,1.20471567874196,TRUE,0.158572788831003,1.20217849925308,TRUE,0.147034450345637
19,"mu",0.1,0.100356355171271,TRUE,0.0629687318418904,0.120164558491219,TRUE,0.0576917744284333,0.119843920727153,TRUE,0.0549864919385821,0.116035818074197,TRUE,0.0564366017351525
19,"K",0.21,0.295891703217818,FALSE,0.153878626037736,0.168637378000692,TRUE,0.0904083771134562,0.172957099386695,TRUE,0.0931694921839682,0.191923602514625,TRUE,0.0925753734940043
19,"alpha",0.7,0.581378209239473,FALSE,0.107092593318541,0.734932130413608,TRUE,0.101848608042351,0.729583187273495,TRUE,0.102805868382926,0.697796987809172,TRUE,0.0872658772321605
19,"c",0.01,0.0161502324411608,TRUE,0.0196580087855796,0.0106648445135805,TRUE,0.0117305777059972,0.010664949277693,TRUE,0.0116407528094598,0.0103823326313222,TRUE,0.0104986793819571
19,"p",1.2,1.21586462112585,TRUE,0.171955339764358,1.23649222615998,TRUE,0.138776800599371,1.23453774273594,TRUE,0.140344241941838,1.22366877212826,TRUE,0.137914592343901
20,"mu",0.1,0.0876610333315225,TRUE,0.0584656840259628,0.101737491259662,TRUE,0.0561801131599622,0.100644854437951,TRUE,0.0569272755235891,0.103254217431478,TRUE,0.05676050366196
20,"K",0.21,0.335602777791129,FALSE,0.215274203030925,0.226892717652018,TRUE,0.136300439187785,0.231961405367882,TRUE,0.135624913951598,0.216232809542348,TRUE,0.124068237424799
20,"alpha",0.7,0.573775714153321,FALSE,0.11452755797436,0.69179953492978,TRUE,0.109820148956819,0.687371445861729,TRUE,0.105912873618241,0.705250299888665,TRUE,0.0885081311530453
20,"c",0.01,0.0199839471426553,FALSE,0.0279515172376599,0.0136243933538791,TRUE,0.0180069165604707,0.013833061376551,TRUE,0.0187844632334808,0.00907920951977541,TRUE,0.00999737539378442
20,"p",1.2,1.19552292506227,TRUE,0.199197960631471,1.20837292396497,TRUE,0.175241466868213,1.20496793875683,TRUE,0.177188536368917,1.18601340311086,TRUE,0.155942972445471
21,"mu",0.1,0.0840776596318251,TRUE,0.0577087815957193,0.1031902298238,TRUE,0.057890347551611,0.101795719530081,TRUE,0.0571045501770941,0.101273745860524,TRUE,0.0552536128309082
21,"K",0.21,0.368165134192167,FALSE,0.271754978253993,0.20801207022453,TRUE,0.14376922379765,0.21388643473834,TRUE,0.148968779594332,0.224913062949994,TRUE,0.132499547836005
21,"alpha",0.7,0.575198529350348,FALSE,0.126131200929187,0.734592028073545,TRUE,0.115943996316142,0.731123330522933,TRUE,0.110424621646814,0.707773115310946,TRUE,0.0894182804538183
21,"c",0.01,0.0133791318532425,TRUE,0.0200098971501253,0.00857846184651851,TRUE,0.0132389610268018,0.00819877844255435,TRUE,0.0123365570076724,0.00842447044300273,TRUE,0.0102484235551882
21,"p",1.2,1.15623022964356,TRUE,0.178159880603239,1.18434874265853,TRUE,0.172554135642793,1.17631563613764,TRUE,0.174434581515537,1.17839679577274,TRUE,0.159343291662506
22,"mu",0.1,0.0976943235796485,TRUE,0.0519806302496074,0.102501583558569,TRUE,0.048802950536076,0.102356534398897,TRUE,0.0500610260724077,0.102523294171828,TRUE,0.0487613285629429
22,"K",0.21,0.246435929738769,TRUE,0.124672117620232,0.187916688691778,TRUE,0.0986583405031848,0.188930769859999,TRUE,0.0996171036565306,0.187908182628438,TRUE,0.0952597620567061
22,"alpha",0.7,0.635125638942392,FALSE,0.102980833834866,0.711061228056258,TRUE,0.0952082691494982,0.710817368745125,TRUE,0.0964562662584518,0.709815483080945,TRUE,0.0871908178789255
22,"c",0.01,0.0262579525515738,FALSE,0.031831322068564,0.0198049569128719,FALSE,0.0226404276244266,0.0193424104357285,FALSE,0.0221235126186423,0.0165716985338513,TRUE,0.0175822892244299
22,"p",1.2,1.25212554398203,TRUE,0.18831468083691,1.24518825261114,TRUE,0.166436732684384,1.24193221391686,TRUE,0.16362702894691,1.23017503461913,TRUE,0.156487398805645
23,"mu",0.1,0.0976218366957641,TRUE,0.055489193739649,0.115832153104698,TRUE,0.0543710386751658,0.114659059857129,TRUE,0.0546061975348785,0.116902322712702,TRUE,0.0507681968890433
23,"K",0.21,0.307026528639177,FALSE,0.201736874843726,0.179169839254291,TRUE,0.106039837053805,0.182749997465445,TRUE,0.110941984563505,0.183110256192616,TRUE,0.0968520173039571
23,"alpha",0.7,0.592424829964418,FALSE,0.1085746472514,0.73772421369882,TRUE,0.100816134837679,0.734243458586662,TRUE,0.105756026215537,0.719957747743585,TRUE,0.0897781118824281
23,"c",0.01,0.0150275788752373,TRUE,0.0205456142224892,0.00851412515597533,TRUE,0.0117516657165219,0.00848781111024187,TRUE,0.0122220222693691,0.0102947777696992,TRUE,0.0109679126671949
23,"p",1.2,1.17523173092661,TRUE,0.172139444861303,1.20006794851525,TRUE,0.158916926506704,1.1987886370947,TRUE,0.162687545778365,1.21682336442771,TRUE,0.148149067539499
24,"mu",0.1,0.08048768480533,TRUE,0.0543753847128381,0.0961514615288164,TRUE,0.0524367896788559,0.0963690335371887,TRUE,0.0545416142994138,0.0958217939863715,TRUE,0.0529542883581869
24,"K",0.21,0.318457684973915,FALSE,0.199681251562999,0.192571820412648,TRUE,0.114378213977468,0.193667726562793,TRUE,0.119650461687727,0.199509256498785,TRUE,0.109571563158125
24,"alpha",0.7,0.592411324791475,FALSE,0.11353666754755,0.726325317259038,TRUE,0.107170629950219,0.724912648526613,TRUE,0.10090615527066,0.71290012895273,TRUE,0.0879779834360155
24,"c",0.01,0.0149411426166136,TRUE,0.0203068179801537,0.0102989129782414,TRUE,0.013395586266761,0.0102621246931052,TRUE,0.0129557592182585,0.00974327660331674,TRUE,0.0114872324785818
24,"p",1.2,1.1771409017185,TRUE,0.164785912460646,1.2014308239988,TRUE,0.159710276682074,1.20224387188472,TRUE,0.156771316847347,1.1993362308839,TRUE,0.147668465290308
25,"mu",0.1,0.0676463656023747,TRUE,0.0656269457442459,0.0805254731169295,TRUE,0.0660049727686429,0.0802412989802958,TRUE,0.0650169042390808,0.0826631117304961,TRUE,0.0661514464098146
25,"K",0.21,0.366643990922953,FALSE,0.37826839508994,0.247479336981371,TRUE,0.217531139404098,0.251320061770733,TRUE,0.228142653205763,0.24799509274242,TRUE,0.196964232218189
25,"alpha",0.7,0.606840408324568,FALSE,0.112319844511745,0.712448256123349,TRUE,0.107314904669171,0.706649692856611,TRUE,0.107042321001058,0.696002173959453,TRUE,0.093888860194172
25,"c",0.01,0.0145814180458086,TRUE,0.0206937175952637,0.0105913819174632,TRUE,0.014713063964629,0.0105878637286371,TRUE,0.014646744649366,0.0117810567525357,TRUE,0.0143652027483161
25,"p",1.2,1.12437572629459,TRUE,0.160196660616089,1.13409681521618,TRUE,0.152724935716148,1.13222433911104,TRUE,0.15010570021958,1.14450472788625,TRUE,0.150324382279241
26,"mu",0.1,0.0885271012512837,TRUE,0.0568101233224234,0.103086502635761,TRUE,0.0549991811310576,0.103275040400424,TRUE,0.0548805186500012,0.102549589339627,TRUE,0.0535198332901511
26,"K",0.21,0.30937898221887,FALSE,0.228749382441479,0.189322334964275,TRUE,0.123271777425305,0.189874276451225,TRUE,0.128923717516262,0.199533301824524,TRUE,0.118102115378346
26,"alpha",0.7,0.622209703284155,FALSE,0.114365048536871,0.744927736185716,TRUE,0.104998705548322,0.743575274514115,TRUE,0.108788738645464,0.728803661485765,TRUE,0.088513894528774
26,"c",0.01,0.0154638327514481,TRUE,0.0194732719852063,0.0109844458214373,TRUE,0.0137495113909883,0.0108839375272583,TRUE,0.013873326947245,0.0101169601910849,TRUE,0.0116378324413852
26,"p",1.2,1.1566590396924,TRUE,0.169830691152887,1.17674710116657,TRUE,0.154105675991122,1.17737179728537,TRUE,0.160295444695069,1.17133373106822,TRUE,0.151076999331416
27,"mu",0.1,0.0942921485268986,TRUE,0.055675242244154,0.10313289308165,TRUE,0.0538389097915106,0.102180761662858,TRUE,0.0517361409998377,0.100448030615058,TRUE,0.0528843238257175
27,"K",0.21,0.296037119154929,FALSE,0.183727920305103,0.197229782993032,TRUE,0.123489304892785,0.205916614554289,TRUE,0.128871631383541,0.214446739262223,TRUE,0.133824891399895
27,"alpha",0.7,0.589060944749618,FALSE,0.121833850709858,0.717680408315322,TRUE,0.111785077266634,0.70760331023212,TRUE,0.115511879922415,0.692743612745483,TRUE,0.098207044543983
27,"c",0.01,0.0271052481881303,FALSE,0.0442376073059777,0.015639609857341,TRUE,0.0242631990231285,0.0159628687355008,TRUE,0.0238989246951455,0.0129923540483779,TRUE,0.0166295721211839
27,"p",1.2,1.24662253403674,TRUE,0.280069690141832,1.23653375134641,TRUE,0.222236336936582,1.23311356922044,TRUE,0.21071706808157,1.20976909221305,TRUE,0.194605384109855
28,"mu",0.1,0.106406809737401,TRUE,0.0580615716048864,0.118306906564203,TRUE,0.0568226560637226,0.119115364895552,TRUE,0.0552752858277912,0.119380349394284,TRUE,0.0543086286025917
28,"K",0.21,0.308757589504131,FALSE,0.166257566387815,0.210656686555929,TRUE,0.115821903024262,0.211946930953578,TRUE,0.114939544763662,0.218152898277336,TRUE,0.101458069198511
28,"alpha",0.7,0.582139249025297,FALSE,0.108658758480623,0.69650813459804,TRUE,0.105523873577929,0.693658249449527,TRUE,0.106344250541385,0.676870832759222,TRUE,0.0890343768971277
28,"c",0.01,0.0143338327547697,TRUE,0.0163154524552316,0.0112906924572308,TRUE,0.0128878872701841,0.0112566517842496,TRUE,0.0125362577723663,0.0127681259407759,TRUE,0.0122322302670792
28,"p",1.2,1.2041655821029,TRUE,0.170272341257588,1.22327019137266,TRUE,0.160605679989805,1.22390114910867,TRUE,0.159453205825691,1.23608238280623,TRUE,0.152922499250143
29,"mu",0.1,0.0800298631410735,TRUE,0.0449643673114361,0.0918291646328276,TRUE,0.0439439076449019,0.0926188351697069,TRUE,0.0437464013519964,0.0906251508378785,TRUE,0.0409256445994564
29,"K",0.21,0.219936130493659,TRUE,0.162307504881084,0.124543500614565,FALSE,0.0962700860816207,0.124601960000217,FALSE,0.0902459063522395,0.137366978773682,FALSE,0.094656567771634
29,"alpha",0.7,0.63610029621619,FALSE,0.131844287527207,0.786141650565132,FALSE,0.1324090356832,0.78492565835493,FALSE,0.125644460700047,0.760646987796981,FALSE,0.106505504240347
29,"c",0.01,0.0291753324231035,FALSE,0.0473177682692716,0.0145410674124517,TRUE,0.0232767898737251,0.0147343959350524,TRUE,0.0231220185548918,0.0122622722941857,TRUE,0.0165119104775841
29,"p",1.2,1.26260173910971,TRUE,0.298339798579913,1.29657962955465,TRUE,0.242024998114192,1.29734523095708,TRUE,0.245259587944665,1.27160821550155,TRUE,0.216465631359703
30,"mu",0.1,0.0889470363453453,TRUE,0.0603130987264686,0.10269599981575,TRUE,0.0578636687111027,0.0997551625022968,TRUE,0.0581429414112135,0.0966751373542578,TRUE,0.0574508783440892
30,"K",0.21,0.302850669497519,FALSE,0.154061191555977,0.209879123705128,TRUE,0.104865005544256,0.217402401933637,TRUE,0.11246522073673,0.236538475232549,TRUE,0.114415419636813
30,"alpha",0.7,0.601372046413506,FALSE,0.101738304710532,0.707877144276544,TRUE,0.0991914731702055,0.701802146552175,TRUE,0.0975896883088505,0.677355674924694,TRUE,0.08711680361044
30,"c",0.01,0.0154720459656235,TRUE,0.0168245426458575,0.0117619004097153,TRUE,0.0122225335484333,0.0118728657573283,TRUE,0.0126650329767305,0.0108287471476198,TRUE,0.0109473024859867
30,"p",1.2,1.19995081656661,TRUE,0.168328824646105,1.21244055380415,TRUE,0.148197002393617,1.20622966342116,TRUE,0.15789489811196,1.19128625949835,TRUE,0.142566078376812
31,"mu",0.1,0.0665408737159485,FALSE,0.0475725270257811,0.0802915939373435,TRUE,0.0447224057622168,0.0799946119510711,TRUE,0.0467799376258705,0.0778149614767557,TRUE,0.0463478866974519
31,"K",0.21,0.358958104060542,FALSE,0.323496189234098,0.199866591823839,TRUE,0.154484706732021,0.204892444339834,TRUE,0.162932304223307,0.228994587209884,TRUE,0.143335401531402
31,"alpha",0.7,0.604611353462591,FALSE,0.126181143982457,0.759308915545606,TRUE,0.121300212231064,0.755597240670904,TRUE,0.122063417957829,0.710961551682517,TRUE,0.100692403468427
31,"c",0.01,0.013650054230629,TRUE,0.0223547433432984,0.00649037939338048,TRUE,0.0108949335412147,0.00640056975068257,TRUE,0.0106408470224359,0.0107411256497011,TRUE,0.0135215272890195
31,"p",1.2,1.13282664161116,TRUE,0.169342016135495,1.14514591529475,TRUE,0.142507309865934,1.14169615702871,TRUE,0.141204921612834,1.1612868260979,TRUE,0.143798939053919
32,"mu",0.1,0.102925070496318,TRUE,0.0555476371273378,0.112394551816238,TRUE,0.0537377882334503,0.11181255993327,TRUE,0.0533519841199587,0.111516335844291,TRUE,0.0523728806534111
32,"K",0.21,0.288294966287181,FALSE,0.169820402773401,0.206486184118876,TRUE,0.119381635543174,0.20732044634543,TRUE,0.123041944725996,0.205806832893773,TRUE,0.110675002999049
32,"alpha",0.7,0.54916294904148,FALSE,0.124097113318499,0.66240564409227,TRUE,0.115854380030894,0.660824266473923,TRUE,0.117744107966836,0.656986749034544,TRUE,0.097069892575657
32,"c",0.01,0.0255091387864746,FALSE,0.038652043717357,0.0204330802758111,FALSE,0.0300624780218406,0.019774906091899,TRUE,0.0286677046542404,0.0168917739928587,TRUE,0.0207616996300747
32,"p",1.2,1.28903979208196,TRUE,0.318117842789837,1.31146699050751,TRUE,0.305061866781021,1.30598327159697,TRUE,0.287628177356412,1.28906038650749,TRUE,0.249704027734655
33,"mu",0.1,0.0965640205898605,TRUE,0.0499445434109516,0.107181880006029,TRUE,0.0469263909291603,0.105677198942925,TRUE,0.0457917440344691,0.110775202797942,TRUE,0.0442609321982277
33,"K",0.21,0.271126432972964,TRUE,0.160867166781139,0.175525284724397,TRUE,0.108002027387178,0.184401466218008,TRUE,0.106433044889659,0.161178866129959,FALSE,0.0846594294193937
33,"alpha",0.7,0.582943203321368,FALSE,0.12046539768122,0.71318241084342,TRUE,0.117960491420648,0.702464576319164,TRUE,0.116943997935789,0.727604984890585,TRUE,0.0902966161360278
33,"c",0.01,0.0286954165554436,FALSE,0.0418027729388611,0.0195806568363767,TRUE,0.0271936211210407,0.0194292801332203,TRUE,0.0266988137982853,0.0169039740021081,TRUE,0.0180162728666673
33,"p",1.2,1.2719677073713,TRUE,0.276053788568621,1.29861174974985,TRUE,0.245331630429267,1.28917287615205,TRUE,0.228977892484659,1.3057422045338,FALSE,0.209702905709704
34,"mu",0.1,0.088360731160591,TRUE,0.052204924857485,0.100460139103742,TRUE,0.0486968095272228,0.0999255085483894,TRUE,0.0499752060192945,0.0992262217757983,TRUE,0.0480320926532347
34,"K",0.21,0.281757530285122,FALSE,0.174225725213816,0.183426352271533,TRUE,0.100901015534689,0.187290512373672,TRUE,0.106225160039108,0.197809932184393,TRUE,0.100742884687388
34,"alpha",0.7,0.618804877306045,FALSE,0.104381209286715,0.735605102117659,TRUE,0.0984630544101146,0.732165691633724,TRUE,0.0985717127576777,0.709253795132345,TRUE,0.0896137560828658
34,"c",0.01,0.0168461893486195,TRUE,0.022648100054804,0.0127872627572938,TRUE,0.015408470352866,0.0122741301814816,TRUE,0.0153161497315028,0.0137012987136822,TRUE,0.0141529220432738
34,"p",1.2,1.21225197363887,TRUE,0.204431548563556,1.24235115257054,TRUE,0.172116751649188,1.23584339437719,TRUE,0.17436078126271,1.24140916221418,TRUE,0.168717190530385
35,"mu",0.1,0.0794207720889478,TRUE,0.0528450986555591,0.0906090630075694,TRUE,0.0538781416742795,0.0903301415035095,TRUE,0.0551918395637162,0.0927249998392318,TRUE,0.0527010327251197
35,"K",0.21,0.367008548881096,FALSE,0.225572112230323,0.243640268296422,TRUE,0.144968037273299,0.243842407204347,TRUE,0.151824261703825,0.243193422736328,TRUE,0.125439552978856
35,"alpha",0.7,0.579472743630132,FALSE,0.112391026560301,0.694338282211509,TRUE,0.099861427305907,0.694639486946075,TRUE,0.100763495191457,0.685900223865859,TRUE,0.0874004540997835
35,"c",0.01,0.0111868476362855,TRUE,0.0127736592852896,0.00920369468164587,TRUE,0.0101227128554403,0.00905782168373134,TRUE,0.00996259226232802,0.00914625821818301,TRUE,0.0094285904763502
35,"p",1.2,1.15627347817024,TRUE,0.15057427422579,1.17682838854255,TRUE,0.148945117009247,1.1755284027308,TRUE,0.141868860141552,1.18224428025955,TRUE,0.143303967634389
36,"mu",0.1,0.0752340354683127,TRUE,0.0557296642482779,0.0871585233597771,TRUE,0.0542451061908567,0.086180187081976,TRUE,0.0548467492087379,0.0857630806156962,TRUE,0.0524055496549998
36,"K",0.21,0.343536554648762,FALSE,0.264727716066317,0.229731014198207,TRUE,0.157681384130408,0.235749670855075,TRUE,0.174922517160503,0.23640411135304,TRUE,0.146697790772331
36,"alpha",0.7,0.592534482027218,FALSE,0.114747235558472,0.706523264401647,TRUE,0.108686058294811,0.701349317241678,TRUE,0.10990049640555,0.702566357417762,TRUE,0.0890094436676093
36,"c",0.01,0.01641322503547,TRUE,0.0239511204131274,0.011390831980605,TRUE,0.0163216109159858,0.01130379114455,TRUE,0.0163262317971851,0.00852023792689813,TRUE,0.0111026563556552
36,"p",1.2,1.16225647171104,TRUE,0.18251564296653,1.17520926745962,TRUE,0.175786353838681,1.1706304987419,TRUE,0.175090448774274,1.15587369047558,TRUE,0.151579396129766
37,"mu",0.1,0.104482996395487,TRUE,0.0587876636232808,0.115715824761722,TRUE,0.0546524889533921,0.11530126751797,TRUE,0.0533605426919038,0.11802729654296,TRUE,0.0544680296271025
37,"K",0.21,0.289862753219097,FALSE,0.174549627295742,0.190450813500249,TRUE,0.11200162339212,0.192465622713322,TRUE,0.112612014371752,0.180379871637747,TRUE,0.097113899765814
37,"alpha",0.7,0.576807300672757,FALSE,0.124221530063232,0.70786062073445,TRUE,0.113658842925826,0.703650512296437,TRUE,0.114614441008331,0.714076725850458,TRUE,0.0890444432040508
37,"c",0.01,0.0213069397168521,FALSE,0.0313600137307775,0.0163877022642955,TRUE,0.0227109191541398,0.0156111317990896,TRUE,0.0217145764938519,0.0129312659316099,TRUE,0.0143439957543263
37,"p",1.2,1.25373586715327,TRUE,0.259501176959155,1.27584080525571,TRUE,0.232716923951194,1.26845231462169,TRUE,0.22553474932205,1.26819961308175,TRUE,0.205975481867829
38,"mu",0.1,0.121530143757085,TRUE,0.0496706131168792,0.129976093314138,FALSE,0.0483305602494212,0.129702799479205,FALSE,0.0493762214889531,0.129546027661805,FALSE,0.0518440251719941
38,"K",0.21,0.17336795130704,TRUE,0.0954816813209556,0.135042483139177,FALSE,0.071026308887697,0.135646551036136,FALSE,0.0767150466787933,0.137101001276492,FALSE,0.0717924487543482
38,"alpha",0.7,0.706359933674361,TRUE,0.0904585525692243,0.763786860500746,FALSE,0.0797718566473351,0.762212208000931,FALSE,0.0827178822201242,0.757452530238913,FALSE,0.0787859653776386
38,"c",0.01,0.0203517961647265,FALSE,0.0238980217447899,0.01629483975493,TRUE,0.0179073693370454,0.0164475411560844,TRUE,0.0184131157584267,0.01599994211925,TRUE,0.0163943329330674
38,"p",1.2,1.26728164499967,TRUE,0.217743710588341,1.28916491148432,TRUE,0.204811547239608,1.29019070030753,TRUE,0.208350406929163,1.28467466375265,TRUE,0.200531639166361
39,"mu",0.1,0.089994520705828,TRUE,0.0546054315847318,0.10787145626187,TRUE,0.0521293751830875,0.107965634793881,TRUE,0.0529322082706595,0.105847516348491,TRUE,0.0510163084151173
39,"K",0.21,0.299122804770791,TRUE,0.378270269863359,0.157014090182611,TRUE,0.132117541913908,0.15775118219466,TRUE,0.139692184683826,0.172374182267941,TRUE,0.127959656538449
39,"alpha",0.7,0.575393458991004,FALSE,0.132866803021984,0.727009933774069,TRUE,0.131139418377651,0.727271007119748,TRUE,0.133785617313346,0.694700866941814,TRUE,0.106408252953157
39,"c",0.01,0.00947558898647401,TRUE,0.0167820349032441,0.00708339721046965,TRUE,0.0129094924235189,0.00678513425360425,TRUE,0.0124700655059749,0.00819948221653347,TRUE,0.0122276978446297
39,"p",1.2,1.15037514366771,TRUE,0.237464009404956,1.23023312667307,TRUE,0.264312316744026,1.22356681231014,TRUE,0.250815582774061,1.2274317389027,TRUE,0.247844370755615
40,"mu",0.1,0.096315745689119,TRUE,0.0565774047870064,0.110715225902088,TRUE,0.0556405401174746,0.110507405492518,TRUE,0.0564317411132876,0.110730604769594,TRUE,0.0556657546977985
40,"K",0.21,0.272783045111621,TRUE,0.177771979834165,0.179632292855957,TRUE,0.104654045127105,0.182340757996388,TRUE,0.107222184480274,0.181587174446435,TRUE,0.101881671118604
40,"alpha",0.7,0.613134966266576,FALSE,0.104280632767363,0.724071613237084,TRUE,0.0994851137976754,0.720434950153091,TRUE,0.0996666812200371,0.714647314539616,TRUE,0.0874022371310681
40,"c",0.01,0.0163552011675861,TRUE,0.0204344764831949,0.0131459461096129,TRUE,0.0152753991441569,0.0130579846863584,TRUE,0.0161199308317305,0.0113938836145349,TRUE,0.0118654653674759
40,"p",1.2,1.20774858518056,TRUE,0.203439791581835,1.24866381814365,TRUE,0.204763759981506,1.24783896268075,TRUE,0.209775327346046,1.23911053438554,TRUE,0.181141560917261
41,"mu",0.1,0.0861355723511137,TRUE,0.0516447798275594,0.0960283446319062,TRUE,0.0486479512965801,0.0949448944196195,TRUE,0.0486750235299084,0.0980060170861297,TRUE,0.0499701577065014
41,"K",0.21,0.31446366891532,FALSE,0.197466128062858,0.205356667954674,TRUE,0.124192103086725,0.208063564683635,TRUE,0.131735362926405,0.190964126037893,TRUE,0.103474846230479
41,"alpha",0.7,0.57439138799239,FALSE,0.13256478553294,0.706905004762974,TRUE,0.115732811895695,0.70385027436648,TRUE,0.121593474332725,0.721071625863303,TRUE,0.0923563812798877
41,"c",0.01,0.0206563189395283,FALSE,0.0301004441613594,0.0138890704375265,TRUE,0.0189058715754464,0.013637349461313,TRUE,0.0190845957655748,0.0101976994720023,TRUE,0.0119132613345764
41,"p",1.2,1.21961784555821,TRUE,0.219936775876205,1.23054948433531,TRUE,0.193240548222049,1.22719008584628,TRUE,0.19463979554184,1.22266265484668,TRUE,0.172098555732008
42,"mu",0.1,0.0978267534332165,TRUE,0.0540999270095988,0.110674510772259,TRUE,0.0502158415882537,0.11011489104329,TRUE,0.0520471527577469,0.112456639710919,TRUE,0.0523224582374704
42,"K",0.21,0.317508237357354,FALSE,0.218656626006855,0.199999099470399,TRUE,0.128795114547199,0.199422823600629,TRUE,0.13394571151176,0.197505038092492,TRUE,0.113855677645437
42,"alpha",0.7,0.580374025405939,FALSE,0.125561770052751,0.713193574974446,TRUE,0.1128834727331,0.714689397912555,TRUE,0.11275481639128,0.706347372611201,TRUE,0.0937860649394828
42,"c",0.01,0.0137364004313833,TRUE,0.0205361523183486,0.00992114644605188,TRUE,0.0142478568948938,0.00956424889433838,TRUE,0.0133843232383701,0.0097820419996039,TRUE,0.0115270367083039
42,"p",1.2,1.18241702092025,TRUE,0.198965439576147,1.20109792065654,TRUE,0.182985890198599,1.19778770494598,TRUE,0.18090442581342,1.20835067482493,TRUE,0.170754626009423
43,"mu",0.1,0.0826049565602016,TRUE,0.0612105234917576,0.105324671333246,TRUE,0.0623658785473749,0.100648218831907,TRUE,0.0609620663415437,0.109663923777952,TRUE,0.0584030220586891
43,"K",0.21,0.431336068336336,FALSE,0.69010509567672,0.221918729741202,TRUE,0.226152940592952,0.249955438997424,TRUE,0.269584621900657,0.207815900829046,TRUE,0.171435813113259
43,"alpha",0.7,0.587558771379839,FALSE,0.121726512823091,0.715934418777447,TRUE,0.115183989500297,0.69755049453651,TRUE,0.114669348249193,0.718991756689322,TRUE,0.0928696123777019
43,"c",0.01,0.0134304741797628,TRUE,0.0202893645171142,0.00905014110869628,TRUE,0.0138529584183152,0.00899031114310457,TRUE,0.0132748179693992,0.00712359151358595,TRUE,0.00876836464229076
43,"p",1.2,1.09949434494577,TRUE,0.167450070504418,1.15438460707739,TRUE,0.190462514264343,1.13708192083976,TRUE,0.178431302457951,1.15254162865437,TRUE,0.163435996866177
44,"mu",0.1,0.0968839468994712,TRUE,0.0575651987581773,0.110026900034144,TRUE,0.0565049429916597,0.109603585405666,TRUE,0.0566778852816674,0.110590432621162,TRUE,0.0580698699143647
44,"K",0.21,0.301915926700374,FALSE,0.173214626894795,0.199417569296357,TRUE,0.112903028700001,0.200801960091849,TRUE,0.11562135812525,0.197192302911124,TRUE,0.105118969285779
44,"alpha",0.7,0.574703780524191,FALSE,0.116987613450745,0.700534149591468,TRUE,0.111305740041764,0.699605348802974,TRUE,0.113662587700836,0.697264272030923,TRUE,0.0918028804439472
44,"c",0.01,0.0169015528493037,TRUE,0.0233412609816672,0.013288366982571,TRUE,0.0179355605630947,0.0126451730091341,TRUE,0.0167720307642489,0.0110243775266902,TRUE,0.0133644296977359
44,"p",1.2,1.22095165192249,TRUE,0.223795412045504,1.24980689294807,TRUE,0.218686925908195,1.24306833268885,TRUE,0.206656864491486,1.23938889353766,TRUE,0.204041982219489
45,"mu",0.1,0.0875747051199512,TRUE,0.0525949231527076,0.0990697957666504,TRUE,0.0494810707185234,0.0985648867884671,TRUE,0.0504812703631347,0.0956752781963436,TRUE,0.0512005243077668
45,"K",0.21,0.32378643202413,FALSE,0.183572947623944,0.219443473925887,TRUE,0.117070934599975,0.2194661127722,TRUE,0.116877037547703,0.243429626977712,TRUE,0.120801096649024
45,"alpha",0.7,0.57641182954646,FALSE,0.118903353393217,0.703609379574486,TRUE,0.106247581782165,0.702809001930132,TRUE,0.10422982243705,0.669504542135206,TRUE,0.0884067958132779
45,"c",0.01,0.0164775134793608,TRUE,0.0203412698356368,0.0119270239943236,TRUE,0.014393633807687,0.0119015045084196,TRUE,0.0140859714471665,0.0109587384861745,TRUE,0.0118878809890404
45,"p",1.2,1.20847195891206,TRUE,0.185923135136441,1.22635295928192,TRUE,0.167586526676744,1.22363029003371,TRUE,0.17045930879942,1.2052790130309,TRUE,0.158893617472087
46,"mu",0.1,0.114287063132184,TRUE,0.0605166253083597,0.130935253560285,FALSE,0.0576137277486717,0.129053662299126,TRUE,0.0592007279862316,0.129172754283354,FALSE,0.0575342124952351
46,"K",0.21,0.260889936201318,TRUE,0.161905809708318,0.154580120975052,FALSE,0.095220793893973,0.160752029143035,TRUE,0.101111183873725,0.167805033742546,TRUE,0.0925540026663291
46,"alpha",0.7,0.615843499111221,FALSE,0.11873016388386,0.749643960274581,TRUE,0.10844752342175,0.741061569104514,TRUE,0.108860296796532,0.725805972859011,TRUE,0.0937236627964494
46,"c",0.01,0.0144007351434205,TRUE,0.0181596298008762,0.0118058376323079,TRUE,0.0139388339017731,0.0117795794173272,TRUE,0.0144406899283171,0.0120132442478005,TRUE,0.0131894680438711
46,"p",1.2,1.21255941153702,TRUE,0.186268460946219,1.23990638362578,TRUE,0.179114663842331,1.23384549337033,TRUE,0.18360690650776,1.23454435462667,TRUE,0.180961288969341
47,"mu",0.1,0.0959084956740275,TRUE,0.0565727211165289,0.107866890193463,TRUE,0.0565385096789346,0.107228985547023,TRUE,0.0546227367183773,0.112113425291648,TRUE,0.0531612615071664
47,"K",0.21,0.296824057458719,FALSE,0.175820281675495,0.196163062899688,TRUE,0.113684848807513,0.197867417339774,TRUE,0.114697856687864,0.178779591732654,TRUE,0.0883623541480981
47,"alpha",0.7,0.577307105066217,FALSE,0.116490773817781,0.70446736182898,TRUE,0.111064766762865,0.701174959991839,TRUE,0.112551750089938,0.722600884252772,TRUE,0.0862764154221622
47,"c",0.01,0.0177844292048956,TRUE,0.0230129157929529,0.0141193573114796,TRUE,0.0181394851220737,0.0143179210796008,TRUE,0.0193618530186594,0.0124474229777029,TRUE,0.0130868675417446
47,"p",1.2,1.23423456557709,TRUE,0.221200244753426,1.25284860447724,TRUE,0.201887603211008,1.25357327554134,TRUE,0.204990319543171,1.26059115250688,TRUE,0.180703402707797
48,"mu",0.1,0.0949899184858519,TRUE,0.0582178441085805,0.105279426556366,TRUE,0.0560720028654929,0.10455665610255,TRUE,0.0578708470273082,0.103615773852,TRUE,0.05465852688692
48,"K",0.21,0.309036963989921,FALSE,0.15303749930149,0.2129222354294,TRUE,0.108936663759555,0.21415365700299,TRUE,0.114464464459878,0.226143994105852,TRUE,0.106114996557125
48,"alpha",0.7,0.572456675358486,FALSE,0.109695464816276,0.688749628313338,TRUE,0.106225197100686,0.687376612043805,TRUE,0.107488741859087,0.667393579253942,TRUE,0.0973178575145547
48,"c",0.01,0.0142147911068744,TRUE,0.0173220676914317,0.0121655780765483,TRUE,0.0144336183963576,0.0119439914393058,TRUE,0.0139068077834287,0.0117221453616265,TRUE,0.0124468710146147
48,"p",1.2,1.22995834053118,TRUE,0.204473039105215,1.24757326384002,TRUE,0.191494837148628,1.24304459314978,TRUE,0.186581014857051,1.24210715656124,TRUE,0.172563543860494
49,"mu",0.1,0.0926162724503299,TRUE,0.0643108201460621,0.113097176065319,TRUE,0.0634444354229382,0.111190040892337,TRUE,0.0643185600514448,0.108219966344009,TRUE,0.0625103639372058
49,"K",0.21,0.328871185871108,FALSE,0.270370202579203,0.200379275472385,TRUE,0.131953771876087,0.208290057919877,TRUE,0.137407025277674,0.228374523992866,TRUE,0.137726715544836
49,"alpha",0.7,0.610902091389371,FALSE,0.105131126676999,0.733496852171732,TRUE,0.0979037859608362,0.726527001204047,TRUE,0.100542606931823,0.696016264467763,TRUE,0.0897922306380989
49,"c",0.01,0.0128985636938815,TRUE,0.0155236111461632,0.00999312692570653,TRUE,0.0120006230472109,0.00988227146877893,TRUE,0.011880579001975,0.0103895240859643,TRUE,0.0107885913264589
49,"p",1.2,1.15237652936775,TRUE,0.171727873688162,1.18567484263698,TRUE,0.169507502375008,1.17925759485599,TRUE,0.161315708134114,1.17665342081892,TRUE,0.154309666858818
50,"mu",0.1,0.0719907035953866,TRUE,0.0544318186607399,0.085527773486716,TRUE,0.0516833322025198,0.0835119733458566,TRUE,0.0526418071421454,0.0850264932947179,TRUE,0.0528611942293266
50,"K",0.21,0.382536995873398,FALSE,0.395506811883052,0.207960294335058,TRUE,0.170035508087236,0.22619278313121,TRUE,0.212888746370764,0.224539731575266,TRUE,0.16913224485808
50,"alpha",0.7,0.608917956177319,FALSE,0.118278993207324,0.764610647097622,FALSE,0.106696339317532,0.75041704817433,TRUE,0.110552178701282,0.735205631610398,TRUE,0.0884492394407371
50,"c",0.01,0.00865223263718344,TRUE,0.0134802426974806,0.00526452269267955,TRUE,0.00819559354521113,0.00492444767990732,TRUE,0.00776521553049326,0.00547907294510628,FALSE,0.00659125208279809
50,"p",1.2,1.11034240263849,TRUE,0.154474688807972,1.12900870181436,TRUE,0.140039788978013,1.11972154690504,FALSE,0.13843938999703,1.12801482036597,FALSE,0.130815064721278
51,"mu",0.1,0.0898490839029382,TRUE,0.0533734003330043,0.0978995621145508,TRUE,0.0534652223868415,0.0975712204098745,TRUE,0.0540941912200581,0.0960736616729984,TRUE,0.0537743414359229
51,"K",0.21,0.288712744784454,FALSE,0.111455862174003,0.193302902990733,TRUE,0.0849214745624753,0.194247769992807,TRUE,0.0889461869633477,0.208963697986758,TRUE,0.0841321989293065
51,"alpha",0.7,0.622119881733899,FALSE,0.093585658370467,0.741047016661523,TRUE,0.0917733438207707,0.739141563574373,TRUE,0.0958082071857093,0.717627860619615,TRUE,0.0847120257754646
51,"c",0.01,0.0134878221635317,TRUE,0.0116226627854594,0.0109666655991636,TRUE,0.00906442697424949,0.0110855732201473,TRUE,0.00919304237119917,0.0106639716466523,TRUE,0.00862152374414689
51,"p",1.2,1.2206304860564,TRUE,0.119530517485645,1.21936180298445,TRUE,0.110705794581955,1.2197882207955,TRUE,0.116035925118386,1.21365760112371,TRUE,0.106325147497186
52,"mu",0.1,0.0908932181499163,TRUE,0.050013668124481,0.104684214895383,TRUE,0.0473251673095163,0.103604458426651,TRUE,0.0485006012790936,0.101447269187512,TRUE,0.0489492037081098
52,"K",0.21,0.265872462151947,TRUE,0.168402399447882,0.154136887857132,FALSE,0.0957140662760376,0.160107371071913,TRUE,0.099694326633311,0.169185058896357,TRUE,0.0987069104948736
52,"alpha",0.7,0.610642212610798,FALSE,0.127330369053483,0.766994699745331,FALSE,0.114148375628047,0.757088226415054,TRUE,0.111726063073153,0.741487455491189,TRUE,0.0969516785900219
52,"c",0.01,0.0221778131667763,FALSE,0.0322974268484328,0.0127912261545803,TRUE,0.0176570291823724,0.0132805869205054,TRUE,0.0186924230787231,0.00957056988988365,TRUE,0.0111084694910921
52,"p",1.2,1.23343602382503,TRUE,0.231497723390369,1.25471019081419,TRUE,0.199172486371034,1.25287035992426,TRUE,0.206769111859932,1.21788389662621,TRUE,0.175794600275501
53,"mu",0.1,0.122948460393954,TRUE,0.0611641771759512,0.13378996978516,FALSE,0.057780168978065,0.133541794634567,FALSE,0.055179633956199,0.131617182496328,FALSE,0.0546240425005383
53,"K",0.21,0.294333661408614,FALSE,0.16701236602258,0.188526354655765,TRUE,0.120368652076477,0.19001176407408,TRUE,0.11661285594903,0.191646377327047,TRUE,0.104943678322865
53,"alpha",0.7,0.545239710316854,FALSE,0.138957327098657,0.695671687470362,TRUE,0.129115451393247,0.692781492214156,TRUE,0.125277210960402,0.690684815566337,TRUE,0.0958856373888711
53,"c",0.01,0.02018916445945,FALSE,0.0280180004586783,0.0150388000357015,TRUE,0.0190926968568351,0.0149481933788312,TRUE,0.0187473232336683,0.00975517331103364,TRUE,0.0115927939287259
53,"p",1.2,1.27565969760207,TRUE,0.288619084634598,1.28760182001103,TRUE,0.24647097490323,1.28441597071509,TRUE,0.237332073633189,1.24135300831948,TRUE,0.198506356924063
54,"mu",0.1,0.0902174980822721,TRUE,0.0503111279767317,0.0985933157976913,TRUE,0.0486771595717391,0.098170089872512,TRUE,0.0493753856193202,0.0977913036344524,TRUE,0.0483221712824778
54,"K",0.21,0.289712960419034,FALSE,0.131338836724001,0.215530206680001,TRUE,0.105013268955277,0.21615020816047,TRUE,0.109021940009546,0.217890328306889,TRUE,0.0993987843838524
54,"alpha",0.7,0.603960195687495,FALSE,0.0996522448687884,0.690451972898269,TRUE,0.098791859751271,0.689382952869878,TRUE,0.0988513044006208,0.682539117773285,TRUE,0.0859635832510156
54,"c",0.01,0.0201753366058705,FALSE,0.0227150709684628,0.0165168330446151,TRUE,0.0181167561570118,0.0161983430186374,TRUE,0.0172130441015073,0.0157856853231937,TRUE,0.0154826903167994
54,"p",1.2,1.24366012946731,TRUE,0.176539050182098,1.24859091293907,TRUE,0.164247473721949,1.24673964609817,TRUE,0.156998815155225,1.24489769892431,TRUE,0.147459278280791
55,"mu",0.1,0.10685112652603,TRUE,0.0637316461590595,0.127732207276176,TRUE,0.0593238687154093,0.126835592097012,TRUE,0.0577815588988486,0.123352047241454,TRUE,0.0583696037839128
55,"K",0.21,0.264321882383127,TRUE,0.195452381926136,0.143664772089404,FALSE,0.0990343881869024,0.144866559636058,FALSE,0.100018018910696,0.164494001258962,TRUE,0.105736875913652
55,"alpha",0.7,0.643409910592365,FALSE,0.119617564382077,0.795167926540199,FALSE,0.105761051201796,0.792838983995199,FALSE,0.108302394151323,0.762546110523473,FALSE,0.0907744175293721
55,"c",0.01,0.0158471387490674,TRUE,0.0222726383807208,0.00947376862543425,TRUE,0.0127907876453536,0.00934144496204667,TRUE,0.0119598009437325,0.00847202875918439,TRUE,0.0100827902276298
55,"p",1.2,1.17819273004313,TRUE,0.192944157376371,1.21346693155885,TRUE,0.179690789649717,1.21077983373518,TRUE,0.176361842194246,1.18853491005507,TRUE,0.163198120568814
56,"mu",0.1,0.137216067241326,FALSE,0.0595963190615022,0.153339942988317,FALSE,0.0601509295129672,0.150788289049588,FALSE,0.0595819585512619,0.148753703444727,FALSE,0.0578664707512471
56,"K",0.21,0.255032910235983,TRUE,0.118235977836385,0.168474901076814,TRUE,0.0812740536874534,0.175258701607796,TRUE,0.0896364346967798,0.188880607188976,TRUE,0.082222669646554
56,"alpha",0.7,0.617680672605046,FALSE,0.0995963861478882,0.737680739719216,TRUE,0.0946492604275289,0.728129044801338,TRUE,0.0971812662696114,0.703892448527252,TRUE,0.0808527430873843
56,"c",0.01,0.0200170791148514,FALSE,0.0228643104903293,0.0153252820672172,TRUE,0.0165312910380742,0.0157368985456446,TRUE,0.0180593317752768,0.014834074027717,TRUE,0.014557560747707
56,"p",1.2,1.26561808631031,TRUE,0.196214354145441,1.28870763805878,FALSE,0.185768510985057,1.28448224499688,TRUE,0.19130316968675,1.27127936035404,TRUE,0.172355865157694
57,"mu",0.1,0.0751654546436304,TRUE,0.0497777143748937,0.0820978939221702,TRUE,0.0493478250082279,0.0814224958068476,TRUE,0.0501948737089446,0.0844685097656338,TRUE,0.0506531072332445
57,"K",0.21,0.252076580846111,TRUE,0.146960333221471,0.193230825734487,TRUE,0.117439128672158,0.195671150013623,TRUE,0.116798576097833,0.186389791454918,TRUE,0.106605764790117
57,"alpha",0.7,0.662248966515394,TRUE,0.0957029164473299,0.725418645101213,TRUE,0.0922474851758175,0.722924109467886,TRUE,0.0908979181150245,0.729597636081844,TRUE,0.0847450056942265
57,"c",0.01,0.0234770480253094,FALSE,0.0283336797072591,0.0173940565045023,TRUE,0.0205539024267426,0.0171280517845946,TRUE,0.0209771605020736,0.0157298980800628,TRUE,0.0166927905329416
57,"p",1.2,1.18412373005792,TRUE,0.155087289400535,1.18616275630161,TRUE,0.142432965346389,1.18278702498847,TRUE,0.141959926964275,1.18773036752468,TRUE,0.142058901641085
58,"mu",0.1,0.0701963732718045,FALSE,0.0467714355103796,0.0764796607023369,TRUE,0.0466410109576586,0.0767906434776692,TRUE,0.046317608988779,0.0781559123015704,TRUE,0.0471019876551954
58,"K",0.21,0.309673940858538,FALSE,0.162156459851686,0.239238206277011,TRUE,0.119547951425926,0.239897925192169,TRUE,0.12332823798093,0.233197251449738,TRUE,0.115989128331095
58,"alpha",0.7,0.614995084965631,FALSE,0.0944838149326296,0.68515718988555,TRUE,0.0850984436703636,0.684317556170497,TRUE,0.0884613216793774,0.685827342494213,TRUE,0.0822303704601864
58,"c",0.01,0.0134023096537709,TRUE,0.0148372144073414,0.0107229715236986,TRUE,0.0122068794961277,0.0106553540645886,TRUE,0.0118396150595705,0.0100458648740141,TRUE,0.00980767502179676
58,"p",1.2,1.17309321815932,TRUE,0.138966063973306,1.18143705163148,TRUE,0.131221869196402,1.18094477152328,TRUE,0.129074425716765,1.18279150807803,TRUE,0.123430728690584
59,"mu",0.1,0.0796161058697138,TRUE,0.0498698347941747,0.0945102593890784,TRUE,0.0500051331617796,0.0950513090815813,TRUE,0.0494576240798831,0.0918174081190821,TRUE,0.0505634655708008
59,"K",0.21,0.284993867270973,TRUE,0.239743019837898,0.156382490656853,TRUE,0.114588061986721,0.15626088963821,TRUE,0.110112207415201,0.185258425139336,TRUE,0.124101983951464
59,"alpha",0.7,0.637076148657628,FALSE,0.117056405309158,0.788692470060824,FALSE,0.11606958745754,0.787821159001723,FALSE,0.110712446543352,0.737675989238402,TRUE,0.102823141021997
59,"c",0.01,0.0151061280958671,TRUE,0.0267073207912034,0.00746266661059696,TRUE,0.0123439092467554,0.0073951845539472,TRUE,0.0122771912705067,0.00983875709236355,TRUE,0.0140204211759323
59,"p",1.2,1.16490115243378,TRUE,0.197910036612191,1.18251060871492,TRUE,0.164574226318647,1.1831754293185,TRUE,0.164085070623543,1.18359023921266,TRUE,0.171395363243062
60,"mu",0.1,0.105130210276486,TRUE,0.0575668088271799,0.117089538626637,TRUE,0.0530995675055766,0.116960676337893,TRUE,0.0533579437077057,0.113072098972347,TRUE,0.0540326104667895
60,"K",0.21,0.2595785592404,TRUE,0.134869179557287,0.17397303440565,TRUE,0.0944614718654277,0.17533732855342,TRUE,0.0943141519868191,0.19029142920983,TRUE,0.0976703708197733
60,"alpha",0.7,0.630667845265544,FALSE,0.100825614507236,0.739001718999698,TRUE,0.099785863381144,0.736775809965007,TRUE,0.0979294849864797,0.716883955656369,TRUE,0.0850741182051633
60,"c",0.01,0.0156128269198011,TRUE,0.0199891388721716,0.011939255923611,TRUE,0.0144713938028823,0.0120174621749705,TRUE,0.0147371426120518,0.0088408917241203,TRUE,0.00889949431972538
60,"p",1.2,1.22710095036104,TRUE,0.192845065593123,1.24545115751105,TRUE,0.176959353249581,1.24423629387704,TRUE,0.176341531070305,1.21251733188046,TRUE,0.147481049837119
61,"mu",0.1,0.0846702783018603,TRUE,0.0599030555256618,0.0977237858866432,TRUE,0.0573378271653742,0.0968041228157066,TRUE,0.0583175869250335,0.099455885073189,TRUE,0.053663729665601
61,"K",0.21,0.31442335364563,FALSE,0.265970391687878,0.202432798352922,TRUE,0.15616765994066,0.206325236002604,TRUE,0.159283067151861,0.201111601174872,TRUE,0.12845459591262
61,"alpha",0.7,0.564146396281711,FALSE,0.128434397849756,0.687620391939588,TRUE,0.125260664116126,0.684703329464896,TRUE,0.123540472154319,0.680726944360206,TRUE,0.100871965717789
61,"c",0.01,0.0176416914742204,TRUE,0.0296430040282449,0.0127896698892434,TRUE,0.0212957778554662,0.0128570228052627,TRUE,0.0200366679894845,0.0116552977642908,TRUE,0.0161683449574849
61,"p",1.2,1.19058443562921,TRUE,0.23950594988333,1.2166270342143,TRUE,0.237484781384774,1.21308016464252,TRUE,0.226378885474193,1.21481112077623,TRUE,0.210378608508413
62,"mu",0.1,0.0969571090222756,TRUE,0.0584079284824808,0.113188121491494,TRUE,0.0567140507467851,0.112371784235208,TRUE,0.0553307856694179,0.112655004361065,TRUE,0.0549952559741057
62,"K",0.21,0.298980822459348,FALSE,0.217500078587747,0.17337110196032,TRUE,0.121958098990341,0.176281698517813,TRUE,0.12009507649419,0.181958339903534,TRUE,0.109089749576276
62,"alpha",0.7,0.607478759445746,FALSE,0.124170792429252,0.748911492077122,TRUE,0.11349447129137,0.747229217064313,TRUE,0.115542608628953,0.732436671566264,TRUE,0.0933334732706562
62,"c",0.01,0.0141530019563478,TRUE,0.0197028544405292,0.00979126203249401,TRUE,0.012832641567235,0.00986272978214363,TRUE,0.0134641138854577,0.01013858131773,TRUE,0.0112480655027067
62,"p",1.2,1.17207955211467,TRUE,0.181344691541078,1.19600936388255,TRUE,0.166936565997216,1.19438334111838,TRUE,0.169222362325736,1.19790879937111,TRUE,0.155657358048314
63,"mu",0.1,0.0746479046762165,TRUE,0.0569129396300013,0.0920353281751878,TRUE,0.0557357298267395,0.0905524659879033,TRUE,0.0550573116379944,0.0912969373977684,TRUE,0.0534381920581074
63,"K",0.21,0.39775476800025,FALSE,0.481719533557694,0.231216997811321,TRUE,0.213471282057088,0.242265101751564,TRUE,0.222161264115366,0.233662999577525,TRUE,0.189272929035719
63,"alpha",0.7,0.561586213349333,FALSE,0.128947484920227,0.693741549543584,TRUE,0.11882777572102,0.682790319472847,TRUE,0.121347039746595,0.685490266884413,TRUE,0.0966658708799096
63,"c",0.01,0.0132757723085453,TRUE,0.0219256821173632,0.00980571782912282,TRUE,0.0161771197869521,0.00933299784265565,TRUE,0.0147879132203866,0.00855119387713178,TRUE,0.0118963027697819
63,"p",1.2,1.13083761275288,TRUE,0.192515763907477,1.17648252679919,TRUE,0.205170490444127,1.16575112010113,TRUE,0.191086379228974,1.16509941745526,TRUE,0.18184023826795
64,"mu",0.1,0.0860686901878431,TRUE,0.0523867136016491,0.0953027535411468,TRUE,0.0521966144054822,0.0946997550480771,TRUE,0.0511635792905946,0.0958083242028479,TRUE,0.0486509537523355
64,"K",0.21,0.287012090783999,FALSE,0.156126453789027,0.206739536486093,TRUE,0.117246560508433,0.206980021520761,TRUE,0.117193346323206,0.203134257552547,TRUE,0.10244340229592
64,"alpha",0.7,0.59110799227279,FALSE,0.107473914747426,0.693945041971137,TRUE,0.107894680130169,0.694176803270225,TRUE,0.105215074132502,0.69293348448829,TRUE,0.0903451344262785
64,"c",0.01,0.0326802596479435,FALSE,0.041604009380325,0.0226619572710915,FALSE,0.0277323598707124,0.0220652569578876,FALSE,0.0277726325881563,0.0179434813388051,TRUE,0.0214041270161067
64,"p",1.2,1.27516210951995,TRUE,0.245438551375471,1.28710914212733,TRUE,0.221714575942069,1.28250484020659,TRUE,0.22092142482138,1.26934414549743,TRUE,0.20336292885806
65,"mu",0.1,0.110002294909165,TRUE,0.0558799059027523,0.1189167417647,TRUE,0.0534669771208779,0.118870491792734,TRUE,0.0528894019618224,0.120524504923045,TRUE,0.0499896179278464
65,"K",0.21,0.239795036076032,TRUE,0.134494159656518,0.162990065351478,TRUE,0.093198173214498,0.164240097810825,TRUE,0.0947917955740363,0.161521681961284,FALSE,0.0853773628394701
65,"alpha",0.7,0.603932413451734,FALSE,0.112173861453027,0.723739389503348,TRUE,0.107919772599736,0.720529958994432,TRUE,0.110258639890382,0.71756200516628,TRUE,0.0915365907708772
65,"c",0.01,0.0273589471648311,FALSE,0.038556810139772,0.0188359640983608,TRUE,0.0253632367920992,0.0191431876494616,TRUE,0.0258089087635725,0.0187460744889578,FALSE,0.0215985991218566
65,"p",1.2,1.31921997474485,TRUE,0.320765982689475,1.32821992875213,FALSE,0.272141356447554,1.32709069612831,FALSE,0.265114900623723,1.34212512109924,FALSE,0.255454550909766
66,"mu",0.1,0.0971687184088589,TRUE,0.0565862634756806,0.107593358810252,TRUE,0.0540451230046456,0.107226258180858,TRUE,0.0527020083299263,0.106200330464181,TRUE,0.053829627219451
66,"K",0.21,0.242026280842585,TRUE,0.166662576303317,0.156735023002765,TRUE,0.106471208816717,0.160927418716536,TRUE,0.109043172111676,0.168432016076695,TRUE,0.103099923276227
66,"alpha",0.7,0.630961603172545,FALSE,0.116305486983506,0.742902652086423,TRUE,0.113143395585525,0.735417250939995,TRUE,0.113257409495793,0.718741935255945,TRUE,0.0978365978240334
66,"c",0.01,0.0197731689843142,TRUE,0.0291106487975791,0.0135686355634597,TRUE,0.018644312853262,0.013519872732098,TRUE,0.0178521937014806,0.0136582666556305,TRUE,0.0172444367402178
66,"p",1.2,1.20945090134015,TRUE,0.214178621920174,1.22834568604909,TRUE,0.197373513229704,1.22650554037326,TRUE,0.185451116872538,1.22339042040708,TRUE,0.188886532422065
67,"mu",0.1,0.107634372225664,TRUE,0.0593353217540687,0.121519855139909,TRUE,0.0583574893630366,0.119678990001992,TRUE,0.0603245207939823,0.120912385440174,TRUE,0.05923410999849
67,"K",0.21,0.259552663596547,TRUE,0.12081888232944,0.170956948397843,TRUE,0.0906498695430157,0.174695654057598,TRUE,0.0908551009576529,0.181089040216813,TRUE,0.0847237357229476
67,"alpha",0.7,0.615864123380249,FALSE,0.103258188223793,0.732535515967541,TRUE,0.105141080090592,0.728288602914,TRUE,0.102819833390575,0.714947745048776,TRUE,0.0865369965941616
67,"c",0.01,0.0170352946225504,FALSE,0.0180323285466105,0.0135793314118849,TRUE,0.0140791747910399,0.0134291324270037,TRUE,0.0141025450083573,0.0132668803959754,TRUE,0.0126835245213241
67,"p",1.2,1.23741893640357,TRUE,0.175661239447365,1.24964790144754,TRUE,0.161056119604576,1.24500758354613,TRUE,0.162743044428817,1.24744547824776,TRUE,0.154994501175345
68,"mu",0.1,0.105738410958992,TRUE,0.0722998325148353,0.117245426115833,TRUE,0.0677579661297226,0.117128356635495,TRUE,0.0659235081656411,0.117641906463215,TRUE,0.0684528033211288
68,"K",0.21,0.322524111511463,FALSE,0.16627254192115,0.22620949789809,TRUE,0.116631056425188,0.22607504840565,TRUE,0.118950571597947,0.229792730682494,TRUE,0.111243555230091
68,"alpha",0.7,0.576645884026816,FALSE,0.103045743617844,0.690613241476831,TRUE,0.100759943858581,0.689928471957655,TRUE,0.102868545648871,0.680498574014011,TRUE,0.0867750906068419
68,"c",0.01,0.0105833299186489,TRUE,0.0121667394935479,0.00895470352591034,TRUE,0.010512371395195,0.00888415659827815,TRUE,0.0101486440448831,0.00794871832036106,TRUE,0.00820122635289046
68,"p",1.2,1.2013287289761,TRUE,0.177780448904939,1.21364762849122,TRUE,0.173607761310949,1.21401430752604,TRUE,0.168474104630092,1.20693560959689,TRUE,0.151717745017941
69,"mu",0.1,0.0905795940758825,TRUE,0.0609807307217701,0.105745375377578,TRUE,0.0530418729022508,0.104242971586539,TRUE,0.05608155878745,0.104854483230691,TRUE,0.0526552325258115
69,"K",0.21,0.326044520888471,FALSE,0.380736933184218,0.205332539882168,TRUE,0.163140055093012,0.213267143509041,TRUE,0.191372994806137,0.215379220643327,TRUE,0.163453481941537
69,"alpha",0.7,0.558246905858823,FALSE,0.141378470926026,0.688949565294887,TRUE,0.127778700804601,0.683389965784024,TRUE,0.132142390327952,0.667979434538345,TRUE,0.110623071432688
69,"c",0.01,0.0236638132513158,TRUE,0.05997985262353,0.0158000830973339,TRUE,0.0344408109761502,0.0150260910271647,TRUE,0.0338080873911672,0.0144012246205577,TRUE,0.0230254601063842
69,"p",1.2,1.19555942853142,TRUE,0.301551169202627,1.22749903479836,TRUE,0.269030427109606,1.21560379393765,TRUE,0.275654950747347,1.21587738337983,TRUE,0.228705204615102
70,"mu",0.1,0.0729015168771188,TRUE,0.0522696337293595,0.0864200542581045,TRUE,0.0535491949067689,0.0849528543370683,TRUE,0.0515172527302312,0.0821099158949924,TRUE,0.0516265707758348
70,"K",0.21,0.38972637235154,FALSE,0.322116441770844,0.222503457852515,TRUE,0.157627014113908,0.234540678796577,TRUE,0.172687602245041,0.269994681471877,TRUE,0.178105850280256
70,"alpha",0.7,0.567095273347184,FALSE,0.132098268888468,0.721563055632075,TRUE,0.116142341281684,0.711112709028673,TRUE,0.115516365506794,0.666614678721586,TRUE,0.0973184526304594
70,"c",0.01,0.00963131584480446,TRUE,0.014124923005431,0.00709296929515345,TRUE,0.0101763710962338,0.00709111488707069,TRUE,0.0103632561059423,0.0077523473931664,TRUE,0.0102202361479856
70,"p",1.2,1.13968082815893,TRUE,0.168995178178589,1.16780285833874,TRUE,0.167923272555447,1.15955855770161,TRUE,0.163091973787433,1.15896717330664,TRUE,0.15662288488599
71,"mu",0.1,0.087446487552127,TRUE,0.0528420880187745,0.0939072751874055,TRUE,0.0501326165924556,0.0941689007579137,TRUE,0.0505621183307449,0.093411678878458,TRUE,0.0505652097277707
71,"K",0.21,0.288877449459007,FALSE,0.143542360114756,0.20483616539835,TRUE,0.111348600510826,0.20340381719073,TRUE,0.109436137155003,0.225136970884187,TRUE,0.112575213318484
71,"alpha",0.7,0.60529013216385,FALSE,0.107778065653616,0.707079335773701,TRUE,0.102647552413425,0.708508296492841,TRUE,0.106908397125091,0.674565687934445,TRUE,0.0980021294933852
71,"c",0.01,0.0234018757307657,FALSE,0.0288145983528204,0.0180694656636064,FALSE,0.0205963675903472,0.0177245830121486,FALSE,0.0215395064031619,0.021362796990698,FALSE,0.0225816705828046
71,"p",1.2,1.24545585889795,TRUE,0.204968451606692,1.24310459712846,TRUE,0.174650105710984,1.24194027523251,TRUE,0.184047644405346,1.2574580749749,TRUE,0.18594960907322
72,"mu",0.1,0.0977788030749316,TRUE,0.0569472819989976,0.115555016689696,TRUE,0.0554525468631115,0.114766739216195,TRUE,0.052152768013821,0.109646535892102,TRUE,0.0542466891181294
72,"K",0.21,0.238424133478556,TRUE,0.175365335075723,0.129551733555686,FALSE,0.086528603804964,0.13278863652672,FALSE,0.0919243134533596,0.163355720443596,TRUE,0.109364197558276
72,"alpha",0.7,0.63899791748799,FALSE,0.126787216301457,0.789466841674277,FALSE,0.108629433941296,0.784618744489296,FALSE,0.113217696084163,0.72990181624305,TRUE,0.102868493800649
72,"c",0.01,0.0193630343511994,TRUE,0.02794111128629,0.0131044674607816,TRUE,0.0181430643211572,0.0126357117786804,TRUE,0.0172910594107291,0.0164567892871037,TRUE,0.0207204225886645
72,"p",1.2,1.21382891857206,TRUE,0.224233468089167,1.26357988344482,TRUE,0.21030518551471,1.25564582038392,TRUE,0.203271393897356,1.25027456420538,TRUE,0.210262703162967
73,"mu",0.1,0.112098183024425,TRUE,0.0556192941255841,0.119277274053772,TRUE,0.0552318952155989,0.119341025417389,TRUE,0.0539327653024903,0.116504902230597,TRUE,0.0546943439285306
73,"K",0.21,0.263337078664961,FALSE,0.106487129738171,0.19338284466183,TRUE,0.0843959819355383,0.194637059196086,TRUE,0.0843900194965496,0.211691726135753,TRUE,0.0898956899601751
73,"alpha",0.7,0.635456450395992,FALSE,0.0862514919249445,0.729775847923744,TRUE,0.0854222693178093,0.729897444209254,TRUE,0.0859581965864248,0.703521898545943,TRUE,0.0804183363015231
73,"c",0.01,0.0178883130188256,FALSE,0.0195275972816127,0.0131781005575384,TRUE,0.0139285534931086,0.0129873534323298,TRUE,0.013322581601306,0.0116595536270175,TRUE,0.0114714190021872
73,"p",1.2,1.24933570439077,TRUE,0.166849949548822,1.24283099964588,TRUE,0.150700191913353,1.24142935028473,TRUE,0.151624527051707,1.22551498389659,TRUE,0.14052406381039
74,"mu",0.1,0.0877492711053734,TRUE,0.0520143299368576,0.104559971580327,TRUE,0.050036297153106,0.103489381861528,TRUE,0.0510152322464087,0.0985593702070437,TRUE,0.0491539046807105
74,"K",0.21,0.288066083665817,FALSE,0.180452478959744,0.173825382696332,TRUE,0.111142500353899,0.175523295779272,TRUE,0.112834847529339,0.205423087201498,TRUE,0.111279154226539
74,"alpha",0.7,0.576220621420711,FALSE,0.122489211273407,0.718130111256035,TRUE,0.121568171746065,0.716170388873156,TRUE,0.12164420401225,0.668310581245147,TRUE,0.0981692562924894
74,"c",0.01,0.0159150586585913,TRUE,0.0210801592840195,0.0125546424698728,TRUE,0.0155335092696773,0.0128474746517199,TRUE,0.0158902291709459,0.0124474327255533,TRUE,0.0139941369230564
74,"p",1.2,1.2292664394318,TRUE,0.223395541472461,1.29349071262063,TRUE,0.226111799509894,1.29330974283231,TRUE,0.223210206066334,1.26167759623302,TRUE,0.211019869484441
75,"mu",0.1,0.0879318309720905,TRUE,0.0546117130169109,0.101018779080376,TRUE,0.0525298762936875,0.1015121111448,TRUE,0.0525477361931983,0.105816234702584,TRUE,0.0513704789325404
75,"K",0.21,0.30699944387894,FALSE,0.204029989342461,0.191649141939294,TRUE,0.118983442976553,0.192844564688845,TRUE,0.121625247222704,0.18103050437195,TRUE,0.097922636388104
75,"alpha",0.7,0.574725632930569,FALSE,0.116175379415237,0.708515365477516,TRUE,0.113022559749997,0.706049441062817,TRUE,0.113345035854854,0.708003283192982,TRUE,0.0907336722803485
75,"c",0.01,0.0155359036186646,TRUE,0.0210058638691114,0.0100821559216374,TRUE,0.0130113825902823,0.00965225350983932,TRUE,0.0127957701268335,0.01071056278884,TRUE,0.0110188398150435
75,"p",1.2,1.17867570972803,TRUE,0.177315275390979,1.20568414169798,TRUE,0.162976283661126,1.20400101804242,TRUE,0.166696287299699,1.22838944451398,TRUE,0.167882392993148
76,"mu",0.1,0.0991469559009609,TRUE,0.0523957068049756,0.104259194080178,TRUE,0.0514621428336546,0.102563565356519,TRUE,0.0511568380130169,0.10192870017846,TRUE,0.051535636586389
76,"K",0.21,0.25057096931237,TRUE,0.104315759253332,0.217019815363711,TRUE,0.0829690822003659,0.219951868300695,TRUE,0.0874232242672462,0.224978741201128,TRUE,0.0853344116603934
76,"alpha",0.7,0.669116624836543,TRUE,0.0699625241821904,0.700928080767428,TRUE,0.0612601293005527,0.699645567384243,TRUE,0.063210783894459,0.692448386639556,TRUE,0.0620833968432487
76,"c",0.01,0.0110895312570024,TRUE,0.00938791066782149,0.0104736186810559,TRUE,0.00839199294857023,0.0101776938592028,TRUE,0.00825856094098823,0.0102935046804893,TRUE,0.00809747005948913
76,"p",1.2,1.17725745796728,TRUE,0.114833704099085,1.18211370718903,TRUE,0.106684693731253,1.17700310127039,TRUE,0.106439050906774,1.17783425464837,TRUE,0.103694434092352
77,"mu",0.1,0.0942393338183721,TRUE,0.0521593767161453,0.104914168438,TRUE,0.0526455023324374,0.104582777242848,TRUE,0.0512354675976309,0.102680329978583,TRUE,0.0501189687538274
77,"K",0.21,0.301188875838873,FALSE,0.168567635616966,0.179423188634883,TRUE,0.113160815036321,0.185901397240436,TRUE,0.110771787785202,0.198355340243626,TRUE,0.107684034796506
77,"alpha",0.7,0.584016975261516,FALSE,0.12584695859944,0.74053336840719,TRUE,0.116928500690847,0.730583428806162,TRUE,0.116859437022564,0.711497399037881,TRUE,0.0955688024636797
77,"c",0.01,0.0174988582016895,TRUE,0.0214873763336498,0.0124204348622793,TRUE,0.0151455528960051,0.0123194098750951,TRUE,0.0143221319820475,0.00969580518368212,TRUE,0.0103939097215191
77,"p",1.2,1.22150015294353,TRUE,0.197555367685149,1.23132402596306,TRUE,0.183634537499008,1.22805399566622,TRUE,0.173332662612216,1.20170687055924,TRUE,0.1576978589716
78,"mu",0.1,0.0915364546802444,TRUE,0.0565776596481264,0.103605782387771,TRUE,0.0537147794329228,0.102209415168855,TRUE,0.0541525435858171,0.102250333516769,TRUE,0.0535138696627976
78,"K",0.21,0.367579957207823,FALSE,0.254964648074229,0.241304044117578,TRUE,0.170764101869247,0.25339393696695,TRUE,0.164917878916206,0.256837075423427,TRUE,0.163040531861311
78,"alpha",0.7,0.515620933067879,FALSE,0.150734963809822,0.664729122323458,TRUE,0.127399309146349,0.649497434104011,TRUE,0.127534890231285,0.634534848317679,FALSE,0.102562044426848
78,"c",0.01,0.0215070827661415,TRUE,0.0378747296258909,0.0140270395141542,TRUE,0.0246960844041025,0.0145052188853115,TRUE,0.0242540329199036,0.0122921160784752,TRUE,0.0183259889573293
78,"p",1.2,1.23481637762876,TRUE,0.276183538861683,1.25254867352362,TRUE,0.256974113611715,1.24692061984588,TRUE,0.242059599331395,1.23240117663843,TRUE,0.232385833264614
79,"mu",0.1,0.0926388058797301,TRUE,0.0586198372089795,0.111368615864286,TRUE,0.0569065496905905,0.109709899097889,TRUE,0.0566399787732496,0.113928110433299,TRUE,0.0540155778587474
79,"K",0.21,0.323446205638649,FALSE,0.243798633330494,0.179113281852081,TRUE,0.126818644970008,0.183981719804402,TRUE,0.140162998418584,0.172225631943276,TRUE,0.101353112448628
79,"alpha",0.7,0.602945776709195,FALSE,0.120080804241999,0.753715076586553,TRUE,0.118216608526775,0.748789449379515,TRUE,0.1182734727534,0.752191843803971,FALSE,0.0909262446409317
79,"c",0.01,0.012274175287723,TRUE,0.0172041160866759,0.00824184070554326,TRUE,0.0107760400847761,0.00821067433139312,TRUE,0.0113012254182038,0.00780712193483664,TRUE,0.00829085924251463
79,"p",1.2,1.14798198644608,TRUE,0.16069734446468,1.17443278876718,TRUE,0.147242589901313,1.16854907024307,TRUE,0.154457130491876,1.1773751886554,TRUE,0.146430373305624
80,"mu",0.1,0.114192003875704,TRUE,0.05999956510107,0.128509495744823,FALSE,0.0543805183748995,0.126823589510282,TRUE,0.0555269867458912,0.12627492773528,TRUE,0.055072355769382
80,"K",0.21,0.278430899822705,FALSE,0.1579467551959,0.181394908661632,TRUE,0.10166694317352,0.182408441419356,TRUE,0.099031753797882,0.191089935417999,TRUE,0.0944141966788119
80,"alpha",0.7,0.561322267039768,FALSE,0.120782439200595,0.697387313417564,TRUE,0.115731801839496,0.696627952074678,TRUE,0.112072111801944,0.675187706143543,TRUE,0.0909935548460716
80,"c",0.01,0.0196975960077979,TRUE,0.0294669181268537,0.0178950301601145,TRUE,0.0240816809712472,0.0175759286863112,TRUE,0.023926869865148,0.0154886309643943,TRUE,0.0186938701972164
80,"p",1.2,1.29969118914855,TRUE,0.311426743356583,1.36091551713133,FALSE,0.307158055081377,1.35191578233424,FALSE,0.307689704129862,1.33391871857813,FALSE,0.282130315175636
81,"mu",0.1,0.0898826921065531,TRUE,0.056643323563533,0.105328039155713,TRUE,0.057159377263346,0.10511437316891,TRUE,0.0553484408738361,0.102691651655741,TRUE,0.0562063500037542
81,"K",0.21,0.334428696855013,FALSE,0.243255753798125,0.200968379831644,TRUE,0.132025245182304,0.204703052846586,TRUE,0.135261566811272,0.224343938829798,TRUE,0.134052748840086
81,"alpha",0.7,0.597307754055485,FALSE,0.123418856693513,0.734250895872365,TRUE,0.114216664362978,0.733840158301178,TRUE,0.110302439392929,0.70087747645549,TRUE,0.0987191597977596
81,"c",0.01,0.0150210354634014,TRUE,0.0205354543593591,0.0104422997663293,TRUE,0.013968644936357,0.0101124379997151,TRUE,0.0139142969995542,0.0110416568032175,TRUE,0.0133311408738661
81,"p",1.2,1.15707501161375,TRUE,0.16947656287996,1.17730052460103,TRUE,0.159781011690407,1.17137088476228,TRUE,0.15189872970616,1.17438632250928,TRUE,0.151402351283658
82,"mu",0.1,0.0817090971683704,TRUE,0.0553004069422168,0.0929852525327437,TRUE,0.0522515489950865,0.0911777743949032,TRUE,0.0530333075931913,0.0945926126187551,TRUE,0.0508965018142657
82,"K",0.21,0.388417430893287,FALSE,0.23770906172854,0.246642570859891,TRUE,0.150141675399476,0.254834162877794,TRUE,0.161548300818502,0.242222779206638,TRUE,0.124623289039604
82,"alpha",0.7,0.537333908046244,FALSE,0.130609965451786,0.684964811758984,TRUE,0.116002768333568,0.679149616684448,TRUE,0.120876583790325,0.682318703893856,TRUE,0.0897757413131403
82,"c",0.01,0.0125543845100841,TRUE,0.0169238237399744,0.00940561695605948,TRUE,0.0120259989176722,0.00920954617459816,TRUE,0.0122275011719649,0.00853767299691684,TRUE,0.0095027201148136
82,"p",1.2,1.17663616564369,TRUE,0.17244343820356,1.19041652411926,TRUE,0.156222433643455,1.18400860637662,TRUE,0.153538988966607,1.18673870863289,TRUE,0.14644146954114
83,"mu",0.1,0.0909724904500688,TRUE,0.0543492611141376,0.10141851970583,TRUE,0.0540708775374405,0.101081887020801,TRUE,0.0538276206843721,0.103817445774922,TRUE,0.0511622395656216
83,"K",0.21,0.27579179636185,TRUE,0.161828698828906,0.180923105179713,TRUE,0.110522267472459,0.185169821809076,TRUE,0.111064925359283,0.177960140332446,TRUE,0.0927245686645459
83,"alpha",0.7,0.604813224091908,FALSE,0.116871691053187,0.7283314075311,TRUE,0.109565599346901,0.723012606586764,TRUE,0.112454936165534,0.724330204541628,TRUE,0.0909797946621433
83,"c",0.01,0.0231293748649252,FALSE,0.0312094289340527,0.0163673965622266,TRUE,0.0208622193178336,0.0160572891295592,TRUE,0.0202222789288164,0.0160228449989853,TRUE,0.0172216341887046
83,"p",1.2,1.23729281996848,TRUE,0.235008468075269,1.24968729801933,TRUE,0.20965612248896,1.2476531484901,TRUE,0.20935675880707,1.2606902499321,TRUE,0.197007284426841
84,"mu",0.1,0.0973156279575583,TRUE,0.048918951874389,0.10828626763052,TRUE,0.0479586826838404,0.108289559457759,TRUE,0.0447835658532234,0.108381840674089,TRUE,0.0450030144960987
84,"K",0.21,0.218635253879092,TRUE,0.145055137468782,0.132645261593502,FALSE,0.0982185967267949,0.134237319232562,FALSE,0.0928284566333333,0.131298506290105,FALSE,0.0835012550946609
84,"alpha",0.7,0.638157111878154,FALSE,0.123713095767898,0.772660699119707,FALSE,0.125348890544396,0.770727095870003,FALSE,0.124013867782419,0.769680271876873,FALSE,0.102764546788356
84,"c",0.01,0.0365575294225975,FALSE,0.0527364429818958,0.0168823505064292,TRUE,0.0239262153396148,0.0173134713622327,TRUE,0.0247612475981128,0.0168103718369251,TRUE,0.0190043230085196
84,"p",1.2,1.25634381759623,TRUE,0.251777550857063,1.25189125605389,TRUE,0.197318887590582,1.25333229904203,TRUE,0.195074686510269,1.25217428494683,TRUE,0.182450994171984
85,"mu",0.1,0.0972764133443905,TRUE,0.0539678959905192,0.10765389017294,TRUE,0.0563436273940176,0.108946167118713,TRUE,0.0525877961577696,0.107099432862238,TRUE,0.053181257758141
85,"K",0.21,0.28719078494569,FALSE,0.153909802145188,0.197325665591657,TRUE,0.110741350914033,0.192231653659863,TRUE,0.103272900477689,0.210287947424644,TRUE,0.100898791783128
85,"alpha",0.7,0.612422642642279,FALSE,0.102041762926099,0.712489494295319,TRUE,0.0992414240247378,0.71835773842886,TRUE,0.0940886080860897,0.688023485360433,TRUE,0.0862743071351596
85,"c",0.01,0.0100006106808822,TRUE,0.0114169606975333,0.00859995430582347,TRUE,0.0100667584759553,0.00840180647036977,TRUE,0.00936912510699244,0.0100146030951198,TRUE,0.010256336808507
85,"p",1.2,1.18598473628492,TRUE,0.147590821811775,1.19767952791621,TRUE,0.149759731090863,1.19860786571104,TRUE,0.139663549153404,1.20766832953794,TRUE,0.141581650059252
86,"mu",0.1,0.0938030871328044,TRUE,0.0532276945122361,0.108627571807613,TRUE,0.0529604117348892,0.108637887695093,TRUE,0.0497778807003193,0.110811182517253,TRUE,0.0510684351759551
86,"K",0.21,0.333522408343923,FALSE,0.333105488301199,0.197437103204638,TRUE,0.144252060688925,0.19675112180062,TRUE,0.139926259459632,0.194732313155736,TRUE,0.117930542656731
86,"alpha",0.7,0.570819002943513,FALSE,0.122093770733116,0.708779821518399,TRUE,0.113312058305917,0.710034196117012,TRUE,0.111526686348849,0.692934397014451,TRUE,0.0932402588655311
86,"c",0.01,0.00926132740911739,TRUE,0.0155657241144844,0.00626602766909773,TRUE,0.0100694673918964,0.00617376105444035,TRUE,0.010293613575827,0.00774986435097189,TRUE,0.0102451349942123
86,"p",1.2,1.14441935187169,TRUE,0.190458816184146,1.19163088834446,TRUE,0.186336253422247,1.19011640785966,TRUE,0.191428462511722,1.2149947816916,TRUE,0.189678783278886
87,"mu",0.1,0.0741795033730165,TRUE,0.0534871584529698,0.087579771799554,TRUE,0.0552871215494868,0.0866264457706077,TRUE,0.0526894724984306,0.0869298305804092,TRUE,0.0521441768009646
87,"K",0.21,0.327511502080378,FALSE,0.253705017832383,0.199246646960629,TRUE,0.152278545372463,0.203031451252258,TRUE,0.147332705567684,0.212026445387348,TRUE,0.130615584228528
87,"alpha",0.7,0.610878045881411,FALSE,0.117724854851289,0.743906696815023,TRUE,0.111832362516677,0.73962740197456,TRUE,0.110473129027722,0.715749931419172,TRUE,0.0912728902340018
87,"c",0.01,0.0119735350257213,TRUE,0.021525340247983,0.00736309179495003,TRUE,0.0116721170130772,0.0075693835320802,TRUE,0.0112520455822405,0.0087928804305214,TRUE,0.0116595304748567
87,"p",1.2,1.15096824202339,TRUE,0.182791485321509,1.16677728748248,TRUE,0.162162425688334,1.16601599832628,TRUE,0.158287217644473,1.17414691746877,TRUE,0.15964941135785
88,"mu",0.1,0.0999502236986968,TRUE,0.0466786347343767,0.109882686933063,TRUE,0.0459753623468678,0.107685856670883,TRUE,0.0445786355662995,0.104514482792984,TRUE,0.0472689040208043
88,"K",0.21,0.256342893901737,TRUE,0.139575312159321,0.152850358518004,FALSE,0.0944716188544802,0.162766387131702,TRUE,0.0999551866976189,0.192274648079116,TRUE,0.107043791754159
88,"alpha",0.7,0.580920350795072,FALSE,0.128654371384812,0.73585462406539,TRUE,0.122115058557552,0.7199935222197,TRUE,0.125156412788247,0.673472702618062,TRUE,0.104290851910473
88,"c",0.01,0.016073902813065,TRUE,0.0226526219502513,0.011528028236719,TRUE,0.0151288278055067,0.0119109285531957,TRUE,0.0156726039577207,0.0118828016009237,TRUE,0.0157121424336842
88,"p",1.2,1.25974704832483,TRUE,0.21731622151827,1.28648438569581,TRUE,0.20571042438093,1.27927137206786,TRUE,0.202940125820996,1.26295606493927,TRUE,0.205440978307026
89,"mu",0.1,0.0954741329723585,TRUE,0.0573505216787139,0.108091998122909,TRUE,0.0552081760213928,0.10594078219665,TRUE,0.0541955293758868,0.11174124049587,TRUE,0.0525481291758708
89,"K",0.21,0.329002540923056,FALSE,0.241615461130204,0.207281268679821,TRUE,0.135402169889138,0.215308738028048,TRUE,0.143443714643077,0.197805494381942,TRUE,0.10952010348227
89,"alpha",0.7,0.555775335392481,FALSE,0.128772420473405,0.694219254163965,TRUE,0.114236008429282,0.68670944652899,TRUE,0.116347842105692,0.691087155386355,TRUE,0.0977593140728643
89,"c",0.01,0.0137667830424853,TRUE,0.0199496838441346,0.0105050622033,TRUE,0.0144574311527628,0.0102336238348496,TRUE,0.0142137891627598,0.012063094723051,TRUE,0.0125540472094948
89,"p",1.2,1.18948747854924,TRUE,0.215459466216811,1.2238989106094,TRUE,0.207926394581115,1.21446291063184,TRUE,0.202084684916896,1.25663864528108,TRUE,0.19601785508103
90,"mu",0.1,0.0864068438120575,TRUE,0.0638088256564768,0.104759860116792,TRUE,0.0634913783869017,0.101713053742819,TRUE,0.0630489334781843,0.101958042428284,TRUE,0.0641481087149883
90,"K",0.21,0.365264212860529,FALSE,0.212285806168332,0.239013429778804,TRUE,0.130589676602248,0.251247142892512,TRUE,0.144330456751866,0.255028188133727,TRUE,0.133487357266354
90,"alpha",0.7,0.599732013815679,FALSE,0.0999680029920665,0.717454901424109,TRUE,0.0944989711672861,0.706489549981451,TRUE,0.0978261754903011,0.701103742633205,TRUE,0.0880413952441832
90,"c",0.01,0.0102199199879738,TRUE,0.0112985202963027,0.00828326941912644,TRUE,0.00923097800136194,0.00820628637272788,TRUE,0.00919101782735721,0.00668089959145531,TRUE,0.00656555810142669
90,"p",1.2,1.1490161604629,TRUE,0.126258680151272,1.16386244899364,TRUE,0.122744359932816,1.15795467490538,TRUE,0.12491667873992,1.14948462787411,TRUE,0.111410890554976
91,"mu",0.1,0.0847159488374978,TRUE,0.0527425106022816,0.103413812825112,TRUE,0.0501536085211539,0.102512832650889,TRUE,0.0505585033994015,0.0970586017210731,TRUE,0.0491447685714514
91,"K",0.21,0.266302617690618,TRUE,0.217767206306202,0.143221798127478,FALSE,0.103258773204121,0.146093439714545,FALSE,0.105599126092096,0.171310733765361,TRUE,0.115282930716359
91,"alpha",0.7,0.62283487787879,FALSE,0.129370832496713,0.771843264419594,FALSE,0.119945029030366,0.767774013961357,FALSE,0.12171773062724,0.728345515827864,TRUE,0.100600898839999
91,"c",0.01,0.0205983350357462,TRUE,0.0328104144999728,0.0124519738437215,TRUE,0.0187289688141776,0.0127027332388974,TRUE,0.0199014081184458,0.0119128894889671,TRUE,0.0150471083394373
91,"p",1.2,1.19781245766908,TRUE,0.229530018487166,1.24638502748631,TRUE,0.222439971942222,1.24412692449657,TRUE,0.221436749258059,1.21344922968411,TRUE,0.202473816971339
92,"mu",0.1,0.0892380928659972,TRUE,0.0542313731799087,0.104893673120155,TRUE,0.0524394204600977,0.102142685649824,TRUE,0.0528145535623585,0.103160926078178,TRUE,0.0504840319563972
92,"K",0.21,0.328411270134568,FALSE,0.19375813231778,0.206557717697037,TRUE,0.116182575772289,0.21704601819988,TRUE,0.125832675665252,0.219612292560489,TRUE,0.11307153857441
92,"alpha",0.7,0.573176280488179,FALSE,0.116385912626384,0.709017944380942,TRUE,0.107979253047953,0.69701823918842,TRUE,0.111099255645156,0.682465510741479,TRUE,0.0938409809633168
92,"c",0.01,0.0170980209972547,TRUE,0.0241934838600876,0.0126802699130002,TRUE,0.0160085676495307,0.0125422382355427,TRUE,0.0159717607727572,0.0131999371003245,TRUE,0.0144979006372913
92,"p",1.2,1.21255368554274,TRUE,0.206404498554889,1.24187746154994,TRUE,0.185638172700678,1.2337780933896,TRUE,0.188285625239202,1.24190913874604,TRUE,0.179725938213615
93,"mu",0.1,0.0752024537635714,TRUE,0.0487390135931145,0.0826316076226803,TRUE,0.0447130011126558,0.0823641200733979,TRUE,0.0471521070418844,0.0844796488781936,TRUE,0.0447927550472385
93,"K",0.21,0.350465839863488,FALSE,0.200524140483946,0.241377951525078,TRUE,0.131437263225815,0.251647498434407,TRUE,0.141374480523693,0.230278765593391,TRUE,0.114968633456403
93,"alpha",0.7,0.562642095553735,FALSE,0.11707727034298,0.690211728125223,TRUE,0.116276795538807,0.679473104415744,TRUE,0.112222245823947,0.694655087506561,TRUE,0.0892469088529695
93,"c",0.01,0.0206588790771083,FALSE,0.0317561142278856,0.0139487215168031,TRUE,0.0193804095193281,0.0132549133688645,TRUE,0.0188536340051618,0.0115196168425687,TRUE,0.0137648854428627
93,"p",1.2,1.21015205488081,TRUE,0.208796049546553,1.20504147429124,TRUE,0.171138715984014,1.1967278513107,TRUE,0.166637107331821,1.19888665089049,TRUE,0.161401426078338
94,"mu",0.1,0.0855129312632312,TRUE,0.0555743869487901,0.102909569853347,TRUE,0.0542833854409464,0.0979698809269554,TRUE,0.053198065709506,0.0989148553220136,TRUE,0.054556619946589
94,"K",0.21,0.386651362528748,FALSE,0.369335435473734,0.207647429299826,TRUE,0.153374501798897,0.237895119948538,TRUE,0.193915484205855,0.248108364159723,TRUE,0.178160450490095
94,"alpha",0.7,0.572383961781286,FALSE,0.123521355817007,0.726979855552519,TRUE,0.117724004942917,0.703326480511251,TRUE,0.116208429326581,0.679246874521922,TRUE,0.101133663650266
94,"c",0.01,0.00972743380078503,TRUE,0.0153680614029155,0.00751192534604247,TRUE,0.0111233019490137,0.00710079578033748,TRUE,0.0108342365260819,0.00775957846300414,TRUE,0.010176550014217
94,"p",1.2,1.12904861401017,TRUE,0.161539227523,1.16681178742635,TRUE,0.15778676049902,1.14932551581337,TRUE,0.15190023419299,1.15406771117366,TRUE,0.149952032067548
95,"mu",0.1,0.111197893917579,TRUE,0.0562895523984352,0.124208593251402,TRUE,0.0576032404878592,0.123589901656444,TRUE,0.0573545041252853,0.124867376169761,TRUE,0.0547220741169699
95,"K",0.21,0.286512435394795,FALSE,0.160496361889843,0.185205562791779,TRUE,0.106442693127462,0.188732788246396,TRUE,0.104480391968889,0.187307599076497,TRUE,0.0963167729416461
95,"alpha",0.7,0.586244392877073,FALSE,0.118908991085945,0.715208189120337,TRUE,0.11261095438722,0.709480470396441,TRUE,0.109690361580478,0.707152694708096,TRUE,0.0910410960544827
95,"c",0.01,0.013910673563608,TRUE,0.0166271985211989,0.0111264955779053,TRUE,0.0134054570759783,0.0109756636949743,TRUE,0.0133083923450395,0.00958010780405271,TRUE,0.00941057605974397
95,"p",1.2,1.20746817944048,TRUE,0.179902040610946,1.23224624573982,TRUE,0.17360619962677,1.23080486857172,TRUE,0.174746538165894,1.22462299986035,TRUE,0.149631637570525
96,"mu",0.1,0.105762832151097,TRUE,0.0479851606944949,0.110826176089588,TRUE,0.0482686374839932,0.110188849347593,TRUE,0.0487526071634759,0.112923421502495,TRUE,0.0469795206035965
96,"K",0.21,0.25675738040009,TRUE,0.116797805965133,0.193782791387976,TRUE,0.0943745056607577,0.196111501318931,TRUE,0.0988542724770949,0.190294249102813,TRUE,0.0854050201635212
96,"alpha",0.7,0.596263692353615,FALSE,0.102093232776299,0.683530337082976,TRUE,0.09722182961617,0.680657115175783,TRUE,0.0985983477329393,0.683267538944348,TRUE,0.0875181843685912
96,"c",0.01,0.0216047304355656,FALSE,0.0267755914290216,0.0173185979355576,TRUE,0.0197252755397114,0.0172566621368748,TRUE,0.020277723790393,0.0170291563825451,FALSE,0.0170812537688816
96,"p",1.2,1.30458117450992,FALSE,0.214591249423989,1.30461431581683,FALSE,0.19324985649244,1.3032027631426,FALSE,0.198492384908432,1.3123992743618,FALSE,0.186003547079154
97,"mu",0.1,0.0853612208613683,TRUE,0.0525976856454247,0.0967220464743447,TRUE,0.0515855093140099,0.0953870205701422,TRUE,0.0505605654586466,0.101119202064607,TRUE,0.0502572115402815
97,"K",0.21,0.333770582672277,FALSE,0.234014001044506,0.21454272510265,TRUE,0.13983043193489,0.220912516790059,TRUE,0.147171302712481,0.189147357698072,TRUE,0.102612854089527
97,"alpha",0.7,0.580248331534648,FALSE,0.118700405693493,0.706255444172155,TRUE,0.11121262598001,0.699388637476239,TRUE,0.111736042685924,0.729677594539561,TRUE,0.0862893027562801
97,"c",0.01,0.0131660375674475,TRUE,0.0170180778176828,0.0095598430775825,TRUE,0.0126250800884143,0.00962458147794198,TRUE,0.0124693564950029,0.00733322190656321,TRUE,0.0077221273217555
97,"p",1.2,1.16791310656815,TRUE,0.179624391347011,1.18934630298078,TRUE,0.172285092276403,1.18707237054977,TRUE,0.168349644044562,1.19112576504175,TRUE,0.150716400466935
98,"mu",0.1,0.0932334292968864,TRUE,0.0537670456133669,0.100506674620055,TRUE,0.0503381642587205,0.0998117939312924,TRUE,0.0505910217227956,0.0973828665422704,TRUE,0.0502267384550751
98,"K",0.21,0.238216056559152,TRUE,0.137353180209275,0.161166709011612,TRUE,0.0964978769155325,0.166975812240225,TRUE,0.103143901114325,0.174215163072442,TRUE,0.0975389193080026
98,"alpha",0.7,0.633003480576762,FALSE,0.109963655462206,0.742496128640226,TRUE,0.105497674215611,0.734252098696354,TRUE,0.106774394792894,0.725256021054089,TRUE,0.0940330808143124
98,"c",0.01,0.0328943492187006,FALSE,0.0475542345444474,0.0219670899860369,FALSE,0.0300828626972577,0.0216079755535351,FALSE,0.0318753369000714,0.0171720016107726,TRUE,0.0207740426927133
98,"p",1.2,1.29584372012223,TRUE,0.275311185181706,1.29239549498315,TRUE,0.228522987004106,1.2859261192002,TRUE,0.243674000032729,1.26155686332614,TRUE,0.205772878768759
99,"mu",0.1,0.0691100481548728,FALSE,0.0492307308012926,0.0836083812216287,TRUE,0.0485576390437054,0.0844428580249941,TRUE,0.0487658594471973,0.0793702829718163,TRUE,0.0498459781099867
99,"K",0.21,0.472560275805904,FALSE,0.835358763754975,0.231933218034894,TRUE,0.29528526375546,0.227908000106125,TRUE,0.273044706857391,0.274067831213623,TRUE,0.32500770662655
99,"alpha",0.7,0.590307310860571,FALSE,0.136841069041186,0.742720390214509,TRUE,0.122440647385657,0.742765682500081,TRUE,0.122771879718316,0.693927248222457,TRUE,0.106059684633986
99,"c",0.01,0.00782222413001234,TRUE,0.0130632279554205,0.00436490995905825,FALSE,0.00771191345224933,0.0043125711027298,FALSE,0.00773986530785516,0.00608313984720487,TRUE,0.00914823478214846
99,"p",1.2,1.08004807926927,FALSE,0.138504973515133,1.10691239908899,FALSE,0.147366996094744,1.10847838850151,FALSE,0.144269128655286,1.10780285959299,FALSE,0.143610267907285
100,"mu",0.1,0.0815468105364134,TRUE,0.0616780865437401,0.0931218261739132,TRUE,0.0601476242211255,0.0925891389948526,TRUE,0.0593904266434223,0.0989082742188528,TRUE,0.0574287297938751
100,"K",0.21,0.354217749120017,FALSE,0.268163610973745,0.248597864803936,TRUE,0.160390274114865,0.251765172697006,TRUE,0.166511174697806,0.219941697636447,TRUE,0.126997267074496
100,"alpha",0.7,0.581740416568541,FALSE,0.102702939907251,0.67570763451522,TRUE,0.103760985945125,0.671267763715621,TRUE,0.102469149911507,0.694551318517527,TRUE,0.0889327339499035
100,"c",0.01,0.0106853592630814,TRUE,0.014850557339755,0.00886113208978367,TRUE,0.0119369401725713,0.00883904242496348,TRUE,0.0116425377072668,0.00762827310074553,TRUE,0.00854849858729739
100,"p",1.2,1.14655525306122,TRUE,0.16535276642779,1.16713532721978,TRUE,0.165466520463197,1.16697770731991,TRUE,0.161562284626034,1.1768367803009,TRUE,0.148269601421301
