"sim_id","model","parameter","true","median","q025","q975","width","covered"
1,"naive","mu",0.1,0.076551608678472,0.0514122056548655,0.103352414144774,0.0519402084899088,TRUE
1,"naive","K",0.21,0.343784104471243,0.257563594366483,0.499669877499603,0.24210628313312,FALSE
1,"naive","alpha",0.7,0.592077510819112,0.527896330028005,0.648740655937728,0.120844325909722,FALSE
1,"naive","c",0.01,0.0129691456553484,0.0065335350057538,0.0247142707115795,0.0181807357058257,TRUE
1,"naive","p",1.2,1.15302985448175,1.08260091198362,1.23909464108536,0.156493729101738,TRUE
1,"plugin","mu",0.1,0.0952579164287284,0.0719155921547731,0.121611004532037,0.049695412377264,TRUE
1,"plugin","K",0.21,0.183471373803282,0.13391748868759,0.254668923363834,0.120751434676244,TRUE
1,"plugin","alpha",0.7,0.761134155467045,0.701945996979083,0.815935311051131,0.113989314072049,FALSE
1,"plugin","c",0.01,0.0068183039811722,0.00346611649023571,0.0128778442110164,0.00941172772078069,TRUE
1,"plugin","p",1.2,1.17291802528765,1.10894716531609,1.24653185496668,0.137584689650591,TRUE
2,"naive","mu",0.1,0.07802954882752,0.0533223943629461,0.104879608015261,0.0515572136523145,TRUE
2,"naive","K",0.21,0.277533244886818,0.218638637951217,0.357540918491987,0.13890228054077,FALSE
2,"naive","alpha",0.7,0.627498098180877,0.578656041175585,0.675293763755385,0.0966377225798,FALSE
2,"naive","c",0.01,0.0164204438853375,0.00960633382633316,0.0276621553272376,0.0180558215009045,TRUE
2,"naive","p",1.2,1.20445217227377,1.13773575014948,1.28879616093401,0.151060410784539,TRUE
2,"plugin","mu",0.1,0.0832941897340956,0.0578269599936423,0.110848732217275,0.0530217722236325,TRUE
2,"plugin","K",0.21,0.214632066672222,0.165859784109866,0.273219906902474,0.107360122792608,TRUE
2,"plugin","alpha",0.7,0.697821945024238,0.654307594363264,0.742710434942052,0.0884028405787882,TRUE
2,"plugin","c",0.01,0.0134428101382394,0.0081387804579892,0.021856904380997,0.0137181239230078,TRUE
2,"plugin","p",1.2,1.20592775540967,1.14342387582282,1.28023926299869,0.13681538717587,TRUE
3,"naive","mu",0.1,0.0875817977348479,0.0562957072483271,0.118751116637511,0.0624554093891841,TRUE
3,"naive","K",0.21,0.343979352629125,0.240505939679905,0.541513089543043,0.301007149863138,FALSE
3,"naive","alpha",0.7,0.575667360182213,0.50954200541958,0.635784047345751,0.126242041926171,FALSE
3,"naive","c",0.01,0.0133429613640371,0.00680822126858609,0.0270431840350174,0.0202349627664313,TRUE
3,"naive","p",1.2,1.16183189837395,1.07997245126738,1.27773315415202,0.197760702884643,TRUE
3,"plugin","mu",0.1,0.111103001072584,0.0826504367400651,0.138512296620596,0.0558618598805307,TRUE
3,"plugin","K",0.21,0.190555613899903,0.138660851339601,0.268910731247,0.130249879907399,TRUE
3,"plugin","alpha",0.7,0.723948237120745,0.66501290119276,0.781704590936177,0.116691689743416,TRUE
3,"plugin","c",0.01,0.00971955870412198,0.00493363028540827,0.0183741696761782,0.01344053939077,TRUE
3,"plugin","p",1.2,1.22345098287597,1.13645313590631,1.3340233566444,0.197570220738089,TRUE
4,"naive","mu",0.1,0.105438108001628,0.0765835099954789,0.133922787802876,0.0573392778073966,TRUE
4,"naive","K",0.21,0.259568100750419,0.18841596643974,0.383780035600389,0.195364069160649,TRUE
4,"naive","alpha",0.7,0.61589440758353,0.547678199559322,0.674868755048739,0.127190555489417,FALSE
4,"naive","c",0.01,0.0281084117758295,0.0121413268513804,0.0587029805106977,0.0465616536593173,FALSE
4,"naive","p",1.2,1.23263954527676,1.11842482474574,1.3936839790525,0.275259154306758,TRUE
4,"plugin","mu",0.1,0.122144046156917,0.0965700760511852,0.14829499320489,0.0517249171537052,TRUE
4,"plugin","K",0.21,0.156676299488451,0.111612913068405,0.221901354295059,0.110288441226655,TRUE
4,"plugin","alpha",0.7,0.753209964538976,0.69356418451629,0.812604434016925,0.119040249500635,TRUE
4,"plugin","c",0.01,0.0152013606904914,0.00721614840077708,0.0306911051838524,0.0234749567830753,TRUE
4,"plugin","p",1.2,1.25966853332665,1.15976614370534,1.38540207500042,0.225635931295074,TRUE
5,"naive","mu",0.1,0.104430248434769,0.0732529776174074,0.136162640538,0.0629096629205925,TRUE
5,"naive","K",0.21,0.305166649365516,0.244336803571089,0.385256488309957,0.140919684738868,FALSE
5,"naive","alpha",0.7,0.602011077612427,0.549636719140684,0.651401864172209,0.101765145031524,FALSE
5,"naive","c",0.01,0.0170063284707393,0.0102562352877831,0.0277913254009019,0.0175350901131188,FALSE
5,"naive","p",1.2,1.21231532057274,1.14211219729551,1.29667197476049,0.154559777464972,TRUE
5,"plugin","mu",0.1,0.116940413010771,0.0847567051607326,0.147831969516704,0.0630752643559714,TRUE
5,"plugin","K",0.21,0.211310265880955,0.165561579297499,0.27373080133667,0.108169222039171,TRUE
5,"plugin","alpha",0.7,0.712945096645831,0.66128305466688,0.762402404323984,0.101119349657104,TRUE
5,"plugin","c",0.01,0.0134098851578136,0.00818697243971876,0.0215648760855638,0.013377903645845,TRUE
5,"plugin","p",1.2,1.21788332503427,1.15003913857861,1.29689919930293,0.146860060724317,TRUE
6,"naive","mu",0.1,0.103580366123602,0.0773653931882366,0.129866918731444,0.0525015255432073,TRUE
6,"naive","K",0.21,0.235678192919491,0.171903580123256,0.333906554900785,0.162002974777528,TRUE
6,"naive","alpha",0.7,0.599571207553215,0.536121994074782,0.658475490501013,0.122353496426231,FALSE
6,"naive","c",0.01,0.0415887058525864,0.0194037901965528,0.0868536468448705,0.0674498566483177,FALSE
6,"naive","p",1.2,1.30854318586878,1.16258758219115,1.53701394779894,0.37442636560779,TRUE
6,"plugin","mu",0.1,0.117035634922912,0.0911014656388833,0.141443637117239,0.0503421714783557,TRUE
6,"plugin","K",0.21,0.152492954176007,0.109517690827557,0.215383986571181,0.105866295743624,TRUE
6,"plugin","alpha",0.7,0.726337415657548,0.665006712803132,0.785703094184535,0.120696381381403,TRUE
6,"plugin","c",0.01,0.0252077704990695,0.0118759803131161,0.05132524114231,0.0394492608291938,FALSE
6,"plugin","p",1.2,1.35135604171974,1.20568563319458,1.54777828104279,0.342092647848213,FALSE
7,"naive","mu",0.1,0.0822869523660432,0.0547322214331536,0.108743543075123,0.054011321641969,TRUE
7,"naive","K",0.21,0.350791556604474,0.269282765527868,0.478640193149055,0.209357427621187,FALSE
7,"naive","alpha",0.7,0.542095230107727,0.469818261190862,0.600049566287529,0.130231305096668,FALSE
7,"naive","c",0.01,0.0184451257749525,0.00938025887306667,0.0362873403160749,0.0269070814430082,TRUE
7,"naive","p",1.2,1.24299596851483,1.14053605738905,1.38618289103952,0.245646833650468,TRUE
7,"plugin","mu",0.1,0.0927785443668162,0.0686367543095892,0.117634072402229,0.0489973180926402,TRUE
7,"plugin","K",0.21,0.225337191036394,0.171851303441305,0.296736181115469,0.124884877674165,TRUE
7,"plugin","alpha",0.7,0.691739498319571,0.634036350676367,0.745965321728172,0.111928971051805,TRUE
7,"plugin","c",0.01,0.0136436659368001,0.00718201541090322,0.025423479992797,0.0182414645818938,TRUE
7,"plugin","p",1.2,1.26541807028703,1.17264228109849,1.37808380016903,0.205441519070546,TRUE
8,"naive","mu",0.1,0.0879104022649743,0.0630136475789032,0.114180010379127,0.0511663628002239,TRUE
8,"naive","K",0.21,0.314808552340251,0.241674687717396,0.424214058713674,0.182539370996278,FALSE
8,"naive","alpha",0.7,0.581390620642859,0.518047686153186,0.638798136515788,0.120750450362603,FALSE
8,"naive","c",0.01,0.035070715886175,0.0173171939009875,0.0694515924901488,0.0521343985891613,FALSE
8,"naive","p",1.2,1.25227344916391,1.14287027400276,1.40082555102543,0.257955277022663,TRUE
8,"plugin","mu",0.1,0.096455601069964,0.0728202961186505,0.121805714484493,0.0489854183658424,TRUE
8,"plugin","K",0.21,0.228682002569378,0.172311818234151,0.309297032549504,0.136985214315353,TRUE
8,"plugin","alpha",0.7,0.694521257275851,0.634551818993804,0.748298768312746,0.113746949318943,TRUE
8,"plugin","c",0.01,0.0203589037766943,0.00990702609244212,0.0387061898815815,0.0287991637891394,TRUE
8,"plugin","p",1.2,1.2409734958811,1.14786499792758,1.35711842824717,0.209253430319591,TRUE
9,"naive","mu",0.1,0.0848870135342364,0.0588480913472196,0.111875801755959,0.0530277104087391,TRUE
9,"naive","K",0.21,0.379443883633831,0.257719627733094,0.652071843056868,0.394352215323774,FALSE
9,"naive","alpha",0.7,0.572993880221371,0.506093593013452,0.636204736930416,0.130111143916964,FALSE
9,"naive","c",0.01,0.0127852048858632,0.00606053303036317,0.0254847488051874,0.0194242157748242,TRUE
9,"naive","p",1.2,1.13436806554653,1.0578592869941,1.23909524790235,0.181235960908252,TRUE
9,"plugin","mu",0.1,0.0986881944129975,0.073793617808675,0.125266341392776,0.0514727235841006,TRUE
9,"plugin","K",0.21,0.227479740186365,0.163985268712652,0.355048175116878,0.191062906404226,TRUE
9,"plugin","alpha",0.7,0.703022307785292,0.644489730192361,0.75769026863153,0.113200538439168,TRUE
9,"plugin","c",0.01,0.00926133644640114,0.00444303658713023,0.0183878636451362,0.013944827058006,TRUE
9,"plugin","p",1.2,1.16180665888118,1.08388006981336,1.25722495336606,0.173344883552691,TRUE
10,"naive","mu",0.1,0.0981892481071596,0.0704739262196209,0.124720012325808,0.0542460861061871,TRUE
10,"naive","K",0.21,0.249200833510932,0.192214638605745,0.333750701063585,0.141536062457841,TRUE
10,"naive","alpha",0.7,0.593328434907892,0.528506095556059,0.648988710359494,0.120482614803435,FALSE
10,"naive","c",0.01,0.0334511372414513,0.0173718883448914,0.0640610975498357,0.0466892092049443,FALSE
10,"naive","p",1.2,1.3288555341128,1.20117112546468,1.49853179867239,0.297360673207705,FALSE
10,"plugin","mu",0.1,0.111791698274551,0.0860779500471361,0.137397234932386,0.0513192848852494,TRUE
10,"plugin","K",0.21,0.149874513210243,0.111023930292337,0.202023917513275,0.0909999872209385,FALSE
10,"plugin","alpha",0.7,0.747127850858277,0.688303383750422,0.801897038591129,0.113593654840707,TRUE
10,"plugin","c",0.01,0.0214706965070055,0.0111981151508484,0.0392020064177138,0.0280038912668654,FALSE
10,"plugin","p",1.2,1.35241227511605,1.24330552521604,1.49541662644004,0.252111101224001,FALSE
11,"naive","mu",0.1,0.122180524034186,0.0904301181843434,0.154956393537553,0.0645262753532097,TRUE
11,"naive","K",0.21,0.282571514954325,0.225001707526252,0.358571469204226,0.133569761677974,FALSE
11,"naive","alpha",0.7,0.603984892069757,0.554482227507443,0.651612441278905,0.0971302137714622,FALSE
11,"naive","c",0.01,0.0122976171041063,0.00743583326627446,0.0201385859047855,0.012702752638511,TRUE
11,"naive","p",1.2,1.22869404625018,1.15361555196771,1.31932210095908,0.165706548991368,TRUE
11,"plugin","mu",0.1,0.136177412691062,0.104050986727809,0.16726522782883,0.0632142411010207,FALSE
11,"plugin","K",0.21,0.192745118405556,0.15128221957729,0.247147963286279,0.0958657437089886,TRUE
11,"plugin","alpha",0.7,0.711254355024651,0.66210915857486,0.75642863935788,0.0943194807830199,TRUE
11,"plugin","c",0.01,0.0105868574891283,0.00648245609257489,0.0171004828825066,0.0106180267899317,TRUE
11,"plugin","p",1.2,1.24285096615884,1.16987290466129,1.32881934418549,0.158946439524197,TRUE
12,"naive","mu",0.1,0.0797493361045626,0.0565738803775197,0.105040960094929,0.0484670797174094,TRUE
12,"naive","K",0.21,0.36978425729777,0.281384739386528,0.513301997121243,0.231917257734715,FALSE
12,"naive","alpha",0.7,0.543573679863135,0.482971708609901,0.596662587260667,0.113690878650766,FALSE
12,"naive","c",0.01,0.0110651345047221,0.00586556858356912,0.0202457767627067,0.0143802081791376,TRUE
12,"naive","p",1.2,1.16567352307802,1.09476518211425,1.25980133802821,0.165036155913959,TRUE
12,"plugin","mu",0.1,0.0944141529502772,0.0714937305906212,0.11961628278065,0.0481225521900293,TRUE
12,"plugin","K",0.21,0.217421048999509,0.164859622414341,0.289623740332201,0.12476411791786,TRUE
12,"plugin","alpha",0.7,0.693321302525231,0.639720594104915,0.742653647823744,0.102933053718828,TRUE
12,"plugin","c",0.01,0.00787592032974078,0.00431178980883874,0.0139743768670259,0.00966258705818716,TRUE
12,"plugin","p",1.2,1.20112278761516,1.1355218528377,1.28452355725824,0.149001704420547,TRUE
13,"naive","mu",0.1,0.0935600488255305,0.0632889710414518,0.123078882612605,0.059789911571153,TRUE
13,"naive","K",0.21,0.30606293002913,0.214464508753029,0.481391332278606,0.266926823525577,FALSE
13,"naive","alpha",0.7,0.552830186277855,0.480884975187744,0.616820553354473,0.135935578166729,FALSE
13,"naive","c",0.01,0.0229888600740167,0.00960091158650202,0.0549029123890107,0.0453020008025087,TRUE
13,"naive","p",1.2,1.21839823068801,1.10146309244509,1.40636343883288,0.30490034638779,TRUE
13,"plugin","mu",0.1,0.106456271773568,0.0788161058080198,0.134018937724719,0.0552028319166988,TRUE
13,"plugin","K",0.21,0.196585641993339,0.138228258980145,0.28918585914773,0.150957600167585,TRUE
13,"plugin","alpha",0.7,0.683298167702775,0.619024442482165,0.748068064249825,0.12904362176766,TRUE
13,"plugin","c",0.01,0.0149106209500254,0.00652638535799297,0.0331646986859556,0.0266383133279626,TRUE
13,"plugin","p",1.2,1.24505214459073,1.13366832539617,1.39479958049117,0.261131255095002,TRUE
14,"naive","mu",0.1,0.095923065796103,0.0668140058788756,0.126994087213238,0.0601800813343627,TRUE
14,"naive","K",0.21,0.214283917211938,0.179464373359707,0.255597494563322,0.0761331212036152,TRUE
14,"naive","alpha",0.7,0.688931998744129,0.658003622411718,0.71931651484309,0.0613128924313715,TRUE
14,"naive","c",0.01,0.0150189412609923,0.0102769297499789,0.0216355225747581,0.0113585928247792,FALSE
14,"naive","p",1.2,1.22218544310696,1.17344976896956,1.27597777392049,0.10252800495093,TRUE
14,"plugin","mu",0.1,0.100187293434755,0.0715681593860838,0.130293195225239,0.0587250358391547,TRUE
14,"plugin","K",0.21,0.198538241842629,0.166497021866268,0.234505530845413,0.0680085089791451,TRUE
14,"plugin","alpha",0.7,0.709027474772423,0.681391187099682,0.73736373946529,0.0559725523656078,TRUE
14,"plugin","c",0.01,0.0131635183600792,0.00899035669332644,0.0188313729846694,0.00984101629134299,TRUE
14,"plugin","p",1.2,1.2246537282279,1.17738373551895,1.27698195579881,0.0995982202798551,TRUE
15,"naive","mu",0.1,0.0853669015734383,0.0563907590825843,0.113525068704263,0.0571343096216787,TRUE
15,"naive","K",0.21,0.352695857939495,0.226121440816619,0.753404580807212,0.527283139990593,FALSE
15,"naive","alpha",0.7,0.575658519130841,0.507961518537623,0.63639750791996,0.128435989382337,FALSE
15,"naive","c",0.01,0.0129988323034911,0.00533755021384751,0.0301163378618546,0.024778787648007,TRUE
15,"naive","p",1.2,1.1329315656354,1.0428981034973,1.26832703200785,0.225428928510544,TRUE
15,"plugin","mu",0.1,0.102801232288942,0.0765128781610875,0.130788291511905,0.0542754133508173,TRUE
15,"plugin","K",0.21,0.187825223473774,0.124453445664699,0.296703544451732,0.172250098787034,TRUE
15,"plugin","alpha",0.7,0.718926567374378,0.651112051297021,0.783393092101551,0.13228104080453,TRUE
15,"plugin","c",0.01,0.00820310260649012,0.00335135558711561,0.0191046540302041,0.0157532984430885,TRUE
15,"plugin","p",1.2,1.18740724342606,1.09610716663533,1.31700698311723,0.220899816481898,TRUE
16,"naive","mu",0.1,0.109456491428321,0.0810494104150088,0.14000108903183,0.0589516786168215,TRUE
16,"naive","K",0.21,0.235120096392172,0.193330439394019,0.287867807297754,0.0945373679037342,TRUE
16,"naive","alpha",0.7,0.659704362699788,0.620129166766982,0.696831239410272,0.0767020726432899,FALSE
16,"naive","c",0.01,0.0152660648833603,0.010068137681837,0.0230140122433852,0.0129458745615482,FALSE
16,"naive","p",1.2,1.24421664011882,1.17870376437748,1.32113879828145,0.142435033903965,TRUE
16,"plugin","mu",0.1,0.118411571881518,0.090203159458683,0.147028311731581,0.056825152272898,TRUE
16,"plugin","K",0.21,0.19050364115012,0.155292681033771,0.233283836346247,0.0779911553124756,TRUE
16,"plugin","alpha",0.7,0.715420857825762,0.679143053361034,0.74912336511618,0.0699803117551464,TRUE
16,"plugin","c",0.01,0.0128779433490191,0.008631668359974,0.0191541654917842,0.0105224971318102,TRUE
16,"plugin","p",1.2,1.25753842745027,1.19304943745703,1.33506813352115,0.142018696064118,TRUE
17,"naive","mu",0.1,0.102605550852819,0.0773940949537109,0.128880342805929,0.0514862478522182,TRUE
17,"naive","K",0.21,0.276388326954206,0.217242503995389,0.359266098228821,0.142023594233432,FALSE
17,"naive","alpha",0.7,0.59291971100966,0.529332406368919,0.6515906722854,0.122258265916481,FALSE
17,"naive","c",0.01,0.016528311225588,0.00949200581687958,0.0283802877785168,0.0188882819616372,TRUE
17,"naive","p",1.2,1.25349333062419,1.16695561598481,1.36733536751043,0.20037975152562,TRUE
17,"plugin","mu",0.1,0.111407245997086,0.0880622770850271,0.137454993322491,0.0493927162374639,TRUE
17,"plugin","K",0.21,0.17836626473644,0.136533743113265,0.233762164993105,0.0972284218798392,TRUE
17,"plugin","alpha",0.7,0.727925837478613,0.670004418609462,0.780971868974208,0.110967450364746,TRUE
17,"plugin","c",0.01,0.0132277078385656,0.00754869719157887,0.0223939091945058,0.014845212002927,TRUE
17,"plugin","p",1.2,1.27129001574771,1.18830033429184,1.37216081930749,0.183860485015654,TRUE
18,"naive","mu",0.1,0.0994031038587536,0.0717576098609714,0.128259048275143,0.0565014384141716,TRUE
18,"naive","K",0.21,0.353050621170545,0.270860528121168,0.478520807745415,0.207660279624247,FALSE
18,"naive","alpha",0.7,0.53324946180213,0.462152875772827,0.596560255439511,0.134407379666684,FALSE
18,"naive","c",0.01,0.00923770776507089,0.00472734971421608,0.017195631139231,0.0124682814250149,TRUE
18,"naive","p",1.2,1.18842620542994,1.10956593879739,1.28325602079892,0.17369008200153,TRUE
18,"plugin","mu",0.1,0.11152200498325,0.0849901830994846,0.139380225291714,0.0543900421922295,TRUE
18,"plugin","K",0.21,0.226889199668352,0.17094303973297,0.30681024834203,0.13586720860906,TRUE
18,"plugin","alpha",0.7,0.67319854414165,0.609863840530032,0.732788957109018,0.122925116578986,TRUE
18,"plugin","c",0.01,0.00783920966364612,0.00412655282977762,0.0141503634913941,0.0100238106616165,TRUE
18,"plugin","p",1.2,1.20899896752995,1.13728462552677,1.29770520419291,0.160420578666134,TRUE
19,"naive","mu",0.1,0.100356355171271,0.0686979420420264,0.131666673883917,0.0629687318418904,TRUE
19,"naive","K",0.21,0.295891703217818,0.231197673319363,0.385076299357099,0.153878626037736,FALSE
19,"naive","alpha",0.7,0.581378209239473,0.525206616191358,0.632299209509899,0.107092593318541,FALSE
19,"naive","c",0.01,0.0161502324411608,0.00881952431169252,0.0284775330972722,0.0196580087855796,TRUE
19,"naive","p",1.2,1.21586462112585,1.13782326930866,1.30977860907301,0.171955339764358,TRUE
19,"plugin","mu",0.1,0.120164558491219,0.0923106772625049,0.150002451690938,0.0576917744284333,TRUE
19,"plugin","K",0.21,0.168637378000692,0.128842962035407,0.219251339148863,0.0904083771134562,TRUE
19,"plugin","alpha",0.7,0.734932130413608,0.683726478296982,0.785575086339332,0.101848608042351,TRUE
19,"plugin","c",0.01,0.0106648445135805,0.00614101402793149,0.0178715917339287,0.0117305777059972,TRUE
19,"plugin","p",1.2,1.23649222615998,1.17306888263361,1.31184568323299,0.138776800599371,TRUE
20,"naive","mu",0.1,0.0876610333315225,0.0587365870792514,0.117202271105214,0.0584656840259628,TRUE
20,"naive","K",0.21,0.335602777791129,0.254774071868356,0.470048274899282,0.215274203030925,FALSE
20,"naive","alpha",0.7,0.573775714153321,0.512788745414268,0.627316303388628,0.11452755797436,FALSE
20,"naive","c",0.01,0.0199839471426553,0.0104103174109036,0.0383618346485635,0.0279515172376599,FALSE
20,"naive","p",1.2,1.19552292506227,1.11153832730289,1.31073628793436,0.199197960631471,TRUE
20,"plugin","mu",0.1,0.101737491259662,0.0744766876152227,0.130656800775185,0.0561801131599622,TRUE
20,"plugin","K",0.21,0.226892717652018,0.170652388888105,0.30695282807589,0.136300439187785,TRUE
20,"plugin","alpha",0.7,0.69179953492978,0.636957602599312,0.746777751556132,0.109820148956819,TRUE
20,"plugin","c",0.01,0.0136243933538791,0.00700052523188343,0.0250074417923541,0.0180069165604707,TRUE
20,"plugin","p",1.2,1.20837292396497,1.12975183713857,1.30499330400678,0.175241466868213,TRUE
21,"naive","mu",0.1,0.0840776596318251,0.0565287456271346,0.114237527222854,0.0577087815957193,TRUE
21,"naive","K",0.21,0.368165134192167,0.268335681534593,0.540090659788586,0.271754978253993,FALSE
21,"naive","alpha",0.7,0.575198529350348,0.508642947824008,0.634774148753195,0.126131200929187,FALSE
21,"naive","c",0.01,0.0133791318532425,0.00672398533223945,0.0267338824823648,0.0200098971501253,TRUE
21,"naive","p",1.2,1.15623022964356,1.08220217940211,1.26036206000535,0.178159880603239,TRUE
21,"plugin","mu",0.1,0.1031902298238,0.074584102122536,0.132474449674147,0.057890347551611,TRUE
21,"plugin","K",0.21,0.20801207022453,0.152411016540239,0.296180240337889,0.14376922379765,TRUE
21,"plugin","alpha",0.7,0.734592028073545,0.674551376184549,0.79049537250069,0.115943996316142,TRUE
21,"plugin","c",0.01,0.00857846184651851,0.00406358566021855,0.0173025466870204,0.0132389610268018,TRUE
21,"plugin","p",1.2,1.18434874265853,1.10817951422285,1.28073364986565,0.172554135642793,TRUE
22,"naive","mu",0.1,0.0976943235796485,0.0731237261848446,0.125104356434452,0.0519806302496074,TRUE
22,"naive","K",0.21,0.246435929738769,0.192486796591297,0.317158914211529,0.124672117620232,TRUE
22,"naive","alpha",0.7,0.635125638942392,0.581120077359492,0.684100911194358,0.102980833834866,FALSE
22,"naive","c",0.01,0.0262579525515738,0.014843279326032,0.0466746013945961,0.031831322068564,FALSE
22,"naive","p",1.2,1.25212554398203,1.17033397971604,1.35864866055295,0.18831468083691,TRUE
22,"plugin","mu",0.1,0.102501583558569,0.0791500760251595,0.127953026561236,0.048802950536076,TRUE
22,"plugin","K",0.21,0.187916688691778,0.143310616951211,0.241968957454396,0.0986583405031848,TRUE
22,"plugin","alpha",0.7,0.711061228056258,0.664268832129023,0.759477101278521,0.0952082691494982,TRUE
22,"plugin","c",0.01,0.0198049569128719,0.0112039108599384,0.033844338484365,0.0226404276244266,FALSE
22,"plugin","p",1.2,1.24518825261114,1.17144918958954,1.33788592227393,0.166436732684384,TRUE
23,"naive","mu",0.1,0.0976218366957641,0.070091576977686,0.125580770717335,0.055489193739649,TRUE
23,"naive","K",0.21,0.307026528639177,0.228612426923561,0.430349301767287,0.201736874843726,FALSE
23,"naive","alpha",0.7,0.592424829964418,0.536171776419222,0.644746423670622,0.1085746472514,FALSE
23,"naive","c",0.01,0.0150275788752373,0.00725738327037418,0.0278029974928634,0.0205456142224892,TRUE
23,"naive","p",1.2,1.17523173092661,1.10016190115987,1.27230134602117,0.172139444861303,TRUE
23,"plugin","mu",0.1,0.115832153104698,0.0884112517399015,0.142782290415067,0.0543710386751658,TRUE
23,"plugin","K",0.21,0.179169839254291,0.133307125710726,0.239346962764531,0.106039837053805,TRUE
23,"plugin","alpha",0.7,0.73772421369882,0.68796715097441,0.78878328581209,0.100816134837679,TRUE
23,"plugin","c",0.01,0.00851412515597533,0.0043215375743622,0.0160732032908841,0.0117516657165219,TRUE
23,"plugin","p",1.2,1.20006794851525,1.12855609954624,1.28747302605295,0.158916926506704,TRUE
24,"naive","mu",0.1,0.08048768480533,0.0548998234245889,0.109275208137427,0.0543753847128381,TRUE
24,"naive","K",0.21,0.318457684973915,0.238243737111062,0.43792498867406,0.199681251562999,FALSE
24,"naive","alpha",0.7,0.592411324791475,0.531647934124322,0.645184601671873,0.11353666754755,FALSE
24,"naive","c",0.01,0.0149411426166136,0.00789618161151195,0.0282029995916657,0.0203068179801537,TRUE
24,"naive","p",1.2,1.1771409017185,1.10699202718157,1.27177793964222,0.164785912460646,TRUE
24,"plugin","mu",0.1,0.0961514615288164,0.0713437009979167,0.123780490676773,0.0524367896788559,TRUE
24,"plugin","K",0.21,0.192571820412648,0.144807473952744,0.259185687930212,0.114378213977468,TRUE
24,"plugin","alpha",0.7,0.726325317259038,0.672227915677295,0.779398545627514,0.107170629950219,TRUE
24,"plugin","c",0.01,0.0102989129782414,0.00534655080151039,0.0187421370682714,0.013395586266761,TRUE
24,"plugin","p",1.2,1.2014308239988,1.1289330994314,1.28864337611347,0.159710276682074,TRUE
25,"naive","mu",0.1,0.0676463656023747,0.0359802811212254,0.101607226865471,0.0656269457442459,TRUE
25,"naive","K",0.21,0.366643990922953,0.262626780486136,0.640895175576075,0.37826839508994,FALSE
25,"naive","alpha",0.7,0.606840408324568,0.547305634511191,0.659625479022936,0.112319844511745,FALSE
25,"naive","c",0.01,0.0145814180458086,0.00729569122492829,0.027989408820192,0.0206937175952637,TRUE
25,"naive","p",1.2,1.12437572629459,1.05499269283859,1.21518935345468,0.160196660616089,TRUE
25,"plugin","mu",0.1,0.0805254731169295,0.0481138204071494,0.114118793175792,0.0660049727686429,TRUE
25,"plugin","K",0.21,0.247479336981371,0.17526033677,0.392791476174098,0.217531139404098,TRUE
25,"plugin","alpha",0.7,0.712448256123349,0.65665511623024,0.763970020899411,0.107314904669171,TRUE
25,"plugin","c",0.01,0.0105913819174632,0.00528169191102956,0.0199947558756585,0.014713063964629,TRUE
25,"plugin","p",1.2,1.13409681521618,1.06477172446627,1.21749666018242,0.152724935716148,TRUE
26,"naive","mu",0.1,0.0885271012512837,0.0613348723728569,0.11814499569528,0.0568101233224234,TRUE
26,"naive","K",0.21,0.30937898221887,0.227655063541461,0.456404445982939,0.228749382441479,FALSE
26,"naive","alpha",0.7,0.622209703284155,0.56045618186473,0.674821230401601,0.114365048536871,FALSE
26,"naive","c",0.01,0.0154638327514481,0.00825646142517538,0.0277297334103817,0.0194732719852063,TRUE
26,"naive","p",1.2,1.1566590396924,1.08050295479794,1.25033364595083,0.169830691152887,TRUE
26,"plugin","mu",0.1,0.103086502635761,0.0759584134016995,0.130957594532757,0.0549991811310576,TRUE
26,"plugin","K",0.21,0.189322334964275,0.140536185292484,0.26380796271779,0.123271777425305,TRUE
26,"plugin","alpha",0.7,0.744927736185716,0.690378233524449,0.795376939072771,0.104998705548322,TRUE
26,"plugin","c",0.01,0.0109844458214373,0.00589000817540572,0.019639519566394,0.0137495113909883,TRUE
26,"plugin","p",1.2,1.17674710116657,1.10675360608754,1.26085928207867,0.154105675991122,TRUE
27,"naive","mu",0.1,0.0942921485268986,0.0664827868045753,0.122158029048729,0.055675242244154,TRUE
27,"naive","K",0.21,0.296037119154929,0.224085349482096,0.4078132697872,0.183727920305103,FALSE
27,"naive","alpha",0.7,0.589060944749618,0.524786858320925,0.646620709030783,0.121833850709858,FALSE
27,"naive","c",0.01,0.0271052481881303,0.0125694613176659,0.0568070686236436,0.0442376073059777,FALSE
27,"naive","p",1.2,1.24662253403674,1.13373390139635,1.41380359153818,0.280069690141832,TRUE
27,"plugin","mu",0.1,0.10313289308165,0.077089522944274,0.130928432735785,0.0538389097915106,TRUE
27,"plugin","K",0.21,0.197229782993032,0.146863387834546,0.270352692727331,0.123489304892785,TRUE
27,"plugin","alpha",0.7,0.717680408315322,0.66089778320757,0.772682860474204,0.111785077266634,TRUE
27,"plugin","c",0.01,0.015639609857341,0.00751069492489834,0.0317738939480268,0.0242631990231285,TRUE
27,"plugin","p",1.2,1.23653375134641,1.14316857696351,1.3654049139001,0.222236336936582,TRUE
28,"naive","mu",0.1,0.106406809737401,0.0783861588131755,0.136447730418062,0.0580615716048864,TRUE
28,"naive","K",0.21,0.308757589504131,0.23660062971349,0.402858196101305,0.166257566387815,FALSE
28,"naive","alpha",0.7,0.582139249025297,0.525731048324595,0.634389806805218,0.108658758480623,FALSE
28,"naive","c",0.01,0.0143338327547697,0.00804251651647073,0.0243579689717023,0.0163154524552316,TRUE
28,"naive","p",1.2,1.2041655821029,1.12810742596096,1.29837976721855,0.170272341257588,TRUE
28,"plugin","mu",0.1,0.118306906564203,0.091235445666778,0.148058101730501,0.0568226560637226,TRUE
28,"plugin","K",0.21,0.210656686555929,0.160835827094346,0.276657730118608,0.115821903024262,TRUE
28,"plugin","alpha",0.7,0.69650813459804,0.642730473286809,0.748254346864738,0.105523873577929,TRUE
28,"plugin","c",0.01,0.0112906924572308,0.00637200206857193,0.0192598893387561,0.0128878872701841,TRUE
28,"plugin","p",1.2,1.22327019137266,1.151883568966,1.31248924895581,0.160605679989805,TRUE
29,"naive","mu",0.1,0.0800298631410735,0.0578552501320636,0.1028196174435,0.0449643673114361,TRUE
29,"naive","K",0.21,0.219936130493659,0.1573495083754,0.319657013256485,0.162307504881084,TRUE
29,"naive","alpha",0.7,0.63610029621619,0.56645442330849,0.698298710835697,0.131844287527207,FALSE
29,"naive","c",0.01,0.0291753324231035,0.0131672514788668,0.0604850197481384,0.0473177682692716,FALSE
29,"naive","p",1.2,1.26260173910971,1.14072166152464,1.43906146010456,0.298339798579913,TRUE
29,"plugin","mu",0.1,0.0918291646328276,0.0707575273160529,0.114701434960955,0.0439439076449019,TRUE
29,"plugin","K",0.21,0.124543500614565,0.0836677451823639,0.179937831263985,0.0962700860816207,FALSE
29,"plugin","alpha",0.7,0.786141650565132,0.718230785915424,0.850639821598624,0.1324090356832,FALSE
29,"plugin","c",0.01,0.0145410674124517,0.00674139222629775,0.0300181821000228,0.0232767898737251,TRUE
29,"plugin","p",1.2,1.29657962955465,1.18939272775465,1.43141772586885,0.242024998114192,TRUE
30,"naive","mu",0.1,0.0889470363453453,0.0604710925439126,0.120784191270381,0.0603130987264686,TRUE
30,"naive","K",0.21,0.302850669497519,0.239142967409309,0.393204158965286,0.154061191555977,FALSE
30,"naive","alpha",0.7,0.601372046413506,0.547479335660855,0.649217640371387,0.101738304710532,FALSE
30,"naive","c",0.01,0.0154720459656235,0.00895116205434322,0.0257757047002008,0.0168245426458575,TRUE
30,"naive","p",1.2,1.19995081656661,1.12823898640809,1.2965678110542,0.168328824646105,TRUE
30,"plugin","mu",0.1,0.10269599981575,0.0747227682981095,0.132586437009212,0.0578636687111027,TRUE
30,"plugin","K",0.21,0.209879123705128,0.163784833749992,0.268649839294248,0.104865005544256,TRUE
30,"plugin","alpha",0.7,0.707877144276544,0.657155673114953,0.756347146285158,0.0991914731702055,TRUE
30,"plugin","c",0.01,0.0117619004097153,0.00699454814589496,0.0192170816943283,0.0122225335484333,TRUE
30,"plugin","p",1.2,1.21244055380415,1.14473199499954,1.29292899739316,0.148197002393617,TRUE
31,"naive","mu",0.1,0.0665408737159485,0.0436838367486582,0.0912563637744392,0.0475725270257811,FALSE
31,"naive","K",0.21,0.358958104060542,0.257921888720161,0.581418077954259,0.323496189234098,FALSE
31,"naive","alpha",0.7,0.604611353462591,0.539442452805609,0.665623596788066,0.126181143982457,FALSE
31,"naive","c",0.01,0.013650054230629,0.00603818841828981,0.0283929317615882,0.0223547433432984,TRUE
31,"naive","p",1.2,1.13282664161116,1.06118224954578,1.23052426568128,0.169342016135495,TRUE
31,"plugin","mu",0.1,0.0802915939373435,0.0589013773252879,0.103623783087505,0.0447224057622168,TRUE
31,"plugin","K",0.21,0.199866591823839,0.140388658028682,0.294873364760703,0.154484706732021,TRUE
31,"plugin","alpha",0.7,0.759308915545606,0.698489451814244,0.819789664045308,0.121300212231064,TRUE
31,"plugin","c",0.01,0.00649037939338048,0.00281300012924305,0.0137079336704577,0.0108949335412147,TRUE
31,"plugin","p",1.2,1.14514591529475,1.07953880712073,1.22204611698666,0.142507309865934,TRUE
32,"naive","mu",0.1,0.102925070496318,0.0754857312010873,0.131033368328425,0.0555476371273378,TRUE
32,"naive","K",0.21,0.288294966287181,0.218667713266717,0.388488116040119,0.169820402773401,FALSE
32,"naive","alpha",0.7,0.54916294904148,0.482755193557886,0.606852306876385,0.124097113318499,FALSE
32,"naive","c",0.01,0.0255091387864746,0.0126550826122959,0.051307126329653,0.038652043717357,FALSE
32,"naive","p",1.2,1.28903979208196,1.16318590096041,1.48130374375024,0.318117842789837,TRUE
32,"plugin","mu",0.1,0.112394551816238,0.0852686059182587,0.139006394151709,0.0537377882334503,TRUE
32,"plugin","K",0.21,0.206486184118876,0.155661219952637,0.275042855495811,0.119381635543174,TRUE
32,"plugin","alpha",0.7,0.66240564409227,0.601529456119077,0.717383836149971,0.115854380030894,TRUE
32,"plugin","c",0.01,0.0204330802758111,0.0100408332290957,0.0401033112509363,0.0300624780218406,FALSE
32,"plugin","p",1.2,1.31146699050751,1.1789681846651,1.48403005144612,0.305061866781021,TRUE
33,"naive","mu",0.1,0.0965640205898605,0.0718075949802926,0.121752138391244,0.0499445434109516,TRUE
33,"naive","K",0.21,0.271126432972964,0.20460006804019,0.365467234821329,0.160867166781139,TRUE
33,"naive","alpha",0.7,0.582943203321368,0.519484387994563,0.639949785675783,0.12046539768122,FALSE
33,"naive","c",0.01,0.0286954165554436,0.0143383661714206,0.0561411391102817,0.0418027729388611,FALSE
33,"naive","p",1.2,1.2719677073713,1.1589884924853,1.43504228105392,0.276053788568621,TRUE
33,"plugin","mu",0.1,0.107181880006029,0.0842615415694103,0.131187932498571,0.0469263909291603,TRUE
33,"plugin","K",0.21,0.175525284724397,0.131923433129546,0.239925460516723,0.108002027387178,TRUE
33,"plugin","alpha",0.7,0.71318241084342,0.650765106752758,0.768725598173406,0.117960491420648,TRUE
33,"plugin","c",0.01,0.0195806568363767,0.00989134593513847,0.0370849670561792,0.0271936211210407,TRUE
33,"plugin","p",1.2,1.29861174974985,1.18949994357333,1.43483157400259,0.245331630429267,TRUE
34,"naive","mu",0.1,0.088360731160591,0.0626402055799077,0.114845130437393,0.052204924857485,TRUE
34,"naive","K",0.21,0.281757530285122,0.214458563409285,0.388684288623101,0.174225725213816,FALSE
34,"naive","alpha",0.7,0.618804877306045,0.565984784612404,0.670365993899119,0.104381209286715,FALSE
34,"naive","c",0.01,0.0168461893486195,0.00885860077165267,0.0315067008264567,0.022648100054804,TRUE
34,"naive","p",1.2,1.21225197363887,1.12580563129622,1.33023717985977,0.204431548563556,TRUE
34,"plugin","mu",0.1,0.100460139103742,0.0766860075030249,0.125382817030248,0.0486968095272228,TRUE
34,"plugin","K",0.21,0.183426352271533,0.140278508884992,0.241179524419681,0.100901015534689,TRUE
34,"plugin","alpha",0.7,0.735605102117659,0.685242383055246,0.783705437465361,0.0984630544101146,TRUE
34,"plugin","c",0.01,0.0127872627572938,0.00689212974523872,0.0223006000981048,0.015408470352866,TRUE
34,"plugin","p",1.2,1.24235115257054,1.16414472547361,1.3362614771228,0.172116751649188,TRUE
35,"naive","mu",0.1,0.0794207720889478,0.0547504937057943,0.107595592361353,0.0528450986555591,TRUE
35,"naive","K",0.21,0.367008548881096,0.282192328100464,0.507764440330787,0.225572112230323,FALSE
35,"naive","alpha",0.7,0.579472743630132,0.519138899360194,0.631529925920495,0.112391026560301,FALSE
35,"naive","c",0.01,0.0111868476362855,0.0064998166955906,0.0192734759808802,0.0127736592852896,TRUE
35,"naive","p",1.2,1.15627347817024,1.09144573609217,1.24202001031796,0.15057427422579,TRUE
35,"plugin","mu",0.1,0.0906090630075694,0.0646655180830138,0.118543659757293,0.0538781416742795,TRUE
35,"plugin","K",0.21,0.243640268296422,0.186222394287797,0.331190431561096,0.144968037273299,TRUE
35,"plugin","alpha",0.7,0.694338282211509,0.643913796119666,0.743775223425573,0.099861427305907,TRUE
35,"plugin","c",0.01,0.00920369468164587,0.00534808519799222,0.0154707980534325,0.0101227128554403,TRUE
35,"plugin","p",1.2,1.17682838854255,1.11012899555623,1.25907411256548,0.148945117009247,TRUE
36,"naive","mu",0.1,0.0752340354683127,0.0483214083581954,0.104051072606473,0.0557296642482779,TRUE
36,"naive","K",0.21,0.343536554648762,0.253882371364228,0.518610087430545,0.264727716066317,FALSE
36,"naive","alpha",0.7,0.592534482027218,0.532783067943674,0.647530303502147,0.114747235558472,FALSE
36,"naive","c",0.01,0.01641322503547,0.00777635892043796,0.0317274793335654,0.0239511204131274,TRUE
36,"naive","p",1.2,1.16225647171104,1.08218538207246,1.26470102503899,0.18251564296653,TRUE
36,"plugin","mu",0.1,0.0871585233597771,0.0614197001037076,0.115664806294564,0.0542451061908567,TRUE
36,"plugin","K",0.21,0.229731014198207,0.1711244433482,0.328805827478608,0.157681384130408,TRUE
36,"plugin","alpha",0.7,0.706523264401647,0.649398181313406,0.758084239608217,0.108686058294811,TRUE
36,"plugin","c",0.01,0.011390831980605,0.00580614810243123,0.0221277590184171,0.0163216109159858,TRUE
36,"plugin","p",1.2,1.17520926745962,1.10225612429588,1.27804247813456,0.175786353838681,TRUE
37,"naive","mu",0.1,0.104482996395487,0.0744566620655213,0.133244325688802,0.0587876636232808,TRUE
37,"naive","K",0.21,0.289862753219097,0.218542590090108,0.39309221738585,0.174549627295742,FALSE
37,"naive","alpha",0.7,0.576807300672757,0.511651723019987,0.635873253083219,0.124221530063232,FALSE
37,"naive","c",0.01,0.0213069397168521,0.0104305426000696,0.0417905563308471,0.0313600137307775,FALSE
37,"naive","p",1.2,1.25373586715327,1.14193218850095,1.4014333654601,0.259501176959155,TRUE
37,"plugin","mu",0.1,0.115715824761722,0.0887466822489019,0.143399171202294,0.0546524889533921,TRUE
37,"plugin","K",0.21,0.190450813500249,0.143630384462975,0.255632007855096,0.11200162339212,TRUE
37,"plugin","alpha",0.7,0.70786062073445,0.648854705704238,0.762513548630064,0.113658842925826,TRUE
37,"plugin","c",0.01,0.0163877022642955,0.00841092273062381,0.0311218418847636,0.0227109191541398,TRUE
37,"plugin","p",1.2,1.27584080525571,1.17932664306182,1.41204356701302,0.232716923951194,TRUE
38,"naive","mu",0.1,0.121530143757085,0.0970899313543286,0.146760544471208,0.0496706131168792,TRUE
38,"naive","K",0.21,0.17336795130704,0.132490776749597,0.227972458070552,0.0954816813209556,TRUE
38,"naive","alpha",0.7,0.706359933674361,0.660265629282628,0.750724181851853,0.0904585525692243,TRUE
38,"naive","c",0.01,0.0203517961647265,0.0115389954390243,0.0354370171838142,0.0238980217447899,FALSE
38,"naive","p",1.2,1.26728164499967,1.17374112897704,1.39148483956538,0.217743710588341,TRUE
38,"plugin","mu",0.1,0.129976093314138,0.106634588162791,0.154965148412212,0.0483305602494212,FALSE
38,"plugin","K",0.21,0.135042483139177,0.103982688373177,0.175008997260874,0.071026308887697,FALSE
38,"plugin","alpha",0.7,0.763786860500746,0.723066628605657,0.802838485252992,0.0797718566473351,FALSE
38,"plugin","c",0.01,0.01629483975493,0.00955563929982485,0.0274630086368702,0.0179073693370454,TRUE
38,"plugin","p",1.2,1.28916491148432,1.19670821165015,1.40151975888976,0.204811547239608,TRUE
39,"naive","mu",0.1,0.089994520705828,0.0627378819454047,0.117343313530137,0.0546054315847318,TRUE
39,"naive","K",0.21,0.299122804770791,0.200519365643046,0.578789635506405,0.378270269863359,TRUE
39,"naive","alpha",0.7,0.575393458991004,0.50454896673194,0.637415769753924,0.132866803021984,FALSE
39,"naive","c",0.01,0.00947558898647401,0.0040323431379088,0.0208143780411529,0.0167820349032441,TRUE
39,"naive","p",1.2,1.15037514366771,1.05381343967025,1.29127744907521,0.237464009404956,TRUE
39,"plugin","mu",0.1,0.10787145626187,0.082399713888393,0.13452908907148,0.0521293751830875,TRUE
39,"plugin","K",0.21,0.157014090182611,0.106989846133918,0.239107388047826,0.132117541913908,TRUE
39,"plugin","alpha",0.7,0.727009933774069,0.66016925993613,0.791308678313781,0.131139418377651,TRUE
39,"plugin","c",0.01,0.00708339721046965,0.00308822097894392,0.0159977134024628,0.0129094924235189,TRUE
39,"plugin","p",1.2,1.23023312667307,1.12308987459079,1.38740219133481,0.264312316744026,TRUE
40,"naive","mu",0.1,0.096315745689119,0.0682295487711524,0.124806953558159,0.0565774047870064,TRUE
40,"naive","K",0.21,0.272783045111621,0.206493943056462,0.384265922890627,0.177771979834165,TRUE
40,"naive","alpha",0.7,0.613134966266576,0.558735621334693,0.663016254102056,0.104280632767363,FALSE
40,"naive","c",0.01,0.0163552011675861,0.00872891771216429,0.0291633941953592,0.0204344764831949,TRUE
40,"naive","p",1.2,1.20774858518056,1.11722329209231,1.32066308367415,0.203439791581835,TRUE
40,"plugin","mu",0.1,0.110715225902088,0.083268014766725,0.1389085548842,0.0556405401174746,TRUE
40,"plugin","K",0.21,0.179632292855957,0.133811617766914,0.238465662894019,0.104654045127105,TRUE
40,"plugin","alpha",0.7,0.724071613237084,0.674001560957099,0.773486674754775,0.0994851137976754,TRUE
40,"plugin","c",0.01,0.0131459461096129,0.00728756281233912,0.022562961956496,0.0152753991441569,TRUE
40,"plugin","p",1.2,1.24866381814365,1.15482358279908,1.35958734278059,0.204763759981506,TRUE
41,"naive","mu",0.1,0.0861355723511137,0.061092372541157,0.112737152368716,0.0516447798275594,TRUE
41,"naive","K",0.21,0.31446366891532,0.232860318802261,0.430326446865119,0.197466128062858,FALSE
41,"naive","alpha",0.7,0.57439138799239,0.504758832138412,0.637323617671353,0.13256478553294,FALSE
41,"naive","c",0.01,0.0206563189395283,0.0106962882647918,0.0407967324261512,0.0301004441613594,FALSE
41,"naive","p",1.2,1.21961784555821,1.12766849955125,1.34760527542745,0.219936775876205,TRUE
41,"plugin","mu",0.1,0.0960283446319062,0.0729963907842046,0.121644342080785,0.0486479512965801,TRUE
41,"plugin","K",0.21,0.205356667954674,0.153805521448096,0.27799762453482,0.124192103086725,TRUE
41,"plugin","alpha",0.7,0.706905004762974,0.647212765115952,0.762945577011647,0.115732811895695,TRUE
41,"plugin","c",0.01,0.0138890704375265,0.00709646483688928,0.0260023364123356,0.0189058715754464,TRUE
41,"plugin","p",1.2,1.23054948433531,1.14410430831369,1.33734485653574,0.193240548222049,TRUE
42,"naive","mu",0.1,0.0978267534332165,0.0715840704794264,0.125683997489025,0.0540999270095988,TRUE
42,"naive","K",0.21,0.317508237357354,0.236296220677055,0.45495284668391,0.218656626006855,FALSE
42,"naive","alpha",0.7,0.580374025405939,0.51552722483054,0.641088994883291,0.125561770052751,FALSE
42,"naive","c",0.01,0.0137364004313833,0.00694474443256046,0.0274808967509091,0.0205361523183486,TRUE
42,"naive","p",1.2,1.18241702092025,1.09760921780174,1.29657465737789,0.198965439576147,TRUE
42,"plugin","mu",0.1,0.110674510772259,0.0856938077943518,0.135909649382605,0.0502158415882537,TRUE
42,"plugin","K",0.21,0.199999099470399,0.1480343843451,0.276829498892299,0.128795114547199,TRUE
42,"plugin","alpha",0.7,0.713193574974446,0.654544638152902,0.767428110886002,0.1128834727331,TRUE
42,"plugin","c",0.01,0.00992114644605188,0.00492264503528256,0.0191705019301763,0.0142478568948938,TRUE
42,"plugin","p",1.2,1.20109792065654,1.12045467575891,1.30344056595751,0.182985890198599,TRUE
43,"naive","mu",0.1,0.0826049565602016,0.0534998068476172,0.114710330339375,0.0612105234917576,TRUE
43,"naive","K",0.21,0.431336068336336,0.272721923310906,0.962827018987626,0.69010509567672,FALSE
43,"naive","alpha",0.7,0.587558771379839,0.524658245099287,0.646384757922379,0.121726512823091,FALSE
43,"naive","c",0.01,0.0134304741797628,0.00668725425984922,0.0269766187769634,0.0202893645171142,TRUE
43,"naive","p",1.2,1.09949434494577,1.0340105921544,1.20146066265882,0.167450070504418,TRUE
43,"plugin","mu",0.1,0.105324671333246,0.0762216026198753,0.13858748116725,0.0623658785473749,TRUE
43,"plugin","K",0.21,0.221918729741202,0.14760214356843,0.373755084161382,0.226152940592952,TRUE
43,"plugin","alpha",0.7,0.715934418777447,0.658837222568433,0.77402121206873,0.115183989500297,TRUE
43,"plugin","c",0.01,0.00905014110869628,0.00442791771756669,0.0182808761358818,0.0138529584183152,TRUE
43,"plugin","p",1.2,1.15438460707739,1.07117468929869,1.26163720356304,0.190462514264343,TRUE
44,"naive","mu",0.1,0.0968839468994712,0.0698802955590075,0.127445494317185,0.0575651987581773,TRUE
44,"naive","K",0.21,0.301915926700374,0.230093574443636,0.403308201338431,0.173214626894795,FALSE
44,"naive","alpha",0.7,0.574703780524191,0.513498788352816,0.630486401803561,0.116987613450745,FALSE
44,"naive","c",0.01,0.0169015528493037,0.00865657573510267,0.0319978367167699,0.0233412609816672,TRUE
44,"naive","p",1.2,1.22095165192249,1.13021762697888,1.35401303902438,0.223795412045504,TRUE
44,"plugin","mu",0.1,0.110026900034144,0.0821711819833863,0.138676124975046,0.0565049429916597,TRUE
44,"plugin","K",0.21,0.199417569296357,0.152837958035215,0.265740986735216,0.112903028700001,TRUE
44,"plugin","alpha",0.7,0.700534149591468,0.641038940703726,0.75234468074549,0.111305740041764,TRUE
44,"plugin","c",0.01,0.013288366982571,0.00667858288491819,0.0246141434480129,0.0179355605630947,TRUE
44,"plugin","p",1.2,1.24980689294807,1.15407342237219,1.37276034828038,0.218686925908195,TRUE
45,"naive","mu",0.1,0.0875747051199512,0.0609288089545009,0.113523732107208,0.0525949231527076,TRUE
45,"naive","K",0.21,0.32378643202413,0.251964335304111,0.435537282928055,0.183572947623944,FALSE
45,"naive","alpha",0.7,0.57641182954646,0.512898761510252,0.631802114903469,0.118903353393217,FALSE
45,"naive","c",0.01,0.0164775134793608,0.00907211053301168,0.0294133803686485,0.0203412698356368,TRUE
45,"naive","p",1.2,1.20847195891206,1.12453844223479,1.31046157737123,0.185923135136441,TRUE
45,"plugin","mu",0.1,0.0990697957666504,0.0739122984906471,0.123393369209171,0.0494810707185234,TRUE
45,"plugin","K",0.21,0.219443473925887,0.171008169306548,0.288079103906523,0.117070934599975,TRUE
45,"plugin","alpha",0.7,0.703609379574486,0.648454934272662,0.754702516054828,0.106247581782165,TRUE
45,"plugin","c",0.01,0.0119270239943236,0.00663689068369666,0.0210305244913837,0.014393633807687,TRUE
45,"plugin","p",1.2,1.22635295928192,1.14804895194671,1.31563547862346,0.167586526676744,TRUE
46,"naive","mu",0.1,0.114287063132184,0.0842604960188643,0.144777121327224,0.0605166253083597,TRUE
46,"naive","K",0.21,0.260889936201318,0.197597594503628,0.359503404211946,0.161905809708318,TRUE
46,"naive","alpha",0.7,0.615843499111221,0.552687475465385,0.671417639349245,0.11873016388386,FALSE
46,"naive","c",0.01,0.0144007351434205,0.00771987171123835,0.0258795015121146,0.0181596298008762,TRUE
46,"naive","p",1.2,1.21255941153702,1.12711841953153,1.31338688047775,0.186268460946219,TRUE
46,"plugin","mu",0.1,0.130935253560285,0.103409733524547,0.161023461273219,0.0576137277486717,FALSE
46,"plugin","K",0.21,0.154580120975052,0.114154353138082,0.209375147032055,0.095220793893973,FALSE
46,"plugin","alpha",0.7,0.749643960274581,0.694276016796231,0.802723540217981,0.10844752342175,TRUE
46,"plugin","c",0.01,0.0118058376323079,0.00666464288073681,0.0206034767825099,0.0139388339017731,TRUE
46,"plugin","p",1.2,1.23990638362578,1.15830301840668,1.33741768224901,0.179114663842331,TRUE
47,"naive","mu",0.1,0.0959084956740275,0.0685276592863912,0.12510038040292,0.0565727211165289,TRUE
47,"naive","K",0.21,0.296824057458719,0.227749253821603,0.403569535497099,0.175820281675495,FALSE
47,"naive","alpha",0.7,0.577307105066217,0.517102747889438,0.633593521707219,0.116490773817781,FALSE
47,"naive","c",0.01,0.0177844292048956,0.00911263044413684,0.0321255462370897,0.0230129157929529,TRUE
47,"naive","p",1.2,1.23423456557709,1.1379463393684,1.35914658412182,0.221200244753426,TRUE
47,"plugin","mu",0.1,0.107866890193463,0.07937037089472,0.135908880573655,0.0565385096789346,TRUE
47,"plugin","K",0.21,0.196163062899688,0.148997098281149,0.262681947088662,0.113684848807513,TRUE
47,"plugin","alpha",0.7,0.70446736182898,0.646172698513399,0.757237465276264,0.111064766762865,TRUE
47,"plugin","c",0.01,0.0141193573114796,0.00748453772854559,0.0256240228506193,0.0181394851220737,TRUE
47,"plugin","p",1.2,1.25284860447724,1.16201884580733,1.36390644901834,0.201887603211008,TRUE
48,"naive","mu",0.1,0.0949899184858519,0.0672432995021504,0.125461143610731,0.0582178441085805,TRUE
48,"naive","K",0.21,0.309036963989921,0.245135552450646,0.398173051752136,0.15303749930149,FALSE
48,"naive","alpha",0.7,0.572456675358486,0.514187364535673,0.62388282935195,0.109695464816276,FALSE
48,"naive","c",0.01,0.0142147911068744,0.00800218430852502,0.0253242519999567,0.0173220676914317,TRUE
48,"naive","p",1.2,1.22995834053118,1.14634522769287,1.35081826679808,0.204473039105215,TRUE
48,"plugin","mu",0.1,0.105279426556366,0.0780021303212114,0.134074133186704,0.0560720028654929,TRUE
48,"plugin","K",0.21,0.2129222354294,0.166147196266262,0.275083860025817,0.108936663759555,TRUE
48,"plugin","alpha",0.7,0.688749628313338,0.633603904521782,0.739829101622468,0.106225197100686,TRUE
48,"plugin","c",0.01,0.0121655780765483,0.00672652463294539,0.021160143029303,0.0144336183963576,TRUE
48,"plugin","p",1.2,1.24757326384002,1.16459469780072,1.35608953494935,0.191494837148628,TRUE
49,"naive","mu",0.1,0.0926162724503299,0.0596893231689456,0.124000143315008,0.0643108201460621,TRUE
49,"naive","K",0.21,0.328871185871108,0.244461746630839,0.514831949210043,0.270370202579203,FALSE
49,"naive","alpha",0.7,0.610902091389371,0.554979572401132,0.660110699078131,0.105131126676999,FALSE
49,"naive","c",0.01,0.0128985636938815,0.00690122062363733,0.0224248317698006,0.0155236111461632,TRUE
49,"naive","p",1.2,1.15237652936775,1.07457683759766,1.24630471128583,0.171727873688162,TRUE
49,"plugin","mu",0.1,0.113097176065319,0.0816559335957887,0.145100369018727,0.0634444354229382,TRUE
49,"plugin","K",0.21,0.200379275472385,0.148089735102509,0.280043506978596,0.131953771876087,TRUE
49,"plugin","alpha",0.7,0.733496852171732,0.684540307266249,0.782444093227086,0.0979037859608362,TRUE
49,"plugin","c",0.01,0.00999312692570653,0.00537551654198974,0.0173761395892007,0.0120006230472109,TRUE
49,"plugin","p",1.2,1.18567484263698,1.11228131200519,1.2817888143802,0.169507502375008,TRUE
50,"naive","mu",0.1,0.0719907035953866,0.0457547250482841,0.100186543709024,0.0544318186607399,TRUE
50,"naive","K",0.21,0.382536995873398,0.267180198906355,0.662687010789407,0.395506811883052,FALSE
50,"naive","alpha",0.7,0.608917956177319,0.547045817461366,0.66532481066869,0.118278993207324,FALSE
50,"naive","c",0.01,0.00865223263718344,0.00423254346530525,0.0177127861627858,0.0134802426974806,TRUE
50,"naive","p",1.2,1.11034240263849,1.04734299609691,1.20181768490488,0.154474688807972,TRUE
50,"plugin","mu",0.1,0.085527773486716,0.0604755801868327,0.112158912389352,0.0516833322025198,TRUE
50,"plugin","K",0.21,0.207960294335058,0.147969845205159,0.318005353292395,0.170035508087236,TRUE
50,"plugin","alpha",0.7,0.764610647097622,0.710375571563825,0.817071910881357,0.106696339317532,FALSE
50,"plugin","c",0.01,0.00526452269267955,0.00245880940638801,0.0106544029515991,0.00819559354521113,TRUE
50,"plugin","p",1.2,1.12900870181436,1.06801674087671,1.20805652985472,0.140039788978013,TRUE
51,"naive","mu",0.1,0.0898490839029382,0.0643699175182704,0.117743317851275,0.0533734003330043,TRUE
51,"naive","K",0.21,0.288712744784454,0.237400212429624,0.348856074603627,0.111455862174003,FALSE
51,"naive","alpha",0.7,0.622119881733899,0.576017571641155,0.669603230011622,0.093585658370467,FALSE
51,"naive","c",0.01,0.0134878221635317,0.0088380066575775,0.0204606694430369,0.0116226627854594,TRUE
51,"naive","p",1.2,1.2206304860564,1.16599361744461,1.28552413493026,0.119530517485645,TRUE
51,"plugin","mu",0.1,0.0978995621145508,0.0722756508406876,0.125740873227529,0.0534652223868415,TRUE
51,"plugin","K",0.21,0.193302902990733,0.154899481494453,0.239820956056928,0.0849214745624753,TRUE
51,"plugin","alpha",0.7,0.741047016661523,0.694061801855013,0.785835145675784,0.0917733438207707,TRUE
51,"plugin","c",0.01,0.0109666655991636,0.00725530723996986,0.0163197342142193,0.00906442697424949,TRUE
51,"plugin","p",1.2,1.21936180298445,1.16662459576566,1.27733039034761,0.110705794581955,TRUE
52,"naive","mu",0.1,0.0908932181499163,0.0667535955579439,0.116767263682425,0.050013668124481,TRUE
52,"naive","K",0.21,0.265872462151947,0.199283648489415,0.367686047937297,0.168402399447882,TRUE
52,"naive","alpha",0.7,0.610642212610798,0.541768570904449,0.669098939957932,0.127330369053483,FALSE
52,"naive","c",0.01,0.0221778131667763,0.0110269300805926,0.0433243569290254,0.0322974268484328,FALSE
52,"naive","p",1.2,1.23343602382503,1.13312763706574,1.36462536045611,0.231497723390369,TRUE
52,"plugin","mu",0.1,0.104684214895383,0.0811919198022028,0.128517087111719,0.0473251673095163,TRUE
52,"plugin","K",0.21,0.154136887857132,0.113260505556706,0.208974571832744,0.0957140662760376,FALSE
52,"plugin","alpha",0.7,0.766994699745331,0.708859672332389,0.823008047960436,0.114148375628047,FALSE
52,"plugin","c",0.01,0.0127912261545803,0.00653564186146944,0.0241926710438418,0.0176570291823724,TRUE
52,"plugin","p",1.2,1.25471019081419,1.16771316551534,1.36688565188638,0.199172486371034,TRUE
53,"naive","mu",0.1,0.122948460393954,0.0928179836155496,0.153982160791501,0.0611641771759512,TRUE
53,"naive","K",0.21,0.294333661408614,0.222414409208091,0.38942677523067,0.16701236602258,FALSE
53,"naive","alpha",0.7,0.545239710316854,0.470347608210244,0.609304935308901,0.138957327098657,FALSE
53,"naive","c",0.01,0.02018916445945,0.0106094928564191,0.0386274933150974,0.0280180004586783,FALSE
53,"naive","p",1.2,1.27565969760207,1.16022845883212,1.44884754346672,0.288619084634598,TRUE
53,"plugin","mu",0.1,0.13378996978516,0.104099129959435,0.1618792989375,0.057780168978065,FALSE
53,"plugin","K",0.21,0.188526354655765,0.138599298407354,0.258967950483832,0.120368652076477,TRUE
53,"plugin","alpha",0.7,0.695671687470362,0.627588073010368,0.756703524403615,0.129115451393247,TRUE
53,"plugin","c",0.01,0.0150388000357015,0.0080072984245095,0.0270999952813446,0.0190926968568351,TRUE
53,"plugin","p",1.2,1.28760182001103,1.17519505428985,1.42166602919308,0.24647097490323,TRUE
54,"naive","mu",0.1,0.0902174980822721,0.0658564457767309,0.116167573753463,0.0503111279767317,TRUE
54,"naive","K",0.21,0.289712960419034,0.233562931160407,0.364901767884408,0.131338836724001,FALSE
54,"naive","alpha",0.7,0.603960195687495,0.551677660645269,0.651329905514058,0.0996522448687884,FALSE
54,"naive","c",0.01,0.0201753366058705,0.011437753779324,0.0341528247477868,0.0227150709684628,FALSE
54,"naive","p",1.2,1.24366012946731,1.16383168713538,1.34037073731748,0.176539050182098,TRUE
54,"plugin","mu",0.1,0.0985933157976913,0.07516790237876,0.123845061950499,0.0486771595717391,TRUE
54,"plugin","K",0.21,0.215530206680001,0.169334182983597,0.274347451938874,0.105013268955277,TRUE
54,"plugin","alpha",0.7,0.690451972898269,0.638947288855136,0.737739148606407,0.098791859751271,TRUE
54,"plugin","c",0.01,0.0165168330446151,0.00969604421860715,0.0278128003756189,0.0181167561570118,TRUE
54,"plugin","p",1.2,1.24859091293907,1.17636438824597,1.34061186196792,0.164247473721949,TRUE
55,"naive","mu",0.1,0.10685112652603,0.0764534900461445,0.140185136205204,0.0637316461590595,TRUE
55,"naive","K",0.21,0.264321882383127,0.193463070074794,0.38891545200093,0.195452381926136,TRUE
55,"naive","alpha",0.7,0.643409910592365,0.57818666983044,0.697804234212517,0.119617564382077,FALSE
55,"naive","c",0.01,0.0158471387490674,0.00820544256033494,0.0304780809410558,0.0222726383807208,TRUE
55,"naive","p",1.2,1.17819273004313,1.09723563440378,1.29017979178015,0.192944157376371,TRUE
55,"plugin","mu",0.1,0.127732207276176,0.0969560485065592,0.156279917221969,0.0593238687154093,TRUE
55,"plugin","K",0.21,0.143664772089404,0.105430502864112,0.204464891051014,0.0990343881869024,FALSE
55,"plugin","alpha",0.7,0.795167926540199,0.739815907518356,0.845576958720151,0.105761051201796,FALSE
55,"plugin","c",0.01,0.00947376862543425,0.00470835844612884,0.0174991460914825,0.0127907876453536,TRUE
55,"plugin","p",1.2,1.21346693155885,1.1274308780619,1.30712166771161,0.179690789649717,TRUE
56,"naive","mu",0.1,0.137216067241326,0.107873233044257,0.167469552105759,0.0595963190615022,FALSE
56,"naive","K",0.21,0.255032910235983,0.203552811850061,0.321788789686446,0.118235977836385,TRUE
56,"naive","alpha",0.7,0.617680672605046,0.566789539453357,0.666385925601245,0.0995963861478882,FALSE
56,"naive","c",0.01,0.0200170791148514,0.0115587608080362,0.0344230712983655,0.0228643104903293,FALSE
56,"naive","p",1.2,1.26561808631031,1.18040643581155,1.37662078995699,0.196214354145441,TRUE
56,"plugin","mu",0.1,0.153339942988317,0.122681650797317,0.182832580310284,0.0601509295129672,FALSE
56,"plugin","K",0.21,0.168474901076814,0.131018052231648,0.212292105919101,0.0812740536874534,TRUE
56,"plugin","alpha",0.7,0.737680739719216,0.691321513132174,0.785970773559703,0.0946492604275289,TRUE
56,"plugin","c",0.01,0.0153252820672172,0.0093033310204003,0.0258346220584745,0.0165312910380742,TRUE
56,"plugin","p",1.2,1.28870763805878,1.20592100280722,1.39168951379228,0.185768510985057,FALSE
57,"naive","mu",0.1,0.0751654546436304,0.0519127478106342,0.101690462185528,0.0497777143748937,TRUE
57,"naive","K",0.21,0.252076580846111,0.187600262773698,0.334560595995168,0.146960333221471,TRUE
57,"naive","alpha",0.7,0.662248966515394,0.614488787505154,0.710191703952484,0.0957029164473299,TRUE
57,"naive","c",0.01,0.0234770480253094,0.0129565229990643,0.0412902027063234,0.0283336797072591,FALSE
57,"naive","p",1.2,1.18412373005792,1.11465704662441,1.26974433602494,0.155087289400535,TRUE
57,"plugin","mu",0.1,0.0820978939221702,0.0595009989445233,0.108848823952751,0.0493478250082279,TRUE
57,"plugin","K",0.21,0.193230825734487,0.142061071305761,0.25950019997792,0.117439128672158,TRUE
57,"plugin","alpha",0.7,0.725418645101213,0.680287959512281,0.772535444688099,0.0922474851758175,TRUE
57,"plugin","c",0.01,0.0173940565045023,0.00977979021938319,0.0303336926461258,0.0205539024267426,TRUE
57,"plugin","p",1.2,1.18616275630161,1.1226675058313,1.26510047117769,0.142432965346389,TRUE
58,"naive","mu",0.1,0.0701963732718045,0.0479416814287416,0.0947131169391212,0.0467714355103796,FALSE
58,"naive","K",0.21,0.309673940858538,0.243057380298128,0.405213840149813,0.162156459851686,FALSE
58,"naive","alpha",0.7,0.614995084965631,0.566794632903374,0.661278447836003,0.0944838149326296,FALSE
58,"naive","c",0.01,0.0134023096537709,0.00763229007074068,0.0224695044780821,0.0148372144073414,TRUE
58,"naive","p",1.2,1.17309321815932,1.10941962139542,1.24838568536873,0.138966063973306,TRUE
58,"plugin","mu",0.1,0.0764796607023369,0.0546889338073495,0.101329944765008,0.0466410109576586,TRUE
58,"plugin","K",0.21,0.239238206277011,0.187145491242784,0.306693442668709,0.119547951425926,TRUE
58,"plugin","alpha",0.7,0.68515718988555,0.641153649367594,0.726252093037957,0.0850984436703636,TRUE
58,"plugin","c",0.01,0.0107229715236986,0.0061449378722637,0.0183518173683914,0.0122068794961277,TRUE
58,"plugin","p",1.2,1.18143705163148,1.1225339330015,1.2537558021979,0.131221869196402,TRUE
59,"naive","mu",0.1,0.0796161058697138,0.0549972750405695,0.104867109834744,0.0498698347941747,TRUE
59,"naive","K",0.21,0.284993867270973,0.204825210007687,0.444568229845585,0.239743019837898,TRUE
59,"naive","alpha",0.7,0.637076148657628,0.575234237957235,0.692290643266393,0.117056405309158,FALSE
59,"naive","c",0.01,0.0151061280958671,0.0066079792631052,0.0333153000543086,0.0267073207912034,TRUE
59,"naive","p",1.2,1.16490115243378,1.08278495044297,1.28069498705517,0.197910036612191,TRUE
59,"plugin","mu",0.1,0.0945102593890784,0.0698984414000065,0.119903574561786,0.0500051331617796,TRUE
59,"plugin","K",0.21,0.156382490656853,0.110325041347295,0.224913103334016,0.114588061986721,TRUE
59,"plugin","alpha",0.7,0.788692470060824,0.729928090515587,0.845997677973127,0.11606958745754,FALSE
59,"plugin","c",0.01,0.00746266661059696,0.00349951895731619,0.0158434282040716,0.0123439092467554,TRUE
59,"plugin","p",1.2,1.18251060871492,1.10929433300071,1.27386855931935,0.164574226318647,TRUE
60,"naive","mu",0.1,0.105130210276486,0.0772493523415603,0.13481616116874,0.0575668088271799,TRUE
60,"naive","K",0.21,0.2595785592404,0.199318513973353,0.33418769353064,0.134869179557287,TRUE
60,"naive","alpha",0.7,0.630667845265544,0.578496225532949,0.679321840040184,0.100825614507236,FALSE
60,"naive","c",0.01,0.0156128269198011,0.00833708500521758,0.0283262238773892,0.0199891388721716,TRUE
60,"naive","p",1.2,1.22710095036104,1.14352331805042,1.33636838364355,0.192845065593123,TRUE
60,"plugin","mu",0.1,0.117089538626637,0.0921728283899893,0.145272395895566,0.0530995675055766,TRUE
60,"plugin","K",0.21,0.17397303440565,0.132136978943365,0.226598450808793,0.0944614718654277,TRUE
60,"plugin","alpha",0.7,0.739001718999698,0.688249220182308,0.788035083563452,0.099785863381144,TRUE
60,"plugin","c",0.01,0.011939255923611,0.00675586970382395,0.0212272635067063,0.0144713938028823,TRUE
60,"plugin","p",1.2,1.24545115751105,1.17079881683415,1.34775817008373,0.176959353249581,TRUE
61,"naive","mu",0.1,0.0846702783018603,0.0538549394156801,0.113757994941342,0.0599030555256618,TRUE
61,"naive","K",0.21,0.31442335364563,0.225050916824228,0.491021308512106,0.265970391687878,FALSE
61,"naive","alpha",0.7,0.564146396281711,0.496980144622651,0.625414542472407,0.128434397849756,FALSE
61,"naive","c",0.01,0.0176416914742204,0.00803246416352996,0.0376754681917748,0.0296430040282449,TRUE
61,"naive","p",1.2,1.19058443562921,1.08981801865454,1.32932396853787,0.23950594988333,TRUE
61,"plugin","mu",0.1,0.0977237858866432,0.0700045786174657,0.12734240578284,0.0573378271653742,TRUE
61,"plugin","K",0.21,0.202432798352922,0.140622841016974,0.296790500957634,0.15616765994066,TRUE
61,"plugin","alpha",0.7,0.687620391939588,0.624486366411244,0.74974703052737,0.125260664116126,TRUE
61,"plugin","c",0.01,0.0127896698892434,0.00574329347479452,0.0270390713302607,0.0212957778554662,TRUE
61,"plugin","p",1.2,1.2166270342143,1.11863468258036,1.35611946396514,0.237484781384774,TRUE
62,"naive","mu",0.1,0.0969571090222756,0.0690449977659597,0.12745292624844,0.0584079284824808,TRUE
62,"naive","K",0.21,0.298980822459348,0.218972419075964,0.436472497663711,0.217500078587747,FALSE
62,"naive","alpha",0.7,0.607478759445746,0.543873722605725,0.668044515034978,0.124170792429252,FALSE
62,"naive","c",0.01,0.0141530019563478,0.00753727459830825,0.0272401290388375,0.0197028544405292,TRUE
62,"naive","p",1.2,1.17207955211467,1.09309661293116,1.27444130447224,0.181344691541078,TRUE
62,"plugin","mu",0.1,0.113188121491494,0.0841728318920061,0.140886882638791,0.0567140507467851,TRUE
62,"plugin","K",0.21,0.17337110196032,0.125343112145386,0.247301211135728,0.121958098990341,TRUE
62,"plugin","alpha",0.7,0.748911492077122,0.690446798970288,0.803941270261658,0.11349447129137,TRUE
62,"plugin","c",0.01,0.00979126203249401,0.00519301569685996,0.0180256572640949,0.012832641567235,TRUE
62,"plugin","p",1.2,1.19600936388255,1.12261398547805,1.28955055147526,0.166936565997216,TRUE
63,"naive","mu",0.1,0.0746479046762165,0.0475998106681975,0.104512750298199,0.0569129396300013,TRUE
63,"naive","K",0.21,0.39775476800025,0.265756750653718,0.747476284211412,0.481719533557694,FALSE
63,"naive","alpha",0.7,0.561586213349333,0.494342960010114,0.62329044493034,0.128947484920227,FALSE
63,"naive","c",0.01,0.0132757723085453,0.00613192936767897,0.0280576114850422,0.0219256821173632,TRUE
63,"naive","p",1.2,1.13083761275288,1.05174360203641,1.24425936594388,0.192515763907477,TRUE
63,"plugin","mu",0.1,0.0920353281751878,0.0647267545086073,0.120462484335347,0.0557357298267395,TRUE
63,"plugin","K",0.21,0.231216997811321,0.161404801863623,0.374876083920711,0.213471282057088,TRUE
63,"plugin","alpha",0.7,0.693741549543584,0.631525666148049,0.750353441869069,0.11882777572102,TRUE
63,"plugin","c",0.01,0.00980571782912282,0.00420447736603122,0.0203815971529833,0.0161771197869521,TRUE
63,"plugin","p",1.2,1.17648252679919,1.08020158637939,1.28537207682352,0.205170490444127,TRUE
64,"naive","mu",0.1,0.0860686901878431,0.0593693256551484,0.111756039256797,0.0523867136016491,TRUE
64,"naive","K",0.21,0.287012090783999,0.222476747932899,0.378603201721926,0.156126453789027,FALSE
64,"naive","alpha",0.7,0.59110799227279,0.536301427356088,0.643775342103514,0.107473914747426,FALSE
64,"naive","c",0.01,0.0326802596479435,0.0174391919759252,0.0590432013562501,0.041604009380325,FALSE
64,"naive","p",1.2,1.27516210951995,1.16880989595234,1.41424844732781,0.245438551375471,TRUE
64,"plugin","mu",0.1,0.0953027535411468,0.0691734818060493,0.121370096211531,0.0521966144054822,TRUE
64,"plugin","K",0.21,0.206739536486093,0.156646543598657,0.27389310410709,0.117246560508433,TRUE
64,"plugin","alpha",0.7,0.693945041971137,0.63973362155989,0.747628301690059,0.107894680130169,TRUE
64,"plugin","c",0.01,0.0226619572710915,0.0121100461980117,0.0398424060687241,0.0277323598707124,FALSE
64,"plugin","p",1.2,1.28710914212733,1.18960229252682,1.41131686846889,0.221714575942069,TRUE
65,"naive","mu",0.1,0.110002294909165,0.0827496852321867,0.138629591134939,0.0558799059027523,TRUE
65,"naive","K",0.21,0.239795036076032,0.184844476896347,0.319338636552865,0.134494159656518,TRUE
65,"naive","alpha",0.7,0.603932413451734,0.544043688240856,0.656217549693883,0.112173861453027,FALSE
65,"naive","c",0.01,0.0273589471648311,0.0139869431382992,0.0525437532780712,0.038556810139772,FALSE
65,"naive","p",1.2,1.31921997474485,1.19168724452059,1.51245322721006,0.320765982689475,TRUE
65,"plugin","mu",0.1,0.1189167417647,0.0924188282082049,0.145885805329083,0.0534669771208779,TRUE
65,"plugin","K",0.21,0.162990065351478,0.122056629817974,0.215254803032472,0.093198173214498,TRUE
65,"plugin","alpha",0.7,0.723739389503348,0.671024520340805,0.778944292940541,0.107919772599736,TRUE
65,"plugin","c",0.01,0.0188359640983608,0.00972779109894552,0.0350910278910448,0.0253632367920992,TRUE
65,"plugin","p",1.2,1.32821992875213,1.21296592038366,1.48510727683121,0.272141356447554,FALSE
66,"naive","mu",0.1,0.0971687184088589,0.0691587305865911,0.125744994062272,0.0565862634756806,TRUE
66,"naive","K",0.21,0.242026280842585,0.17753362474986,0.344196201053177,0.166662576303317,TRUE
66,"naive","alpha",0.7,0.630961603172545,0.567859971006267,0.684165457989773,0.116305486983506,FALSE
66,"naive","c",0.01,0.0197731689843142,0.00952584724982879,0.0386364960474079,0.0291106487975791,TRUE
66,"naive","p",1.2,1.20945090134015,1.11710324376651,1.33128186568668,0.214178621920174,TRUE
66,"plugin","mu",0.1,0.107593358810252,0.0809945237215817,0.135039646726227,0.0540451230046456,TRUE
66,"plugin","K",0.21,0.156735023002765,0.112535464462071,0.219006673278788,0.106471208816717,TRUE
66,"plugin","alpha",0.7,0.742902652086423,0.686146340551167,0.799289736136692,0.113143395585525,TRUE
66,"plugin","c",0.01,0.0135686355634597,0.00688444118225861,0.0255287540355206,0.018644312853262,TRUE
66,"plugin","p",1.2,1.22834568604909,1.14416657479099,1.3415400880207,0.197373513229704,TRUE
67,"naive","mu",0.1,0.107634372225664,0.0781236462087451,0.137458967962814,0.0593353217540687,TRUE
67,"naive","K",0.21,0.259552663596547,0.205156859281579,0.325975741611019,0.12081888232944,TRUE
67,"naive","alpha",0.7,0.615864123380249,0.563296891990078,0.666555080213871,0.103258188223793,FALSE
67,"naive","c",0.01,0.0170352946225504,0.0102362311121173,0.0282685596587278,0.0180323285466105,FALSE
67,"naive","p",1.2,1.23741893640357,1.15828821077205,1.33394945021941,0.175661239447365,TRUE
67,"plugin","mu",0.1,0.121519855139909,0.0936580029389338,0.15201549230197,0.0583574893630366,TRUE
67,"plugin","K",0.21,0.170956948397843,0.129666466115977,0.220316335658992,0.0906498695430157,TRUE
67,"plugin","alpha",0.7,0.732535515967541,0.679632728674572,0.784773808765165,0.105141080090592,TRUE
67,"plugin","c",0.01,0.0135793314118849,0.00804364628380543,0.0221228210748454,0.0140791747910399,TRUE
67,"plugin","p",1.2,1.24964790144754,1.17647163206892,1.3375277516735,0.161056119604576,TRUE
68,"naive","mu",0.1,0.105738410958992,0.0699373105991962,0.142237143114032,0.0722998325148353,TRUE
68,"naive","K",0.21,0.322524111511463,0.255102244506759,0.421374786427908,0.16627254192115,FALSE
68,"naive","alpha",0.7,0.576645884026816,0.523837379670096,0.62688312328794,0.103045743617844,FALSE
68,"naive","c",0.01,0.0105833299186489,0.00599004686391136,0.0181567863574593,0.0121667394935479,TRUE
68,"naive","p",1.2,1.2013287289761,1.12169087642112,1.29947132532606,0.177780448904939,TRUE
68,"plugin","mu",0.1,0.117245426115833,0.0832810768018074,0.15103904293153,0.0677579661297226,TRUE
68,"plugin","K",0.21,0.22620949789809,0.176136920738866,0.292767977164053,0.116631056425188,TRUE
68,"plugin","alpha",0.7,0.690613241476831,0.639210009121739,0.73996995298032,0.100759943858581,TRUE
68,"plugin","c",0.01,0.00895470352591034,0.00515670607246568,0.0156690774676606,0.010512371395195,TRUE
68,"plugin","p",1.2,1.21364762849122,1.13912413467957,1.31273189599052,0.173607761310949,TRUE
69,"naive","mu",0.1,0.0905795940758825,0.0599752597917286,0.120955990513499,0.0609807307217701,TRUE
69,"naive","K",0.21,0.326044520888471,0.22330080135981,0.604037734544028,0.380736933184218,FALSE
69,"naive","alpha",0.7,0.558246905858823,0.485051206092712,0.626429677018738,0.141378470926026,FALSE
69,"naive","c",0.01,0.0236638132513158,0.00857340169678125,0.0685532543203113,0.05997985262353,TRUE
69,"naive","p",1.2,1.19555942853142,1.07491402496535,1.37646519416797,0.301551169202627,TRUE
69,"plugin","mu",0.1,0.105745375377578,0.0793419108603328,0.132383783762584,0.0530418729022508,TRUE
69,"plugin","K",0.21,0.205332539882168,0.142380904686722,0.305520959779733,0.163140055093012,TRUE
69,"plugin","alpha",0.7,0.688949565294887,0.622547962932659,0.75032666373726,0.127778700804601,TRUE
69,"plugin","c",0.01,0.0158000830973339,0.00626088356034876,0.040701694536499,0.0344408109761502,TRUE
69,"plugin","p",1.2,1.22749903479836,1.12006623219539,1.389096659305,0.269030427109606,TRUE
70,"naive","mu",0.1,0.0729015168771188,0.0479448172628131,0.100214450992173,0.0522696337293595,TRUE
70,"naive","K",0.21,0.38972637235154,0.279693501207402,0.601809942978247,0.322116441770844,FALSE
70,"naive","alpha",0.7,0.567095273347184,0.495966310488022,0.62806457937649,0.132098268888468,FALSE
70,"naive","c",0.01,0.00963131584480446,0.00492259870070657,0.0190475217061375,0.014124923005431,TRUE
70,"naive","p",1.2,1.13968082815893,1.06978053898519,1.23877571716378,0.168995178178589,TRUE
70,"plugin","mu",0.1,0.0864200542581045,0.0609859036669545,0.114535098573723,0.0535491949067689,TRUE
70,"plugin","K",0.21,0.222503457852515,0.158472880224625,0.316099894338533,0.157627014113908,TRUE
70,"plugin","alpha",0.7,0.721563055632075,0.660624932334248,0.776767273615932,0.116142341281684,TRUE
70,"plugin","c",0.01,0.00709296929515345,0.00366038005813174,0.0138367511543656,0.0101763710962338,TRUE
70,"plugin","p",1.2,1.16780285833874,1.09784567466328,1.26576894721873,0.167923272555447,TRUE
71,"naive","mu",0.1,0.087446487552127,0.0619947979968514,0.114836886015626,0.0528420880187745,TRUE
71,"naive","K",0.21,0.288877449459007,0.226334959090657,0.369877319205412,0.143542360114756,FALSE
71,"naive","alpha",0.7,0.60529013216385,0.548188097677659,0.655966163331275,0.107778065653616,FALSE
71,"naive","c",0.01,0.0234018757307657,0.0129726063039762,0.0417872046567965,0.0288145983528204,FALSE
71,"naive","p",1.2,1.24545585889795,1.15531239335684,1.36028084496353,0.204968451606692,TRUE
71,"plugin","mu",0.1,0.0939072751874055,0.069245275012002,0.119377891604458,0.0501326165924556,TRUE
71,"plugin","K",0.21,0.20483616539835,0.157009821150119,0.268358421660945,0.111348600510826,TRUE
71,"plugin","alpha",0.7,0.707079335773701,0.653963459771821,0.756611012185246,0.102647552413425,TRUE
71,"plugin","c",0.01,0.0180694656636064,0.010379775340805,0.0309761429311522,0.0205963675903472,FALSE
71,"plugin","p",1.2,1.24310459712846,1.1665625140627,1.34121261977368,0.174650105710984,TRUE
72,"naive","mu",0.1,0.0977788030749316,0.0696938850918077,0.126641167090805,0.0569472819989976,TRUE
72,"naive","K",0.21,0.238424133478556,0.171738922720845,0.347104257796568,0.175365335075723,TRUE
72,"naive","alpha",0.7,0.63899791748799,0.571397422274967,0.698184638576424,0.126787216301457,FALSE
72,"naive","c",0.01,0.0193630343511994,0.0096325366033339,0.0375736478896239,0.02794111128629,TRUE
72,"naive","p",1.2,1.21382891857206,1.11945829965598,1.34369176774515,0.224233468089167,TRUE
72,"plugin","mu",0.1,0.115555016689696,0.0880041529044907,0.143456699767602,0.0554525468631115,TRUE
72,"plugin","K",0.21,0.129551733555686,0.0937449981821668,0.180273601987131,0.086528603804964,FALSE
72,"plugin","alpha",0.7,0.789466841674277,0.732423409061442,0.841052843002738,0.108629433941296,FALSE
72,"plugin","c",0.01,0.0131044674607816,0.00681601214071919,0.0249590764618764,0.0181430643211572,TRUE
72,"plugin","p",1.2,1.26357988344482,1.16728433766464,1.37758952317935,0.21030518551471,TRUE
73,"naive","mu",0.1,0.112098183024425,0.0848585456803922,0.140477839805976,0.0556192941255841,TRUE
73,"naive","K",0.21,0.263337078664961,0.216085288315856,0.322572418054027,0.106487129738171,FALSE
73,"naive","alpha",0.7,0.635456450395992,0.590926183683881,0.677177675608825,0.0862514919249445,FALSE
73,"naive","c",0.01,0.0178883130188256,0.0105628763489179,0.0300904736305306,0.0195275972816127,FALSE
73,"naive","p",1.2,1.24933570439077,1.17532081057842,1.34217076012724,0.166849949548822,TRUE
73,"plugin","mu",0.1,0.119277274053772,0.0930709794779846,0.148302874693584,0.0552318952155989,TRUE
73,"plugin","K",0.21,0.19338284466183,0.155761534131014,0.240157516066553,0.0843959819355383,TRUE
73,"plugin","alpha",0.7,0.729775847923744,0.685249898945976,0.770672168263785,0.0854222693178093,TRUE
73,"plugin","c",0.01,0.0131781005575384,0.00798837920162505,0.0219169326947337,0.0139285534931086,TRUE
73,"plugin","p",1.2,1.24283099964588,1.1765037859611,1.32720397787446,0.150700191913353,TRUE
74,"naive","mu",0.1,0.0877492711053734,0.0626729600862972,0.114687290023155,0.0520143299368576,TRUE
74,"naive","K",0.21,0.288066083665817,0.21688503497684,0.397337513936584,0.180452478959744,FALSE
74,"naive","alpha",0.7,0.576220621420711,0.511316778367742,0.633805989641149,0.122489211273407,FALSE
74,"naive","c",0.01,0.0159150586585913,0.00849334332302607,0.0295735026070456,0.0210801592840195,TRUE
74,"naive","p",1.2,1.2292664394318,1.13760810469842,1.36100364617088,0.223395541472461,TRUE
74,"plugin","mu",0.1,0.104559971580327,0.0795065423861598,0.129542839539266,0.050036297153106,TRUE
74,"plugin","K",0.21,0.173825382696332,0.126561266233953,0.237703766587852,0.111142500353899,TRUE
74,"plugin","alpha",0.7,0.718130111256035,0.654492522825621,0.776060694571686,0.121568171746065,TRUE
74,"plugin","c",0.01,0.0125546424698728,0.0069732083037599,0.0225067175734372,0.0155335092696773,TRUE
74,"plugin","p",1.2,1.29349071262063,1.19308112523268,1.41919292474258,0.226111799509894,TRUE
75,"naive","mu",0.1,0.0879318309720905,0.0605455341457548,0.115157247162666,0.0546117130169109,TRUE
75,"naive","K",0.21,0.30699944387894,0.231767623100547,0.435797612443008,0.204029989342461,FALSE
75,"naive","alpha",0.7,0.574725632930569,0.515158099072143,0.63133347848738,0.116175379415237,FALSE
75,"naive","c",0.01,0.0155359036186646,0.00815471269019528,0.0291605765593067,0.0210058638691114,TRUE
75,"naive","p",1.2,1.17867570972803,1.10100843164035,1.27832370703133,0.177315275390979,TRUE
75,"plugin","mu",0.1,0.101018779080376,0.0753043262864351,0.127834202580123,0.0525298762936875,TRUE
75,"plugin","K",0.21,0.191649141939294,0.142817865083355,0.261801308059908,0.118983442976553,TRUE
75,"plugin","alpha",0.7,0.708515365477516,0.649931123929761,0.762953683679758,0.113022559749997,TRUE
75,"plugin","c",0.01,0.0100821559216374,0.00520523276720629,0.0182166153574885,0.0130113825902823,TRUE
75,"plugin","p",1.2,1.20568414169798,1.13346979741231,1.29644608107344,0.162976283661126,TRUE
76,"naive","mu",0.1,0.0991469559009609,0.0742100500326753,0.126605756837651,0.0523957068049756,TRUE
76,"naive","K",0.21,0.25057096931237,0.205675975938386,0.309991735191717,0.104315759253332,TRUE
76,"naive","alpha",0.7,0.669116624836543,0.632891027696031,0.702853551878222,0.0699625241821904,TRUE
76,"naive","c",0.01,0.0110895312570024,0.0072403732878839,0.0166282839557054,0.00938791066782149,TRUE
76,"naive","p",1.2,1.17725745796728,1.12302202333332,1.2378557274324,0.114833704099085,TRUE
76,"plugin","mu",0.1,0.104259194080178,0.0788913770948452,0.1303535199285,0.0514621428336546,TRUE
76,"plugin","K",0.21,0.217019815363711,0.181077583932715,0.264046666133081,0.0829690822003659,TRUE
76,"plugin","alpha",0.7,0.700928080767428,0.669823415435326,0.731083544735879,0.0612601293005527,TRUE
76,"plugin","c",0.01,0.0104736186810559,0.00697809927930286,0.0153700922278731,0.00839199294857023,TRUE
76,"plugin","p",1.2,1.18211370718903,1.13163281288412,1.23831750661538,0.106684693731253,TRUE
77,"naive","mu",0.1,0.0942393338183721,0.0691786023021075,0.121337979018253,0.0521593767161453,TRUE
77,"naive","K",0.21,0.301188875838873,0.228573328981812,0.397140964598779,0.168567635616966,FALSE
77,"naive","alpha",0.7,0.584016975261516,0.519298426112355,0.645145384711796,0.12584695859944,FALSE
77,"naive","c",0.01,0.0174988582016895,0.00961076129447757,0.0310981376281274,0.0214873763336498,TRUE
77,"naive","p",1.2,1.22150015294353,1.13713968631986,1.33469505400501,0.197555367685149,TRUE
77,"plugin","mu",0.1,0.104914168438,0.078910812035668,0.131556314368105,0.0526455023324374,TRUE
77,"plugin","K",0.21,0.179423188634883,0.130111168719298,0.24327198375562,0.113160815036321,TRUE
77,"plugin","alpha",0.7,0.74053336840719,0.681168946588515,0.798097447279362,0.116928500690847,TRUE
77,"plugin","c",0.01,0.0124204348622793,0.00692281529106449,0.0220683681870696,0.0151455528960051,TRUE
77,"plugin","p",1.2,1.23132402596306,1.14727999204131,1.33091452954032,0.183634537499008,TRUE
78,"naive","mu",0.1,0.0915364546802444,0.0634485080891731,0.1200261677373,0.0565776596481264,TRUE
78,"naive","K",0.21,0.367579957207823,0.269283859319477,0.524248507393706,0.254964648074229,FALSE
78,"naive","alpha",0.7,0.515620933067879,0.430187345009027,0.580922308818848,0.150734963809822,FALSE
78,"naive","c",0.01,0.0215070827661415,0.0094880186211469,0.0473627482470378,0.0378747296258909,TRUE
78,"naive","p",1.2,1.23481637762876,1.11831214176019,1.39449568062188,0.276183538861683,TRUE
78,"plugin","mu",0.1,0.103605782387771,0.0754268247556886,0.129141604188611,0.0537147794329228,TRUE
78,"plugin","K",0.21,0.241304044117578,0.178577890946647,0.349341992815894,0.170764101869247,TRUE
78,"plugin","alpha",0.7,0.664729122323458,0.598644060970921,0.72604337011727,0.127399309146349,TRUE
78,"plugin","c",0.01,0.0140270395141542,0.00603910724406563,0.0307351916481681,0.0246960844041025,TRUE
78,"plugin","p",1.2,1.25254867352362,1.13564937607496,1.39262348968667,0.256974113611715,TRUE
79,"naive","mu",0.1,0.0926388058797301,0.0649197076335714,0.123539544842551,0.0586198372089795,TRUE
79,"naive","K",0.21,0.323446205638649,0.238051495249464,0.481850128579959,0.243798633330494,FALSE
79,"naive","alpha",0.7,0.602945776709195,0.540366396441775,0.660447200683774,0.120080804241999,FALSE
79,"naive","c",0.01,0.012274175287723,0.00629017147295219,0.0234942875596281,0.0172041160866759,TRUE
79,"naive","p",1.2,1.14798198644608,1.0780173558692,1.23871470033388,0.16069734446468,TRUE
79,"plugin","mu",0.1,0.111368615864286,0.0828361725845614,0.139742722275152,0.0569065496905905,TRUE
79,"plugin","K",0.21,0.179113281852081,0.126522721639731,0.253341366609739,0.126818644970008,TRUE
79,"plugin","alpha",0.7,0.753715076586553,0.69341732616533,0.811633934692105,0.118216608526775,TRUE
79,"plugin","c",0.01,0.00824184070554326,0.00417117064427373,0.0149472107290498,0.0107760400847761,TRUE
79,"plugin","p",1.2,1.17443278876718,1.10536798112146,1.25261057102277,0.147242589901313,TRUE
80,"naive","mu",0.1,0.114192003875704,0.0832413728500991,0.143240937951169,0.05999956510107,TRUE
80,"naive","K",0.21,0.278430899822705,0.212501026985229,0.370447782181129,0.1579467551959,FALSE
80,"naive","alpha",0.7,0.561322267039768,0.497530183170177,0.618312622370772,0.120782439200595,FALSE
80,"naive","c",0.01,0.0196975960077979,0.00987733361353901,0.0393442517403927,0.0294669181268537,TRUE
80,"naive","p",1.2,1.29969118914855,1.17050707993993,1.48193382329651,0.311426743356583,TRUE
80,"plugin","mu",0.1,0.128509495744823,0.100654641083883,0.155035159458783,0.0543805183748995,FALSE
80,"plugin","K",0.21,0.181394908661632,0.138401567467799,0.240068510641319,0.10166694317352,TRUE
80,"plugin","alpha",0.7,0.697387313417564,0.63603780087284,0.751769602712336,0.115731801839496,TRUE
80,"plugin","c",0.01,0.0178950301601145,0.00933611660701838,0.0334177975782656,0.0240816809712472,TRUE
80,"plugin","p",1.2,1.36091551713133,1.23281012290951,1.53996817799089,0.307158055081377,FALSE
81,"naive","mu",0.1,0.0898826921065531,0.0620715157930286,0.118714839356562,0.056643323563533,TRUE
81,"naive","K",0.21,0.334428696855013,0.249302051624912,0.492557805423037,0.243255753798125,FALSE
81,"naive","alpha",0.7,0.597307754055485,0.531947162917252,0.655366019610765,0.123418856693513,FALSE
81,"naive","c",0.01,0.0150210354634014,0.00772125831914453,0.0282567126785036,0.0205354543593591,TRUE
81,"naive","p",1.2,1.15707501161375,1.08376090154063,1.25323746442059,0.16947656287996,TRUE
81,"plugin","mu",0.1,0.105328039155713,0.0777527449161036,0.13491212217945,0.057159377263346,TRUE
81,"plugin","K",0.21,0.200968379831644,0.148206103785926,0.28023134896823,0.132025245182304,TRUE
81,"plugin","alpha",0.7,0.734250895872365,0.674781195493639,0.788997859856616,0.114216664362978,TRUE
81,"plugin","c",0.01,0.0104422997663293,0.0054743558700868,0.0194430008064438,0.013968644936357,TRUE
81,"plugin","p",1.2,1.17730052460103,1.10794525455457,1.26772626624498,0.159781011690407,TRUE
82,"naive","mu",0.1,0.0817090971683704,0.0538319419873002,0.109132348929517,0.0553004069422168,TRUE
82,"naive","K",0.21,0.388417430893287,0.294645303940561,0.532354365669101,0.23770906172854,FALSE
82,"naive","alpha",0.7,0.537333908046244,0.467099524951662,0.597709490403449,0.130609965451786,FALSE
82,"naive","c",0.01,0.0125543845100841,0.00672172861236382,0.0236455523523383,0.0169238237399744,TRUE
82,"naive","p",1.2,1.17663616564369,1.1041646604623,1.27660809866586,0.17244343820356,TRUE
82,"plugin","mu",0.1,0.0929852525327437,0.0674065969311806,0.119658145926267,0.0522515489950865,TRUE
82,"plugin","K",0.21,0.246642570859891,0.188065948952087,0.338207624351563,0.150141675399476,TRUE
82,"plugin","alpha",0.7,0.684964811758984,0.62515403538515,0.741156803718718,0.116002768333568,TRUE
82,"plugin","c",0.01,0.00940561695605948,0.00495078080490444,0.0169767797225766,0.0120259989176722,TRUE
82,"plugin","p",1.2,1.19041652411926,1.11767644117918,1.27389887482264,0.156222433643455,TRUE
83,"naive","mu",0.1,0.0909724904500688,0.0642920158988708,0.118641277013008,0.0543492611141376,TRUE
83,"naive","K",0.21,0.27579179636185,0.20941647497167,0.371245173800575,0.161828698828906,TRUE
83,"naive","alpha",0.7,0.604813224091908,0.541382383350208,0.658254074403395,0.116871691053187,FALSE
83,"naive","c",0.01,0.0231293748649252,0.0125396541540635,0.0437490830881162,0.0312094289340527,FALSE
83,"naive","p",1.2,1.23729281996848,1.14196018188864,1.37696864996391,0.235008468075269,TRUE
83,"plugin","mu",0.1,0.10141851970583,0.0738478018499566,0.127918679387397,0.0540708775374405,TRUE
83,"plugin","K",0.21,0.180923105179713,0.134549740438351,0.245072007910809,0.110522267472459,TRUE
83,"plugin","alpha",0.7,0.7283314075311,0.672293216495782,0.781858815842683,0.109565599346901,TRUE
83,"plugin","c",0.01,0.0163673965622266,0.00848624204367865,0.0293484613615122,0.0208622193178336,TRUE
83,"plugin","p",1.2,1.24968729801933,1.15738497057951,1.36704109306847,0.20965612248896,TRUE
84,"naive","mu",0.1,0.0973156279575583,0.0733978727548576,0.122316824629247,0.048918951874389,TRUE
84,"naive","K",0.21,0.218635253879092,0.160070963665519,0.305126101134301,0.145055137468782,TRUE
84,"naive","alpha",0.7,0.638157111878154,0.572898272525823,0.696611368293721,0.123713095767898,FALSE
84,"naive","c",0.01,0.0365575294225975,0.0181298872730948,0.0708663302549906,0.0527364429818958,FALSE
84,"naive","p",1.2,1.25634381759623,1.15033793681072,1.40211548766779,0.251777550857063,TRUE
84,"plugin","mu",0.1,0.10828626763052,0.0849049890852548,0.132863671769095,0.0479586826838404,TRUE
84,"plugin","K",0.21,0.132645261593502,0.0910127783075828,0.189231375034378,0.0982185967267949,FALSE
84,"plugin","alpha",0.7,0.772660699119707,0.709689187770907,0.835038078315303,0.125348890544396,FALSE
84,"plugin","c",0.01,0.0168823505064292,0.00817987075461155,0.0321060860942263,0.0239262153396148,TRUE
84,"plugin","p",1.2,1.25189125605389,1.16375270228015,1.36107158987073,0.197318887590582,TRUE
85,"naive","mu",0.1,0.0972764133443905,0.0709761542479043,0.124944050238423,0.0539678959905192,TRUE
85,"naive","K",0.21,0.28719078494569,0.221919753476292,0.375829555621479,0.153909802145188,FALSE
85,"naive","alpha",0.7,0.612422642642279,0.561042794195223,0.663084557121322,0.102041762926099,FALSE
85,"naive","c",0.01,0.0100006106808822,0.00567980047504206,0.0170967611725753,0.0114169606975333,TRUE
85,"naive","p",1.2,1.18598473628492,1.11873826725686,1.26632908906863,0.147590821811775,TRUE
85,"plugin","mu",0.1,0.10765389017294,0.080429923405159,0.136773550799177,0.0563436273940176,TRUE
85,"plugin","K",0.21,0.197325665591657,0.149424146966439,0.260165497880472,0.110741350914033,TRUE
85,"plugin","alpha",0.7,0.712489494295319,0.662974218530293,0.76221564255503,0.0992414240247378,TRUE
85,"plugin","c",0.01,0.00859995430582347,0.00485666113907656,0.0149234196150318,0.0100667584759553,TRUE
85,"plugin","p",1.2,1.19767952791621,1.12937314839255,1.27913287948342,0.149759731090863,TRUE
86,"naive","mu",0.1,0.0938030871328044,0.0678329860745193,0.121060680586755,0.0532276945122361,TRUE
86,"naive","K",0.21,0.333522408343923,0.235050897838453,0.568156386139651,0.333105488301199,FALSE
86,"naive","alpha",0.7,0.570819002943513,0.506705775457763,0.628799546190879,0.122093770733116,FALSE
86,"naive","c",0.01,0.00926132740911739,0.00409307045497096,0.0196587945694554,0.0155657241144844,TRUE
86,"naive","p",1.2,1.14441935187169,1.06232478959728,1.25278360578142,0.190458816184146,TRUE
86,"plugin","mu",0.1,0.108627571807613,0.0824966953307791,0.135457107065668,0.0529604117348892,TRUE
86,"plugin","K",0.21,0.197437103204638,0.143211307352128,0.287463368041053,0.144252060688925,TRUE
86,"plugin","alpha",0.7,0.708779821518399,0.649439495567787,0.762751553873704,0.113312058305917,TRUE
86,"plugin","c",0.01,0.00626602766909773,0.00289932197882617,0.0129687893707226,0.0100694673918964,TRUE
86,"plugin","p",1.2,1.19163088834446,1.10757887461437,1.29391512803661,0.186336253422247,TRUE
87,"naive","mu",0.1,0.0741795033730165,0.0489147569001039,0.102401915353074,0.0534871584529698,TRUE
87,"naive","K",0.21,0.327511502080378,0.236684875120524,0.490389892952907,0.253705017832383,FALSE
87,"naive","alpha",0.7,0.610878045881411,0.548805299134304,0.666530153985592,0.117724854851289,FALSE
87,"naive","c",0.01,0.0119735350257213,0.00567056157161275,0.0271959018195958,0.021525340247983,TRUE
87,"naive","p",1.2,1.15096824202339,1.07781154250444,1.26060302782595,0.182791485321509,TRUE
87,"plugin","mu",0.1,0.087579771799554,0.060442029429448,0.115729150978935,0.0552871215494868,TRUE
87,"plugin","K",0.21,0.199246646960629,0.142696830762914,0.294975376135377,0.152278545372463,TRUE
87,"plugin","alpha",0.7,0.743906696815023,0.685771647438472,0.797604009955149,0.111832362516677,TRUE
87,"plugin","c",0.01,0.00736309179495003,0.00342717633438562,0.0150992933474629,0.0116721170130772,TRUE
87,"plugin","p",1.2,1.16677728748248,1.09087036721589,1.25303279290423,0.162162425688334,TRUE
88,"naive","mu",0.1,0.0999502236986968,0.0775459163040283,0.124224551038405,0.0466786347343767,TRUE
88,"naive","K",0.21,0.256342893901737,0.195114830680846,0.334690142840167,0.139575312159321,TRUE
88,"naive","alpha",0.7,0.580920350795072,0.513300082785997,0.641954454170809,0.128654371384812,FALSE
88,"naive","c",0.01,0.016073902813065,0.00833061002454773,0.030983231974799,0.0226526219502513,TRUE
88,"naive","p",1.2,1.25974704832483,1.17107363557124,1.38838985708951,0.21731622151827,TRUE
88,"plugin","mu",0.1,0.109882686933063,0.087272436494626,0.133247798841494,0.0459753623468678,TRUE
88,"plugin","K",0.21,0.152850358518004,0.111257734754238,0.205729353608718,0.0944716188544802,FALSE
88,"plugin","alpha",0.7,0.73585462406539,0.673567087637839,0.795682146195391,0.122115058557552,TRUE
88,"plugin","c",0.01,0.011528028236719,0.00609440704449682,0.0212232348500035,0.0151288278055067,TRUE
88,"plugin","p",1.2,1.28648438569581,1.19382145781512,1.39953188219605,0.20571042438093,TRUE
89,"naive","mu",0.1,0.0954741329723585,0.0662272505336927,0.123577772212407,0.0573505216787139,TRUE
89,"naive","K",0.21,0.329002540923056,0.244775714972815,0.486391176103019,0.241615461130204,FALSE
89,"naive","alpha",0.7,0.555775335392481,0.484914229492914,0.613686649966319,0.128772420473405,FALSE
89,"naive","c",0.01,0.0137667830424853,0.00711893722039551,0.0270686210645301,0.0199496838441346,TRUE
89,"naive","p",1.2,1.18948747854924,1.09575558038103,1.31121504659784,0.215459466216811,TRUE
89,"plugin","mu",0.1,0.108091998122909,0.0803120293727919,0.135520205394185,0.0552081760213928,TRUE
89,"plugin","K",0.21,0.207281268679821,0.152148114486448,0.287550284375586,0.135402169889138,TRUE
89,"plugin","alpha",0.7,0.694219254163965,0.636217835150342,0.750453843579624,0.114236008429282,TRUE
89,"plugin","c",0.01,0.0105050622033,0.00546395972636169,0.0199213908791245,0.0144574311527628,TRUE
89,"plugin","p",1.2,1.2238989106094,1.13498073840996,1.34290713299107,0.207926394581115,TRUE
90,"naive","mu",0.1,0.0864068438120575,0.0548136314634682,0.118622457119945,0.0638088256564768,TRUE
90,"naive","K",0.21,0.365264212860529,0.283790045744438,0.49607585191277,0.212285806168332,FALSE
90,"naive","alpha",0.7,0.599732013815679,0.547602580524871,0.647570583516937,0.0999680029920665,FALSE
90,"naive","c",0.01,0.0102199199879738,0.00607813771630205,0.0173766580126048,0.0112985202963027,TRUE
90,"naive","p",1.2,1.1490161604629,1.09179564456561,1.21805432471688,0.126258680151272,TRUE
90,"plugin","mu",0.1,0.104759860116792,0.0736009500995545,0.137092328486456,0.0634913783869017,TRUE
90,"plugin","K",0.21,0.239013429778804,0.185268291543714,0.315857968145962,0.130589676602248,TRUE
90,"plugin","alpha",0.7,0.717454901424109,0.668746235594914,0.7632452067622,0.0944989711672861,TRUE
90,"plugin","c",0.01,0.00828326941912644,0.00483823452686254,0.0140692125282245,0.00923097800136194,TRUE
90,"plugin","p",1.2,1.16386244899364,1.10766546637295,1.23040982630577,0.122744359932816,TRUE
91,"naive","mu",0.1,0.0847159488374978,0.0590877684786664,0.111830279080948,0.0527425106022816,TRUE
91,"naive","K",0.21,0.266302617690618,0.185235980333812,0.403003186640013,0.217767206306202,TRUE
91,"naive","alpha",0.7,0.62283487787879,0.553737171250007,0.68310800374672,0.129370832496713,FALSE
91,"naive","c",0.01,0.0205983350357462,0.00958212374397622,0.042392538243949,0.0328104144999728,TRUE
91,"naive","p",1.2,1.19781245766908,1.10059663666357,1.33012665515073,0.229530018487166,TRUE
91,"plugin","mu",0.1,0.103413812825112,0.0781137108925242,0.128267319413678,0.0501536085211539,TRUE
91,"plugin","K",0.21,0.143221798127478,0.101606055700669,0.20486482890479,0.103258773204121,FALSE
91,"plugin","alpha",0.7,0.771843264419594,0.711145066252092,0.831090095282458,0.119945029030366,FALSE
91,"plugin","c",0.01,0.0124519738437215,0.00596589599676042,0.024694864810938,0.0187289688141776,TRUE
91,"plugin","p",1.2,1.24638502748631,1.15101495534949,1.37345492729171,0.222439971942222,TRUE
92,"naive","mu",0.1,0.0892380928659972,0.0616666889570351,0.115898062136944,0.0542313731799087,TRUE
92,"naive","K",0.21,0.328411270134568,0.251716243663536,0.445474375981316,0.19375813231778,FALSE
92,"naive","alpha",0.7,0.573176280488179,0.511881296450413,0.628267209076797,0.116385912626384,FALSE
92,"naive","c",0.01,0.0170980209972547,0.00859533131626129,0.0327888151763489,0.0241934838600876,TRUE
92,"naive","p",1.2,1.21255368554274,1.1237326512419,1.33013714979679,0.206404498554889,TRUE
92,"plugin","mu",0.1,0.104893673120155,0.0797378273881279,0.132177247848226,0.0524394204600977,TRUE
92,"plugin","K",0.21,0.206557717697037,0.155930042011986,0.272112617784275,0.116182575772289,TRUE
92,"plugin","alpha",0.7,0.709017944380942,0.654330121999094,0.762309375047047,0.107979253047953,TRUE
92,"plugin","c",0.01,0.0126802699130002,0.0068634030272729,0.0228719706768036,0.0160085676495307,TRUE
92,"plugin","p",1.2,1.24187746154994,1.15865785392752,1.34429602662819,0.185638172700678,TRUE
93,"naive","mu",0.1,0.0752024537635714,0.0515958100436923,0.100334823636807,0.0487390135931145,TRUE
93,"naive","K",0.21,0.350465839863488,0.271094819309177,0.471618959793123,0.200524140483946,FALSE
93,"naive","alpha",0.7,0.562642095553735,0.501295898144731,0.618373168487711,0.11707727034298,FALSE
93,"naive","c",0.01,0.0206588790771083,0.0102837161862197,0.0420398304141053,0.0317561142278856,FALSE
93,"naive","p",1.2,1.21015205488081,1.12077024748397,1.32956629703052,0.208796049546553,TRUE
93,"plugin","mu",0.1,0.0826316076226803,0.0618235064904232,0.106536507603079,0.0447130011126558,TRUE
93,"plugin","K",0.21,0.241377951525078,0.183926738081717,0.315364001307531,0.131437263225815,TRUE
93,"plugin","alpha",0.7,0.690211728125223,0.630103157896006,0.746379953434813,0.116276795538807,TRUE
93,"plugin","c",0.01,0.0139487215168031,0.00710515434700077,0.0264855638663288,0.0193804095193281,TRUE
93,"plugin","p",1.2,1.20504147429124,1.1308851334399,1.30202384942391,0.171138715984014,TRUE
94,"naive","mu",0.1,0.0855129312632312,0.0576463596128465,0.113220746561637,0.0555743869487901,TRUE
94,"naive","K",0.21,0.386651362528748,0.274455095274219,0.643790530747952,0.369335435473734,FALSE
94,"naive","alpha",0.7,0.572383961781286,0.507222954408989,0.630744310225996,0.123521355817007,FALSE
94,"naive","c",0.01,0.00972743380078503,0.00462214996101798,0.0199902113639335,0.0153680614029155,TRUE
94,"naive","p",1.2,1.12904861401017,1.05945664782733,1.22099587535033,0.161539227523,TRUE
94,"plugin","mu",0.1,0.102909569853347,0.0759425446543224,0.130225930095269,0.0542833854409464,TRUE
94,"plugin","K",0.21,0.207647429299826,0.14881288627374,0.302187388072637,0.153374501798897,TRUE
94,"plugin","alpha",0.7,0.726979855552519,0.666870004496091,0.784594009439008,0.117724004942917,TRUE
94,"plugin","c",0.01,0.00751192534604247,0.00364807400562969,0.0147713759546434,0.0111233019490137,TRUE
94,"plugin","p",1.2,1.16681178742635,1.09715475993386,1.25494152043288,0.15778676049902,TRUE
95,"naive","mu",0.1,0.111197893917579,0.0836173926983016,0.139906945096737,0.0562895523984352,TRUE
95,"naive","K",0.21,0.286512435394795,0.220199024577706,0.38069538646755,0.160496361889843,FALSE
95,"naive","alpha",0.7,0.586244392877073,0.525922483605251,0.644831474691196,0.118908991085945,FALSE
95,"naive","c",0.01,0.013910673563608,0.00777441355296111,0.02440161207416,0.0166271985211989,TRUE
95,"naive","p",1.2,1.20746817944048,1.13167368564904,1.31157572625998,0.179902040610946,TRUE
95,"plugin","mu",0.1,0.124208593251402,0.0967008339169443,0.154304074404803,0.0576032404878592,TRUE
95,"plugin","K",0.21,0.185205562791779,0.139556602247343,0.245999295374805,0.106442693127462,TRUE
95,"plugin","alpha",0.7,0.715208189120337,0.656215383981243,0.768826338368463,0.11261095438722,TRUE
95,"plugin","c",0.01,0.0111264955779053,0.00625598769893093,0.0196614447749092,0.0134054570759783,TRUE
95,"plugin","p",1.2,1.23224624573982,1.15816633810715,1.33177253773392,0.17360619962677,TRUE
96,"naive","mu",0.1,0.105762832151097,0.0828749012819792,0.130860061976474,0.0479851606944949,TRUE
96,"naive","K",0.21,0.25675738040009,0.206631205787861,0.323429011752994,0.116797805965133,TRUE
96,"naive","alpha",0.7,0.596263692353615,0.542709041050961,0.64480227382726,0.102093232776299,FALSE
96,"naive","c",0.01,0.0216047304355656,0.0118874669325959,0.0386630583616175,0.0267755914290216,FALSE
96,"naive","p",1.2,1.30458117450992,1.21032737747519,1.42491862689918,0.214591249423989,FALSE
96,"plugin","mu",0.1,0.110826176089588,0.0871616032426191,0.135430240726612,0.0482686374839932,TRUE
96,"plugin","K",0.21,0.193782791387976,0.150019664666061,0.244394170326819,0.0943745056607577,TRUE
96,"plugin","alpha",0.7,0.683530337082976,0.632965187930313,0.730187017546483,0.09722182961617,TRUE
96,"plugin","c",0.01,0.0173185979355576,0.00970387677931572,0.0294291523190271,0.0197252755397114,TRUE
96,"plugin","p",1.2,1.30461431581683,1.22195510423889,1.41520496073133,0.19324985649244,FALSE
97,"naive","mu",0.1,0.0853612208613683,0.0598015905497873,0.112399276195212,0.0525976856454247,TRUE
97,"naive","K",0.21,0.333770582672277,0.247593962917349,0.481607963961854,0.234014001044506,FALSE
97,"naive","alpha",0.7,0.580248331534648,0.517250850842953,0.635951256536446,0.118700405693493,FALSE
97,"naive","c",0.01,0.0131660375674475,0.00694049115910037,0.0239585689767831,0.0170180778176828,TRUE
97,"naive","p",1.2,1.16791310656815,1.09022247740633,1.26984686875334,0.179624391347011,TRUE
97,"plugin","mu",0.1,0.0967220464743447,0.0717948645658809,0.123380373879891,0.0515855093140099,TRUE
97,"plugin","K",0.21,0.21454272510265,0.159785865828046,0.299616297762936,0.13983043193489,TRUE
97,"plugin","alpha",0.7,0.706255444172155,0.649289656385477,0.760502282365487,0.11121262598001,TRUE
97,"plugin","c",0.01,0.0095598430775825,0.00513259345961758,0.0177576735480319,0.0126250800884143,TRUE
97,"plugin","p",1.2,1.18934630298078,1.1147745040701,1.2870595963465,0.172285092276403,TRUE
98,"naive","mu",0.1,0.0932334292968864,0.0666662052314058,0.120433250844773,0.0537670456133669,TRUE
98,"naive","K",0.21,0.238216056559152,0.1839279470999,0.321281127309174,0.137353180209275,TRUE
98,"naive","alpha",0.7,0.633003480576762,0.574566686362555,0.684530341824761,0.109963655462206,FALSE
98,"naive","c",0.01,0.0328943492187006,0.0160445857358887,0.0635988202803361,0.0475542345444474,FALSE
98,"naive","p",1.2,1.29584372012223,1.18215373276983,1.45746491795154,0.275311185181706,TRUE
98,"plugin","mu",0.1,0.100506674620055,0.0762303630009521,0.126568527259673,0.0503381642587205,TRUE
98,"plugin","K",0.21,0.161166709011612,0.117181476876395,0.213679353791927,0.0964978769155325,TRUE
98,"plugin","alpha",0.7,0.742496128640226,0.69124372433723,0.796741398552841,0.105497674215611,TRUE
98,"plugin","c",0.01,0.0219670899860369,0.0113180120035266,0.0414008747007844,0.0300828626972577,FALSE
98,"plugin","p",1.2,1.29239549498315,1.1944445966242,1.4229675836283,0.228522987004106,TRUE
99,"naive","mu",0.1,0.0691100481548728,0.0451638242037808,0.0943945550050734,0.0492307308012926,FALSE
99,"naive","K",0.21,0.472560275805904,0.287318864218651,1.12267762797363,0.835358763754975,FALSE
99,"naive","alpha",0.7,0.590307310860571,0.518310986075213,0.655152055116399,0.136841069041186,FALSE
99,"naive","c",0.01,0.00782222413001234,0.00350677447729832,0.0165700024327188,0.0130632279554205,TRUE
99,"naive","p",1.2,1.08004807926927,1.02618819637831,1.16469316989344,0.138504973515133,FALSE
99,"plugin","mu",0.1,0.0836083812216287,0.0605281145456681,0.109085753589374,0.0485576390437054,TRUE
99,"plugin","K",0.21,0.231933218034894,0.147920387294745,0.443205651050204,0.29528526375546,TRUE
99,"plugin","alpha",0.7,0.742720390214509,0.679250790356339,0.801691437741995,0.122440647385657,TRUE
99,"plugin","c",0.01,0.00436490995905825,0.00174034551246851,0.00945225896471784,0.00771191345224933,FALSE
99,"plugin","p",1.2,1.10691239908899,1.04369787829746,1.1910648743922,0.147366996094744,FALSE
100,"naive","mu",0.1,0.0815468105364134,0.0520214997202029,0.113699586263943,0.0616780865437401,TRUE
100,"naive","K",0.21,0.354217749120017,0.256891510029286,0.525055121003031,0.268163610973745,FALSE
100,"naive","alpha",0.7,0.581740416568541,0.529762304771304,0.632465244678554,0.102702939907251,FALSE
100,"naive","c",0.01,0.0106853592630814,0.00547722645528335,0.0203277837950383,0.014850557339755,TRUE
100,"naive","p",1.2,1.14655525306122,1.07552518963293,1.24087795606072,0.16535276642779,TRUE
100,"plugin","mu",0.1,0.0931218261739132,0.0646054711859397,0.124753095407065,0.0601476242211255,TRUE
100,"plugin","K",0.21,0.248597864803936,0.184016954815524,0.344407228930389,0.160390274114865,TRUE
100,"plugin","alpha",0.7,0.67570763451522,0.62133154559517,0.725092531540295,0.103760985945125,TRUE
100,"plugin","c",0.01,0.00886113208978367,0.0045859652933361,0.0165229054659074,0.0119369401725713,TRUE
100,"plugin","p",1.2,1.16713532721978,1.09756868329079,1.26303520375398,0.165466520463197,TRUE
