"days_after_mainshock","mc","psi"
1e-05,5.75,0.000562341325190349
1.01170659421003e-05,5.74620906447913,0.000567271461568072
1.02355023276805e-05,5.74241812895826,0.000572244821240285
1.03553251999665e-05,5.73862719343739,0.000577261783152528
1.04765507899953e-05,5.73483625791652,0.000582322729572615
1.05991955188146e-05,5.73104532239565,0.000587428046119767
1.0723275999706e-05,5.72725438687478,0.000592578121793983
1.08488090404367e-05,5.7234634513539,0.000597773349005696
1.09758116455352e-05,5.71967251583304,0.000603014123605657
1.11043010185952e-05,5.71588158031216,0.000608300844915108
1.12342945646058e-05,5.71209064479129,0.000613633915756203
1.13658098923096e-05,5.70829970927042,0.000619013742482703
1.14988648165872e-05,5.70450877374955,0.000624440735010935
1.16334773608709e-05,5.70071783822868,0.000629915306851031
1.17696657595862e-05,5.69692690270781,0.000635437875138431
1.19074484606213e-05,5.69313596718694,0.000641008860665669
1.20468441278266e-05,5.68934503166607,0.000646628687914433
1.21878716435425e-05,5.6855540961452,0.000652297785087909
1.23305501111574e-05,5.68176316062433,0.000658016584143415
1.24748988576951e-05,5.67797222510346,0.000663785520825298
1.26209374364333e-05,5.67418128958259,0.000669605034698157
1.27686856295517e-05,5.67039035406172,0.000675475569180314
1.29181634508123e-05,5.66659941854085,0.000681397571577615
1.30693911482697e-05,5.66280848301998,0.000687371493117509
1.32223892070147e-05,5.6590175474991,0.000693397788983425
1.33771783519482e-05,5.65522661197823,0.000699476918349459
1.35337795505896e-05,5.65143567645736,0.000705609344415363
1.36922140159163e-05,5.64764474093649,0.00071179553444183
1.38525032092375e-05,5.64385380541562,0.000718035959786108
1.40146688431012e-05,5.64006286989475,0.000724331095937903
1.41787328842353e-05,5.63627193437388,0.000730681422555623
1.43447175565234e-05,5.63248099885301,0.000737087423502909
1.4512645344015e-05,5.62869006333214,0.00074354958688552
1.46825389939715e-05,5.62489912781127,0.000750068405088512
1.48544215199468e-05,5.6211081922904,0.000756644374813758
1.50283162049055e-05,5.61731725676953,0.000763277997117804
1.52042466043763e-05,5.61352632124866,0.000769969777450027
1.53822365496429e-05,5.60973538572779,0.000776720225691171
1.55623101509722e-05,5.60594445020692,0.000783529856192178
1.57444918008803e-05,5.60215351468604,0.000790399187813393
1.59288061774363e-05,5.59836257916517,0.000797328743964084
1.61152782476057e-05,5.5945716436443,0.000804319052642343
1.63039332706321e-05,5.59078070812343,0.000811370646475296
1.64947968014587e-05,5.58698977260256,0.000818484062759705
1.66878946941902e-05,5.58319883708169,0.000825659843502888
1.68832531055948e-05,5.57940790156082,0.00083289853546404
1.70808984986472e-05,5.57561696603995,0.000840200690195873
1.72808576461135e-05,5.57182603051908,0.000847566864086649
1.74831576341778e-05,5.56803509499821,0.000854997618402585
1.7687825866111e-05,5.56424415947734,0.000862493519330595
1.78948900659832e-05,5.56045322395647,0.000870055138021455
1.81043782824187e-05,5.5566622884356,0.000877683050633304
1.83163188923959e-05,5.55287135291473,0.000885377838375559
1.85307406050906e-05,5.54908041739386,0.000893140087553186
1.87476724657656e-05,5.54528948187299,0.000900970389611386
1.89671438597048e-05,5.54149854635211,0.00090886934118065
1.91891845161936e-05,5.53770761083124,0.000916837544122226
1.9413824512546e-05,5.53391667531037,0.000924875605573977
1.96410942781791e-05,5.5301257397895,0.00093298413799664
1.98710245987346e-05,5.52633480426863,0.00094116375922049
2.01036466202495e-05,5.52254386874776,0.000949415092492426
2.03389918533745e-05,5.51875293322689,0.000957738766523446
2.0577092177643e-05,5.51496199770602,0.000966135415536558
2.0817979845789e-05,5.51117106218515,0.000974605679315112
2.10616874881162e-05,5.50738012666428,0.000983150203251532
2.1308248116918e-05,5.50358919114341,0.000991769638396503
2.15576951309493e-05,5.49979825562254,0.00100046464150858
2.18100623199508e-05,5.49600732010167,0.00100923587510422
2.20653838692258e-05,5.4922163845808,0.00101808400750827
2.23236943642714e-05,5.48842544905993,0.00102700971290489
2.25850287954625e-05,5.48463451353906,0.00103601367138892
2.28494225627928e-05,5.48084357801818,0.00104509656901769
2.31169114806688e-05,5.47705264249731,0.00105425909786333
2.33875317827622e-05,5.47326170697644,0.00106350195606544
2.3661320126917e-05,5.46947077145557,0.00107282584788435
2.39383136001164e-05,5.4656798359347,0.00108223148375474
2.42185497235053e-05,5.46188890041383,0.0010917195803398
2.45020664574738e-05,5.45809796489296,0.00110129086058581
2.47889022067986e-05,5.45430702937209,0.00111094605377722
2.50790958258456e-05,5.45051609385122,0.00112068589559226
2.53726866238332e-05,5.44672515833035,0.00113051112815896
2.56697143701565e-05,5.44293422280948,0.00114042250011169
2.59702192997753e-05,5.43914328728861,0.00115042076664825
2.62742421186631e-05,5.43535235176774,0.00116050668958735
2.65818240093224e-05,5.43156141624687,0.0011706810374267
2.68930066363618e-05,5.427770480726,0.00118094458540154
2.72078321521413e-05,5.42397954520512,0.00119129811554374
2.75263432024809e-05,5.42018860968425,0.00120174241674135
2.78485829324383e-05,5.41639767416338,0.00121227828479876
2.81745949921526e-05,5.41260673864251,0.00122290652249725
2.85044235427576e-05,5.40881580312164,0.00123362793965626
2.88381132623635e-05,5.40502486760077,0.00124444335319504
2.91757093521087e-05,5.4012339320799,0.00125535358719487
2.95172575422836e-05,5.39744299655903,0.00126635947296192
2.98628040985239e-05,5.39365206103816,0.00127746184909052
3.02123958280789e-05,5.38986112551729,0.00128866156152713
3.05660800861509e-05,5.38607018999642,0.00129995946363473
3.09239047823107e-05,5.38227925447555,0.00131135641625788
3.12859183869867e-05,5.37848831895468,0.00132285328778829
3.16521699380312e-05,5.37469738343381,0.001334450954231
3.20227090473625e-05,5.37090644791294,0.00134615029927116
3.23975859076858e-05,5.36711551239206,0.00135795221434129
3.27768512992915e-05,5.3633245768712,0.00136985759868925
3.31605565969347e-05,5.35953364135032,0.00138186735944676
3.35487537767937e-05,5.35574270582945,0.00139398241169851
3.39414954235107e-05,5.35195177030858,0.00140620367855186
3.43388347373152e-05,5.34816083478771,0.00141853209120723
3.47408255412302e-05,5.34436989926684,0.00143096858902902
3.51475222883627e-05,5.34057896374597,0.00144351411961716
3.55589800692804e-05,5.3367880282251,0.00145616963887936
3.5975254619474e-05,5.33299709270423,0.00146893611110394
3.63964023269065e-05,5.32920615718336,0.00148181450903326
3.68224802396525e-05,5.32541522166249,0.0014948058139379
3.72535460736249e-05,5.32162428614162,0.00150791101569135
3.76896582203934e-05,5.31783335062075,0.00152113111284554
3.81308757550941e-05,5.31404241509988,0.00153446711270681
3.8577258444432e-05,5.310251479579,0.00154792003141275
3.90288667547762e-05,5.30646054405813,0.00156149089400957
3.94857618603516e-05,5.30266960853726,0.00157518073453025
3.99480056515245e-05,5.29887867301639,0.00158899059607326
4.04156607431868e-05,5.29508773749552,0.00160292153088213
4.08887904832374e-05,5.29129680197465,0.00161697460042555
4.13674589611635e-05,5.28750586645378,0.00163115087547827
4.18517310167218e-05,5.28371493093291,0.00164545143620272
4.23416722487217e-05,5.27992399541204,0.00165987737223125
4.28373490239115e-05,5.27613305989117,0.00167442978274924
4.33388284859677e-05,5.2723421243703,0.00168910977657875
4.38461785645909e-05,5.26855118884943,0.0017039184722631
4.43594679847069e-05,5.26476025332856,0.00171885699815204
4.48787662757766e-05,5.26096931780769,0.00173392649248776
4.54041437812137e-05,5.25717838228682,0.00174912810349157
4.59356716679142e-05,5.25338744676595,0.00176446298945145
4.64734219358954e-05,5.24959651124508,0.00177993231881026
4.70174674280504e-05,5.2458055757242,0.00179553727025479
4.75678818400138e-05,5.24201464020333,0.00181127903280558
4.81247397301453e-05,5.23822370468246,0.00182715880590747
4.86881165296292e-05,5.23443276916159,0.00184317779952106
4.92580885526921e-05,5.23064183364072,0.00185933723421485
4.98347330069401e-05,5.22685089811985,0.00187563834125825
5.04181280038173e-05,5.22305996259898,0.00189208236271543
5.10083525691873e-05,5.21926902707811,0.00190867055153992
5.16054866540367e-05,5.21547809155724,0.0019254041716701
5.22096111453065e-05,5.21168715603637,0.00194228449812548
5.28208078768479e-05,5.2078962205155,0.00195931281710392
5.3439159640508e-05,5.20410528499463,0.00197649042607952
5.40647501973442e-05,5.20031434947376,0.00199381863390159
5.4697664288971e-05,5.19652341395289,0.00201129876089431
5.53379876490382e-05,5.19273247843202,0.00202893213895735
5.59858070148451e-05,5.18894154291115,0.00204672011166737
5.66412101390887e-05,5.18515060739028,0.00206466403438038
5.73042858017519e-05,5.1813596718694,0.00208276527433502
5.79751238221285e-05,5.17756873634853,0.00210102521075669
5.86538150709902e-05,5.17377780082766,0.00211944523496273
5.93404514828963e-05,5.16998686530679,0.00213802675046837
6.00351260686463e-05,5.16619592978592,0.00215677117309364
6.07379329278798e-05,5.16240499426505,0.00217567993107136
6.14489672618223e-05,5.15861405874418,0.00219475446515584
6.21683253861817e-05,5.15482312322331,0.00221399622873275
6.28961047441946e-05,5.15103218770244,0.00223340668792978
6.36324039198263e-05,5.14724125218157,0.00225298732172846
6.43773226511242e-05,5.1434503166607,0.00227273962207672
6.51309618437289e-05,5.13965938113983,0.00229266509400269
6.58934235845421e-05,5.13586844561896,0.00231276525572929
6.66648111555558e-05,5.13207751009809,0.00233304163878997
6.74452290478421e-05,5.12828657457721,0.00235349578814534
6.82347829757074e-05,5.12449563905634,0.00237412926230096
6.90335798910132e-05,5.12070470353547,0.00239494363342605
6.98417279976629e-05,5.1169137680146,0.00241594048747328
7.06593367662587e-05,5.11312283249373,0.00243712142429964
7.14865169489308e-05,5.10933189697286,0.00245848805778829
7.23233805943402e-05,5.10554096145199,0.0024800420159716
7.31700410628554e-05,5.10175002593112,0.00250178494115513
7.40266130419094e-05,5.09795909041025,0.00252371849004282
7.48932125615336e-05,5.09416815488938,0.00254584433386317
7.57699570100769e-05,5.09037721936851,0.00256816415849663
7.6656965150105e-05,5.08658628384764,0.00259067966460404
7.75543571344895e-05,5.08279534832677,0.00261339256775617
7.84622545226824e-05,5.0790044128059,0.00263630459856451
7.93807802971834e-05,5.07521347728503,0.00265941750281309
8.03100588801977e-05,5.07142254176416,0.00268273304159148
8.12502161504917e-05,5.06763160624328,0.00270625299142905
8.22013794604425e-05,5.06384067072241,0.00272997914443026
8.31636776532903e-05,5.06004973520154,0.00275391330841122
8.41372410805909e-05,5.05625879968067,0.0027780573070375
8.51222016198725e-05,5.0524678641598,0.00280241297996299
8.61186926925006e-05,5.04867692863893,0.00282698218297015
8.71268492817496e-05,5.04488599311806,0.00285176678811138
8.81468079510893e-05,5.04109505759719,0.00287676868385164
8.91787068626818e-05,5.03730412207632,0.00290198977521239
9.02226857960982e-05,5.03351318655545,0.0029274319839167
9.12788861672518e-05,5.02972225103458,0.00295309724853571
9.23474510475552e-05,5.02593131551371,0.00297898752463632
9.34285251832992e-05,5.02214037999284,0.00300510478493018
9.45222550152614e-05,5.01834944447197,0.00303145101942405
9.56287886985419e-05,5.0145585089511,0.00305802823557135
9.6748276122632e-05,5.01076757343022,0.00308483845842523
9.78808689317192e-05,5.00697663790935,0.00311188373079273
9.90267205452278e-05,5.00318570238848,0.00313916611339059
0.000100185986178601,4.99939476686761,0.0031666876850021
0.000101358822864325,4.99560383134674,0.00319445054263564
0.000102545389473204,4.99181289582587,0.00322245680168437
0.000103745846735875,4.988021960305,0.00325070859608743
0.000104960357264588,4.98423102478413,0.00327920807849258
0.000106189085575224,4.98044008926326,0.00330795742042014
0.000107432198109587,4.97664915374239,0.00333695881242855
0.000108689863257947,4.97285821822152,0.00336621446428118
0.000109962251381851,4.96906728270065,0.00339572660511478
0.000111249534837199,4.96527634717978,0.00342549748360927
0.000112551887997593,4.96148541165891,0.00345552936815915
0.000113869487277953,4.95769447613804,0.00348582454704625
0.00011520251115842,4.95390354061717,0.00351638532861416
0.000116551140208528,4.9501126050963,0.00354721404144409
0.000117915557111665,4.94632166957542,0.00357831303453227
0.00011929594668982,4.94253073405455,0.00360968467746897
0.000120692495928619,4.93873979853368,0.00364133136061906
0.000122105394002651,4.93494886301281,0.00367325549530409
0.000123534832301095,4.93115792749194,0.00370545951398604
0.000124981004453648,4.92736699197107,0.00373794587045273
0.000126444106356748,4.9235760564502,0.00377071704000468
0.000127924336200116,4.91978512092933,0.00380377551964377
0.000129421894493598,4.91599418540846,0.00383712382826352
0.000130936984094328,4.91220324988759,0.00387076450684098
0.000132469810234205,4.90841231436672,0.00390470011863033
0.000134020580547696,4.90462137884585,0.00393893324935827
0.00013558950509996,4.90083044332498,0.0039734665074209
0.000137176796415304,4.89703950780411,0.00400830252408261
0.000138782669505969,4.89324857228323,0.00404344395367648
0.00014040734190126,4.88945763676236,0.00407889347380655
0.000142051033677006,4.88566670124149,0.00411465378555184
0.000143713967485378,4.88187576572062,0.00415072761367219
0.000145396368585042,4.87808483019975,0.00418711770681581
0.000147098464871679,4.87429389467888,0.00422382683772877
0.00014882048690885,4.87050295915801,0.00426085780346624
0.00015056266795923,4.86671202363714,0.00429821342560562
0.000152325244016208,4.86292108811627,0.00433589655046155
0.000154108453835849,4.8591301525954,0.00437391004930273
0.00015591253896924,4.85533921707453,0.00441225681857078
0.000157737743795208,4.85154828155366,0.00445093978010081
0.000159584315553424,4.84775734603279,0.00448996188134422
0.000161452504377892,4.84396641051192,0.00452932609559313
0.000163342563330837,4.84017547499105,0.00456903542220698
0.000165254748436977,4.83638453947018,0.00460909288684111
0.000167189318718209,4.8325936039493,0.00464950154167726
0.000169146536228693,4.82880266842843,0.00469026446565612
0.000171126666090354,4.82501173290756,0.00473138476471193
0.000173129976528789,4.82122079738669,0.00477286557200921
0.000175156738909603,4.81742986186582,0.00481471004818135
0.00017720722777517,4.81363892634495,0.00485692138157161
0.000179281720881817,4.80984799082408,0.00489950278847589
0.000181380499237456,4.80605705530321,0.00494245751338792
0.000183503847139641,4.80226611978234,0.0049857888292464
0.000185652052214084,4.79847518426147,0.00502950003768444
0.000187825405453612,4.7946842487406,0.00507359446928104
0.000190024201257592,4.79089331321973,0.00511807548381495
0.000192248737471799,4.78710237769886,0.00516294647052066
0.000194499315428771,4.78331144217799,0.0052082108483466
0.000196776239988624,4.77952050665712,0.00525387206621564
0.000199079819580346,4.77572957113625,0.00529993360328796
0.000201410366243578,4.77193863561537,0.00534639896922606
0.000203768195670885,4.7681477000945,0.00539327170446222
0.000206153627250513,4.76435676457363,0.00544055538046827
0.00020856698410966,4.76056582905276,0.00548825360002769
0.000211008593158241,4.75677489353189,0.00553636999751013
0.000213478785133173,4.75298395801102,0.00558490823914837
0.000215977894643177,4.74919302249015,0.00563387202331763
0.0002185062602141,4.74540208696928,0.00568326508081733
0.000221064224334778,4.74161115144841,0.0057330911751555
0.000223652133503419,4.73782021592754,0.00578335410283534
0.000226270338274551,4.73402928040667,0.0058340576936447
0.000228919193306496,4.7302383448858,0.00588520581094772
0.000231599057409422,4.72644740936493,0.00593680235197931
0.000234310293593939,4.72265647384406,0.00598885124814203
0.000237053269120276,4.71886553832319,0.00604135646530573
0.000239828355548027,4.71507460280231,0.00609432200410961
0.000242635928786486,4.71128366728144,0.00614775190026715
0.000245476369145562,4.70749273176057,0.00620165022487359
0.0002483500613873,4.7037017962397,0.00625602108471607
0.000251257394777997,4.69991086071883,0.00631086862258663
0.000254198763140931,4.69611992519796,0.00636619701759781
0.000257174564909713,4.69232898967709,0.00642201048550112
0.000260185203182251,4.68853805415622,0.00647831327900819
0.000263231085775359,4.68474711863535,0.00653510968811491
0.000266312625279996,4.68095618311448,0.0065924040404282
0.000269430239117156,4.67716524759361,0.00665020070149586
0.000272584349594411,4.67337431207274,0.00670850407513908
0.000275775383963117,4.66958337655187,0.00676731860378812
0.000279003774476288,4.665792441031,0.00682664876882069
0.000282269958447147,4.66200150551013,0.00688649909090346
0.000285574378308369,4.65821056998926,0.00694687413033655
0.000288917481672006,4.65441963446838,0.00700777848740091
0.000292299721390123,4.65062869894751,0.0070692168027089
0.000295721555616141,4.64683776342664,0.00713119375755789
0.000299183447866898,4.64304682790577,0.00719371407428693
0.000302685867085432,4.6392558923849,0.00725678251663654
0.000306229287704512,4.63546495686403,0.00732040389011178
0.000309814189710894,4.63167402134316,0.00738458304234828
0.000313441058710348,4.62788308582229,0.00744932486348168
0.00031711038599343,4.62409215030142,0.00751463428652025
0.000320822668602041,4.62030121478055,0.00758051628772071
0.000324578409396743,4.61651027925968,0.00764697588696741
0.000328378117124887,4.61271934373881,0.00771401814815486
0.00033222230648952,4.60892840821794,0.00778164817957352
0.000336111498219112,4.60513747269707,0.00784987113429904
0.000340046219138088,4.6013465371762,0.00791869221058496
0.000344027002238191,4.59755560165532,0.00798811665225867
0.000348054386750686,4.59376466613445,0.00805814974912108
0.000352128918219396,4.58997373061358,0.00812879683734963
0.000356251148574607,4.58618279509271,0.00820006329990486
0.000360421636207825,4.58239185957184,0.00827195456694059
0.000364640946047424,4.57860092405097,0.0083444761162177
0.000368909649635162,4.5748099885301,0.00841763347352142
0.000373228325203604,4.57101905300923,0.00849143221308249
0.00037759755775445,4.56722811748836,0.00856587795800175
0.000382017939137779,4.56343718196749,0.00864097638067876
0.000386490068132216,4.55964624644662,0.00871673320324377
0.000391014550526046,4.55585531092575,0.00879315419799402
0.00039559199919927,4.55206437540488,0.00887024518783331
0.000400223034206629,4.54827343988401,0.00894801204671576
0.000404908282861592,4.54448250436314,0.00902646070009345
0.000409648379821331,4.54069156884227,0.00910559712536783
0.000414443967172695,4.53690063332139,0.00918542735234514
0.000419295694519179,4.53310969780052,0.00926595746369592
0.000424204219068927,4.52931876227965,0.0093471935954185
0.000429170205723748,4.52552782675878,0.00942914193730638
0.00043419432716919,4.52173689123791,0.0095118087334201
0.000439277263965655,4.51794595571704,0.00959520028256278
0.000444419704640592,4.51415502019617,0.00967932293876022
0.000449622345781759,4.5103640846753,0.00976418311174493
0.000454885892131587,4.50657314915443,0.00984978726744461
0.000460211056682638,4.50278221363356,0.00993614192847478
0.000465598560774189,4.49899127811269,0.0100232536746357
0.000471049134189945,4.49520034259182,0.0101111291434139
0.000476563515256892,4.49140940707095,0.0101997750304878
0.000482142450945308,4.48761847155008,0.0102891980902378
0.000487786696969953,4.48382753602921,0.0103794051362612
0.000493497017892429,4.48003660050833,0.010470403041891
0.000499274187224754,4.47624566498746,0.0105621987407199
0.000505118987534136,4.47245472946659,0.0106547992271287
0.000511032210548977,4.46866379394572,0.0107482115568187
0.000517014657266128,4.46487285842485,0.0108424428473499
0.000523067138059378,4.46108192290398,0.0109375002786831
0.00052919047278924,4.45729098738311,0.0110333910937269
0.000535385490913995,4.45350005186224,0.0111301225988895
0.000541653031602062,4.44970911634137,0.0112277021646359
0.000547993943845658,4.4459181808205,0.0113261372260487
0.000554409086575812,4.44212724529963,0.0114254352833955
0.000560899328778706,4.43833630977876,0.0115256039026997
0.000567465549613395,4.43454537425789,0.0116266507163172
0.000574108638530889,4.43075443873702,0.0117285834235181
0.000580829495394641,4.42696350321615,0.0118314097910732
0.000587629030602441,4.42317256769527,0.0119351376538458
0.000594508165209735,4.4193816321744,0.0120397749153887
0.000601467831054394,4.41559069665353,0.0121453295485466
0.000608508970882932,4.41179976113266,0.012251809596063
0.000615632538478221,4.40800882561179,0.0123592231711938
0.000622839498788673,4.40421789009092,0.0124675784583249
0.00063013082805897,4.40042695457005,0.0125768837135962
0.000637507513962283,4.39663601904918,0.0126871472655302
0.000644970555734084,4.39284508352831,0.0127983775156673
0.000652520964307478,4.38905414800744,0.0129105829392051
0.000660159762450161,4.38526321248657,0.013023772085645
0.000667887984902953,4.3814722769657,0.0131379535794431
0.000675706678519965,4.37768134144483,0.0132531361206673
0.000683616902410403,4.37389040592396,0.0133693284856608
0.000691619728082037,4.37009947040309,0.01348653952771
0.000699716239586343,4.36630853488222,0.0136047781777196
0.000707907533665346,4.36251759936134,0.0137240534448932
0.000716194719900188,4.35872666384047,0.0138443744174193
0.000724578920861423,4.3549357283196,0.0139657502631639
0.000733061272261088,4.35114479279873,0.0140881902303694
0.000741642923106533,4.34735385727786,0.0142117036483589
0.000750325035856081,4.34356292175699,0.0143362999282473
0.000759108786576471,4.33977198623612,0.0144619885636579
0.000767995365102188,4.33598105071525,0.0145887791314466
0.000776985975196621,4.33219011519438,0.0147166812924307
0.00078608183471513,4.32839917967351,0.0148457047921257
0.000795284175770014,4.32460824415264,0.0149758594614874
0.000804594244897409,4.32081730863177,0.0151071552176614
0.000814013303226146,4.3170263731109,0.0152396020647383
0.000823542626648578,4.31323543759003,0.0153732100945162
0.000833183505993413,4.30944450206916,0.0155079894872697
0.000842937247200565,4.30565356654829,0.0156439505125254
0.00085280517149806,4.30186263102742,0.0157811035298445
0.000862788615581,4.29807169550654,0.0159194589896122
0.000872888931792638,4.29428075998567,0.0160590274338339
0.000883107488307558,4.2904898244648,0.0161998194969382
0.000893445669317011,4.28669888894393,0.0163418459065878
0.000903904875216411,4.28290795342306,0.0164851174844964
0.000914486522795035,4.27911701790219,0.0166296451472532
0.000925192045427935,4.27532608238132,0.0167754399071552
0.000936022893270105,4.27153514686045,0.0169225128730458
0.000946980533452914,4.26774421133958,0.0170708752511613
0.000958066450282842,4.26395327581871,0.0172205383459852
0.000969282145442544,4.26016234029784,0.0173715135611088
0.000980629138194264,4.25637140477697,0.0175238124001008
0.000992108965585633,4.2525804692561,0.0176774464673835
0.00100372318265787,4.24878953373523,0.0178324274691169
0.00101547336265645,4.24499859821436,0.0179887672140909
0.00102736109724416,4.24120766269349,0.0181464776146248
0.00103938799671676,4.23741672717261,0.0183055706874754
0.0010515556902211,4.23362579165174,0.018466058554752
0.00106386582597576,4.22983485613087,0.0186279534448406
0.00107632007149438,4.22604392061,0.0187912676933353
0.00108892011381147,4.22225298508913,0.0189560137439782
0.00110166765971099,4.21846204956826,0.019122204149608
0.00111456443595754,4.21467111404739,0.019289851573116
0.00112761218953022,4.21088017852652,0.019458968788411
0.00114081268785933,4.20708924300565,0.0196295686813928
0.00115416771906575,4.20329830748478,0.0198016642509339
0.00116767909220317,4.19950737196391,0.0199752686098701
0.00118134863750312,4.19571643644304,0.0201503949859993
0.00119517820662294,4.19192550092217,0.0203270567230899
0.00120916967289654,4.1881345654013,0.0205052672818971
0.00122332493158821,4.18434362988043,0.0206850402411887
0.00123764590014933,4.18055269435955,0.0208663892987797
0.00125213451847808,4.17676175883868,0.0210493282725761
0.00126679274918227,4.17297082331781,0.0212338711016277
0.00128162257784515,4.16917988779694,0.0214200318471902
0.00129662601329439,4.16538895227607,0.0216078246937964
0.0013118050878742,4.1615980167552,0.0217972639503374
0.00132716185772059,4.15780708123433,0.0219883640511525
0.00134269840303995,4.15401614571346,0.0221811395571293
0.00135841682839079,4.15022521019259,0.0223756051568127
0.00137431926296883,4.14643427467172,0.0225717756675249
0.00139040786089543,4.14264333915085,0.0227696660364937
0.00140668480150937,4.13885240362998,0.0229692913419914
0.00142315228966205,4.13506146810911,0.0231706667944843
0.00143981255601619,4.13127053258824,0.0233738077377911
0.00145666785734798,4.12747959706737,0.0235787296502523
0.00147372047685274,4.1236886615465,0.0237854481459094
0.00149097272445426,4.11989772602562,0.0239939789756949
0.00150842693711767,4.11610679050475,0.0242043380286319
0.00152608547916598,4.11231585498388,0.0244165413330454
0.00154395074260039,4.10852491946301,0.0246306050577832
0.00156202514742428,4.10473398394214,0.0248465455134479
0.00158031114197103,4.10094304842127,0.0250643791536399
0.00159881120323567,4.0971521129004,0.0252841225762108
0.0016175278372104,4.09336117737953,0.0255057925245284
0.00163646357922404,4.08957024185866,0.025729405888752
0.00165562099428551,4.08577930633779,0.0259549797071201
0.00167500267743121,4.08198837081692,0.0261825311672477
0.0016946112540766,4.07819743529605,0.0264120776074365
0.00171444938037182,4.07440649977518,0.026643636517996
0.00173451974356147,4.07061556425431,0.0268772255425759
0.00175482506234862,4.06682462873344,0.0271128624795107
0.00177536808726313,4.06303369321256,0.0273505652831758
0.00179615160103415,4.05924275769169,0.0275903520653551
0.00181717841896714,4.05545182217082,0.0278322410966219
0.00183845138932521,4.05166088664995,0.0280762508077303
0.0018599733937149,4.04786995112908,0.0283223997910198
0.00188174734747657,4.04407901560821,0.0285707068018318
0.00190377620007927,4.04028808008734,0.0288211907599391
0.00192606293552031,4.03649714456647,0.0290738707509868
0.00194861057272942,4.0327062090456,0.0293287660279472
0.00197142216597773,4.02891527352473,0.0295858960125863
0.00199450080529148,4.02512433800386,0.0298452802969438
0.0020178496168706,4.02133340248299,0.0301069386448262
0.00204147176351216,4.01754246696212,0.0303708909933122
0.00206537044503883,4.01375153144125,0.0306371574542722
0.00208954889873228,4.00996059592038,0.0309057583159005
0.00211401039977175,4.0061696603995,0.0311767140442613
0.00213875826167765,4.00237872487863,0.0314500452848481
0.00216379583676046,3.99858778935776,0.0317257728641565
0.00218912651657476,3.99479685383689,0.0320039177912718
0.00221475373237871,3.99100591831602,0.0322845012594687
0.00224068095559881,3.98721498279515,0.0325675446478273
0.00226691169830014,3.98342404727428,0.0328530695228612
0.0022934495136621,3.97963311175341,0.0331410976401611
0.00232029799645973,3.97584217623254,0.0334316509460526
0.00234746078355062,3.97205124071167,0.033724751579268
0.0023749415543676,3.9682603051908,0.0340204218726335
0.00240274403141711,3.96446936966993,0.034318684354771
0.00243087198078348,3.96067843414906,0.0346195617518141
0.00245932921263903,3.95688749862819,0.0349230769891402
0.00248811958176026,3.95309656310732,0.0352292531931172
0.00251724698804996,3.94930562758644,0.0355381136928655
0.00254671537706547,3.94551469206557,0.0358496820220356
0.00257652874055321,3.9417237565447,0.0361639819206013
0.00260669111698934,3.93793282102383,0.0364810373366686
0.00263720659212681,3.93414188550296,0.0368008724283004
0.00266807929954885,3.93035094998209,0.037123511565357
0.00269931342122884,3.92656001446122,0.0374489793313534
0.00273091318809685,3.92276907894035,0.0377773005253322
0.00276288288061271,3.91897814341948,0.038108500163753
0.00279522682934587,3.91518720789861,0.0384426034823988
0.002827949415562,3.91139627237774,0.0387796359382987
0.00286105507181647,3.90760533685687,0.0391196232116679
0.00289454828255477,3.903814401336,0.0394625912078637
0.00292843358471997,3.90002346581513,0.0398085660593602
0.0029627155683673,3.89623253029426,0.040157574127739
0.00299739887728591,3.89244159477339,0.0405096420056977
0.00303248820962788,3.88865065925251,0.0408647965190766
0.00306798831854469,3.88485972373164,0.0412230647289023
0.00310390401283099,3.88106878821077,0.0415844739334497
0.00314024015757608,3.8772778526899,0.0419490516703222
0.00317700167482285,3.87348691716903,0.0423168257185496
0.00321419354423458,3.86969598164816,0.0426878241007051
0.00325182080376942,3.86590504612729,0.04306207508504
0.00328988855036288,3.86211411060642,0.0434396071876383
0.00332840194061819,3.85832317508555,0.0438204491745886
0.00336736619150487,3.85453223956468,0.0442046300641767
0.00340678658106538,3.85074130404381,0.0445921791290963
0.00344666844913008,3.84695036852294,0.0449831258986795
0.00348701719804055,3.84315943300207,0.0453775001611467
0.0035278382933814,3.8393684974812,0.0457753319658764
0.00356913726472061,3.83557756196033,0.046176651625695
0.00361091970635858,3.83178662643946,0.046581489719186
0.00365319127808591,3.82799569091858,0.0469898770930205
0.00369595770595007,3.82420475539771,0.0474018448643071
0.00373922478303105,3.82041381987684,0.0478174244229632
0.00378299837022607,3.81662288435597,0.0482366474341066
0.0038272843970435,3.8128319488351,0.0486595458404682
0.00387208886240606,3.80904101331423,0.049086151864826
0.00391741783546341,3.80525007779336,0.0495164980124603
0.0039632774564143,3.80145914227249,0.0499506170736302
0.00400967393733829,3.79766820675162,0.0503885421260724
0.00405661356303723,3.79387727123075,0.0508303065375214
0.0041041026918866,3.79008633570988,0.0512759439682519
0.0041521477566968,3.78629540018901,0.0517254883736438
0.00420075526558452,3.78250446466814,0.0521789740067689
0.00424993180285436,3.77871352914727,0.0526364354210015
0.00429968402989066,3.7749225936264,0.0530979074726508
0.00435001868605992,3.77113165810552,0.0535634253236166
0.00440094258962366,3.76734072258465,0.054033024444069
0.00445246263866201,3.76354978706378,0.0545067406151505
0.00450458581200813,3.75975885154291,0.0549846099317028
0.00455731917019356,3.75596791602204,0.0554666688050169
0.00461066985640459,3.75217698050117,0.0559529539656071
0.00466464509744992,3.7483860449803,0.0564435024660103
0.00471925220473956,3.74459510945943,0.0569383516836089
0.00477449857527522,3.74080417393856,0.0574375393234785
0.00483039169265232,3.73701323841769,0.0579411034212615
0.00488693912807369,3.73322230289682,0.0584490823460646
0.00494414854137515,3.72943136737595,0.0589615148033828
0.00500202768206312,3.72564043185508,0.0594784398380482
0.00506058439036436,3.72184949633421,0.0599998968372053
0.00511982659828796,3.71805856081334,0.0605259255333118
0.00517976233069982,3.71426762529247,0.0610565660071666
0.0052403997064097,3.71047668977159,0.061591858690963
0.00530174693927099,3.70668575425072,0.06213184437137
0.00536381233929328,3.70289481872985,0.0626765641926398
0.00542660431376812,3.69910388320898,0.0632260596597428
0.00549013136840779,3.69531294768811,0.0637803726415302
0.00555440210849748,3.69152201216724,0.0643395453739242
0.00561942524006098,3.68773107664637,0.0649036204631358
0.00568520957103996,3.6839401411255,0.0654726408889118
0.00575176401248708,3.68014920560463,0.066046650007809
0.0058190975797731,3.67635827008376,0.0666256915564983
0.00588721939380806,3.67256733456289,0.067209809655097
0.00595613868227677,3.66877639904202,0.0677990488105303
0.00602586478088884,3.66498546352115,0.068393453919923
0.0060964071346432,3.66119452800028,0.06899307027402
0.00616777529910758,3.65740359247941,0.0695979435606376
0.00623997894171286,3.65361265695853,0.0702081198681441
0.0063130278430626,3.64982172143766,0.0708236456889724
0.00638693189825794,3.64603078591679,0.0714445679231617
0.00646170111823792,3.64223985039592,0.0720709338819314
0.00653734563113561,3.63844891487505,0.0727027912912859
0.00661387568365001,3.63465797935418,0.0733401882956512
0.00669130164243406,3.63086704383331,0.0739831734615432
0.00676963399549892,3.62707610831244,0.0746317957812681
0.00684888335363463,3.62328517279157,0.0752861046766555
0.00692906045184744,3.6194942372707,0.0759461500028242
0.00701017615081397,3.61570330174983,0.0766119820519809
0.00709224143835236,3.61191236622896,0.0772836515572516
0.00717526743091069,3.60812143070809,0.0779612096965485
0.00725926537507279,3.60433049518722,0.078644708096468
0.00734424664908166,3.60053955966635,0.0793341988362256
0.00743022276438081,3.59674862414548,0.0800297344516235
0.00751720536717352,3.5929576886246,0.0807313679390538
0.00760520624000046,3.58916675310373,0.0814391527595362
0.00769423730333571,3.58537581758286,0.0821531428427917
0.00778431061720151,3.58158488206199,0.0828733925913522
0.0078754383828019,3.57779394654112,0.0835999568847049
0.00796763294417543,3.57400301102025,0.0843328910834743
0.00806090678986733,3.57021207549938,0.0850722510336406
0.00815527255462116,3.56642113997851,0.0858180930707943
0.00825074302109028,3.56263020445764,0.0865704740244294
0.0083473311215694,3.55883926893677,0.0873294512222729
0.00844504993974634,3.5550483334159,0.0880950824946531
0.00854391271247437,3.55125739789503,0.0888674261789065
0.0086439328315652,3.54746646237416,0.0896465411238217
0.00874512384560306,3.54367552685329,0.0904324866941245
0.00884749946177997,3.53988459133242,0.0912253227750007
0.00895107354775246,3.53609365581155,0.092025109776659
0.0090558601335201,3.53230272029067,0.092831908638934
0.00916187341332598,3.5285117847698,0.09364578083593
0.00926912774757943,3.52472084924893,0.0944667883807039
0.00937763766480124,3.52092991372806,0.0952949938299917
0.00948741786359173,3.51713897820719,0.0961304602889739
0.00959848321462176,3.51334804268632,0.0969732514160842
0.00971084876264709,3.50955710716545,0.0978234314278603
0.00982452972854635,3.50576617164458,0.0986810651038361
0.00993954151138278,3.50197523612371,0.0995462177914786
0.0100558996904903,3.49818430060284,0.100418955411166
0.0101736200275836,3.49439336508197,0.101299344461211
0.0102927184688935,3.4906024295611,0.102187452022929
0.0104132111473269,3.48681149404023,0.103083345765745
0.010535114384652,3.48302055851936,0.103987093952356
0.0106584446937093,3.47922962299849,0.104898765443927
0.0107832187806486,3.47543868747761,0.10581842970534
0.0109094535471916,3.47164775195674,0.106746156810487
0.0110371660929217,3.46785681643587,0.107682017447611
0.0111663737176002,3.464065880915,0.108626082924686
0.0112970939235096,3.46027494539413,0.109578425174858
0.0114293444178247,3.45648400987326,0.110539116761921
0.0115631431150108,3.45269307435239,0.111508230885847
0.0116985081392507,3.44890213883152,0.112485841388365
0.0118354578268997,3.44511120331065,0.113472022758585
0.0119740107289691,3.44132026778978,0.114466850138676
0.0121141856136396,3.43752933226891,0.11547039932959
0.0122560014688034,3.43373839674804,0.116482746796837
0.0123994775046362,3.42994746122717,0.117503969676315
0.0125446331561994,3.4261565257063,0.118534145780182
0.0126914880860726,3.42236559018543,0.119573353602789
0.0128400621870177,3.41857465466456,0.12062167232666
0.0129903755846726,3.41478371914368,0.121679181828524
0.0131424486402782,3.41099278362281,0.122745962685401
0.0132963019534361,3.40720184810194,0.123822096180746
0.0134519563648989,3.40341091258107,0.124907664310636
0.0136094329593938,3.3996199770602,0.126002749790021
0.013768753068478,3.39582904153933,0.127107436059028
0.0139299382734287,3.39203810601846,0.128221807289315
0.0140930104081665,3.38824717049759,0.129345948390488
0.0142579915622126,3.38445623497672,0.130479945016568
0.0144249040836814,3.38066529945585,0.131623883572518
0.0145937705823076,3.37687436393498,0.132777851220829
0.0147646139325089,3.37308342841411,0.133941935888158
0.0149374572764845,3.36929249289324,0.13511622627203
0.0151123240273499,3.36550155737237,0.136300811847595
0.0152892378723085,3.3617106218515,0.137495782874445
0.0154682227758602,3.35791968633063,0.138701230403494
0.0156493029830475,3.35412875080975,0.139917246283912
0.0158325030227398,3.35033781528888,0.141143923170129
0.0160178477109561,3.34654687976801,0.142381354528886
0.0162053621542262,3.34275594424714,0.143629634646365
0.0163950717529923,3.33896500872627,0.144888858635371
0.0165870022050489,3.3351740732054,0.146159122442576
0.0167811795090242,3.33138313768453,0.147440522855833
0.016977629967902,3.32759220216366,0.148733157511548
0.0171763801925842,3.32380126664279,0.150037124902124
0.0173774571054959,3.32001033112192,0.15135252438346
0.0175808879442321,3.31621939560105,0.152679456182524
0.0177867002652472,3.31242846008018,0.154018021404992
0.0179949219475878,3.30863752455931,0.155368322042948
0.0182055811966693,3.30484658903844,0.156730460982658
0.0184187065480964,3.30105565351757,0.158104542012406
0.0186343268715286,3.2972647179967,0.159490669830409
0.0188524713745906,3.29347378247582,0.160888950052784
0.019073169606829,3.28968284695495,0.162299489221608
0.0192964514637152,3.28589191143408,0.163722394813023
0.0195223471906944,3.28210097591321,0.165157775245436
0.0197508873872831,3.27831004039234,0.166605739887774
0.019982103011214,3.27451910487147,0.16806639906782
0.0202160253826292,3.2707281693506,0.169539864080616
0.0204526861883233,3.26693723382973,0.171026247196946
0.020692117486035,3.26314629830886,0.172525661671893
0.0209343517087902,3.25935536278799,0.174038221753462
0.021179421669295,3.25556442726712,0.175564042691289
0.0214273605643805,3.25177349174625,0.177103240745423
0.0216782019794996,3.24798255622538,0.178655933195184
0.0219319798932767,3.24419162070451,0.180222238348097
0.0221887286821097,3.24040068518364,0.181802275548909
0.0224484831248276,3.23660974966276,0.183396165188681
0.0227112784074006,3.23281881414189,0.185004028713962
0.0229771501277069,3.22902787862102,0.186625988636041
0.0232461343003549,3.22523694310015,0.188262168540287
0.0235182673615609,3.22144600757928,0.189912693095556
0.0237935861740856,3.21765507205841,0.191577688063701
0.024072128032227,3.21386413653754,0.193257280309145
0.0243539306668721,3.21007320101667,0.194951597808556
0.0246390322506083,3.2062822654958,0.196660769660591
0.0249274714028939,3.20249132997493,0.198384926095736
0.0252192871952897,3.19870039445406,0.200124198486228
0.025514519156751,3.19490945893319,0.201878719356067
0.0258132072789831,3.19111852341232,0.203648622391112
0.0261153920218575,3.18732758789145,0.205434042449265
0.0264211143188931,3.18353665237058,0.207235115570753
0.0267304155828011,3.1797457168497,0.209051978988484
0.0270433377110944,3.17595478132883,0.210884771138513
0.0273599230917629,3.17216384580796,0.212733631670586
0.0276802146090157,3.16837291028709,0.214598701458778
0.0280042556490899,3.16458197476622,0.216480122612231
0.0283320901061276,3.16079103924535,0.218378038485981
0.028663762388122,3.15700010372448,0.22029259369188
0.0289993174229324,3.15320916820361,0.222223934109616
0.0293388006643704,3.14941823268274,0.224172206897827
0.0296822580983571,3.14562729716187,0.226137560505313
0.0300297362491518,3.141836361641,0.22812014468235
0.0303812821856548,3.13804542612013,0.2301201104921
0.0307369435277826,3.13425449059926,0.232137610322116
0.0310967684529189,3.13046355507839,0.23417279789596
0.0314608057024403,3.12667261955752,0.236225828284914
0.0318291045883193,3.12288168403665,0.238296857919791
0.0322017149998033,3.11909074851577,0.24038604460286
0.0325786874101729,3.1152998129949,0.242493547519869
0.0329600728835791,3.11150887747403,0.244619527252172
0.0333459230819601,3.10771794195316,0.246764145788964
0.0337362902720394,3.10392700643229,0.248927566539626
0.0341312273324058,3.10013607091142,0.251109954346177
0.0345307877606765,3.09634513539055,0.25331147549583
0.0349350256807433,3.09255419986968,0.255532297733666
0.0353439958501046,3.08876326434881,0.257772590275412
0.0357577536672827,3.08497232882794,0.26003252382034
0.0361763551793277,3.08118139330707,0.262312270564265
0.0365998570894099,3.0773904577862,0.264612004212676
0.0370283167645006,3.07359952226533,0.266931899993961
0.0374617922431429,3.06980858674446,0.269272134672764
0.0379003422433137,3.06601765122359,0.271632886563456
0.0383440261703774,3.06222671570271,0.274014335543716
0.0387929041251326,3.05843578018184,0.276416663068239
0.039247036911954,3.05464484466097,0.278840052182564
0.0397064860470282,3.0508539091401,0.281284687537019
0.0401713137666869,3.04706297361923,0.28375075540079
0.0406415830358372,3.04327203809836,0.286238443676117
0.0411173575564908,3.03948110257749,0.288747941912607
0.0415987017763933,3.03569016705662,0.291279441321679
0.0420856808977534,3.03189923153575,0.293833134791133
0.0425783608860761,3.02810829601488,0.296409216899848
0.0430768084790975,3.02431736049401,0.299007883932607
0.0435810911958254,3.02052642497314,0.301629333895053
0.0440912773456851,3.01673548945227,0.304273766528776
0.0446074360377728,3.0129445539314,0.306941383326532
0.0451296371902167,3.00915361841053,0.309632387547598
0.0456579515396483,3.00536268288966,0.312346984233254
0.046192450650784,3.00157174736878,0.315085380222415
0.0467332069261195,2.99778081184791,0.317847784167381
0.0472802936157368,2.99398987632704,0.320634406549742
0.0478337848272271,2.99019894080617,0.323445459696415
0.0483937555357292,2.9864080052853,0.326281157795818
0.0489602815940852,2.98261706976443,0.329141716914197
0.0495334397431159,2.97882613424356,0.332027355012083
0.0501133076220154,2.97503519872269,0.334938291960902
0.0506999637788686,2.97124426320182,0.337874749559728
0.0512934876812908,2.96745332768095,0.340836951552182
0.0518939597271927,2.96366239216008,0.343825123643484
0.0525014612556705,2.95987145663921,0.346839493517646
0.053116074558024,2.95608052111834,0.34988029085482
0.0537378828889044,2.95228958559747,0.352947747348806
0.0543669704775907,2.9484986500766,0.356042096724695
0.0550034225394004,2.94470771455572,0.359163574756688
0.0556473252872318,2.94091677903485,0.362312419286052
0.0562987659432428,2.93712584351398,0.365488870239249
0.0569578327506656,2.93333490799311,0.368693169646214
0.0576246149857603,2.92954397247224,0.371925561658797
0.0582992029699076,2.92575303695137,0.375186292569367
0.0589816880818444,2.9219621014305,0.378475610829577
0.0596721627700409,2.91817116590963,0.381793767069295
0.0603707205652245,2.91438023038876,0.385141014115702
0.0610774560930485,2.91058929486789,0.388517607012556
0.0617924650869105,2.90679835934702,0.391923803039622
0.0625158444009202,2.90300742382615,0.39535986173228
0.063247692023019,2.89921648830528,0.398826044901298
0.0639881070882533,2.89542555278441,0.402322616652779
0.0647371898922032,2.89163461726354,0.405849843408289
0.0654950419045687,2.88784368174267,0.409407993925153
0.0662617657829142,2.8840527462218,0.412997339316936
0.0670374653865746,2.88026181070092,0.416618153074097
0.067822245790724,2.87647087518005,0.42027071108483
0.0686162133006087,2.87267993965918,0.423955291656086
0.0694194754659475,2.86888900413831,0.427672175534777
0.0702321410955004,2.86509806861744,0.431421645929168
0.0710543202718068,2.86130713309657,0.435203988530457
0.0718861243660981,2.8575161975757,0.43901949153454
0.0727276660533835,2.85372526205483,0.442868445663976
0.0735790593277129,2.84993432653396,0.446751144190132
0.0744404195176179,2.84614339101309,0.450667882955536
0.0753118633017348,2.84235245549222,0.454618960396409
0.0761935087246093,2.83856151997135,0.458604677565415
0.0770854752126864,2.83477058445048,0.462625338154593
0.0779878835904884,2.83097964892961,0.466681248518499
0.0789008560969811,2.82718871340874,0.470772717697549
0.0798245164021322,2.82339777788786,0.474900057441563
0.0807589896236636,2.81960684236699,0.479063582233526
0.0817044023439996,2.81581590684612,0.483263609313543
0.0826608826274136,2.81202497132525,0.487500458703012
0.0836285600373754,2.80823403580438,0.491774453229015
0.0846075656541019,2.80444310028351,0.496085918548905
0.0855980320923127,2.80065216476264,0.500435183175128
0.0866000935191942,2.79686122924177,0.504822578500252
0.0876138856725738,2.7930702937209,0.509248438822215
0.0886395458793064,2.78927935820003,0.513713101369798
0.0896772130738765,2.78548842267916,0.518216906328324
0.0907270278172184,2.78169748715829,0.522760196865571
0.0917891323157565,2.77790655163742,0.527343319157926
0.0928636704406675,2.77411561611655,0.53196662241676
0.0939507877473701,2.77032468059568,0.536630458915035
0.0950506314952409,2.7665337450748,0.541335184014148
0.0961633506675625,2.76274280955393,0.546081156191003
0.0972890959917042,2.75895187403306,0.550868737065332
0.0984280199595394,2.75516093851219,0.555698291427243
0.0995802768481023,2.75137000299132,0.560570187265019
0.100746022740485,2.74757906747045,0.565484795793151
0.101925415546982,2.74378813194958,0.570442491480634
0.103118615026479,2.73999719642871,0.575443652079484
0.104325782808094,2.73620626090784,0.580488658653537
0.105547082413072,2.73241532538697,0.585577895607471
0.106782679276934,2.7286243898661,0.590711750716106
0.108032740771888,2.72483345434523,0.595890615153941
0.109297436229502,2.72104251882436,0.60111488352497
0.110576936963637,2.71725158330349,0.606384953892738
0.111871416293658,2.71346064778262,0.61170122781068
0.113181049567909,2.70966971226175,0.617064110352714
0.114506014187465,2.70587877674087,0.622474010144103
0.115846489630166,2.70208784122,0.627931339392598
0.117202657474922,2.69829690569913,0.633436513919836
0.118574701426318,2.69450597017826,0.638989953193034
0.119962807339491,2.69071503465739,0.644592080356941
0.12136716324531,2.68692409913652,0.650243322266086
0.122787959375845,2.68313316361565,0.655944109517299
0.124225388190135,2.67934222809478,0.661694876482522
0.12567964440026,2.67555129257391,0.667496061341904
0.127150924997715,2.67176035705304,0.673348106117192
0.128639429280092,2.66796942153217,0.679251456705405
0.130145358878084,2.6641784860113,0.685206562912816
0.131668917782788,2.66038755049043,0.691213878489219
0.133210312373344,2.65659661496956,0.697273861162505
0.13476975144489,2.65280567944869,0.703386972673541
0.136347446236842,2.64901474392782,0.709553678811349
0.13794361046151,2.64522380840694,0.715774449448597
0.139558460333049,2.64143287288607,0.722049758577401
0.141192214596744,2.6376419373652,0.728380084345445
0.142845094558643,2.63385100184433,0.734765909092407
0.144517324115534,2.63006006632346,0.741207719386717
0.146209129785273,2.62626913080259,0.747706006062625
0.147920740737471,2.62247819528172,0.754261264257608
0.149652388824531,2.61868725976085,0.760873993450087
0.151404308613061,2.61489632423998,0.767544697497495
0.153176737415644,2.61110538871911,0.774273884674659
0.154969915322985,2.60731445319824,0.781062067712538
0.156784085236433,2.60352351767737,0.787909763837282
0.158619492900886,2.5997325821565,0.794817494809644
0.160476386938077,2.59594164663563,0.801785786964743
0.162355018880253,2.59215071111476,0.808815171252155
0.164255643204245,2.58835977559388,0.815906183276383
0.166178517365944,2.58456884007301,0.823059363337653
0.168123901835171,2.58077790455214,0.830275256473095
0.170092060130962,2.57698696903127,0.837554412498264
0.172083258857263,2.5731960335104,0.844897386049039
0.174097767739044,2.56940509798953,0.852304736623875
0.176135859658836,2.56561416246866,0.859777028626446
0.178197810693696,2.56182322694779,0.867314831408637
0.180283900152603,2.55803229142692,0.87491871931394
0.18239441061429,2.55424135590605,0.882589271721199
0.184529627965529,2.55045042038518,0.890327073088772
0.186689841439849,2.54665948486431,0.898132712999055
0.188875343656719,2.54286854934344,0.906006786203404
0.191086430661188,2.53907761382257,0.91394989266746
0.193323401963981,2.5352866783017,0.921962637616855
0.195586560582075,2.53149574278082,0.930045631583336
0.197876213079744,2.52770480725995,0.938199490451272
0.200192669610086,2.52391387173908,0.946424835504598
0.202536243957033,2.52012293621821,0.954722293474137
0.204907253577861,2.51633200069734,0.963092496585364
0.207306019646188,2.51254106517647,0.971536082606577
0.209732867095482,2.5087501296556,0.980053694897489
0.212188124663074,2.50495919413473,0.98864598245825
0.214672124934692,2.50116825861386,0.997313599978904
0.217185204389506,2.5,1
0.219727703445716,2.5,1
0.222299966506656,2.5,1
0.224902342007452,2.5,1
0.227535182462218,2.5,1
0.230198844511808,2.5,1
0.232893688972125,2.5,1
0.235620080882997,2.5,1
0.238378389557629,2.5,1
0.241168988632619,2.5,1
0.243992256118584,2.5,1
0.246848574451353,2.5,1
0.249738330543779,2.5,1
0.252661915838144,2.5,1
0.25561972635919,2.5,1
0.258612162767755,2.5,1
0.261639630415055,2.5,1
0.264702539397585,2.5,1
0.267801304612676,2.5,1
0.270936345814693,2.5,1
0.274108087671893,2.5,1
0.277316959823954,2.5,1
0.280563396940172,2.5,1
0.283847838778337,2.5,1
0.287170730244308,2.5,1
0.290532521452275,2.5,1
0.293933667785733,2.5,1
0.297374629959166,2.5,1
0.300855874080454,2.5,1
0.304377871714017,2.5,1
0.307941099944685,2.5,1
0.311546041442327,2.5,1
0.315193184527233,2.5,1
0.318883023236259,2.5,1
0.322616057389753,2.5,1
0.326392792659253,2.5,1
0.330213740635993,2.5,1
0.334079418900193,2.5,1
0.33799035109118,2.5,1
0.341947066978308,2.5,1
0.345950102532732,2.5,1
0.35,2.5,1
