"ts","mc"
1e-05,5.48663585836185
1.00867752750264e-05,5.48366271572666
1.01743035448884e-05,5.48068957309146
1.02625913437194e-05,5.47771643045626
1.0351645262353e-05,5.47474328782107
1.04414719488146e-05,5.47177014518587
1.05320781088185e-05,5.46879700255068
1.06234705062678e-05,5.46582385991548
1.07156559637594e-05,5.46285071728029
1.08086413630938e-05,5.45987757464509
1.09024336457883e-05,5.4569044320099
1.09970398135953e-05,5.4539312893747
1.10924669290255e-05,5.45095814673951
1.11887221158742e-05,5.44798500410431
1.12858125597541e-05,5.44501186146912
1.13837455086311e-05,5.44203871883392
1.14825282733653e-05,5.43906557619873
1.15821682282573e-05,5.43609243356353
1.16826728115982e-05,5.43311929092834
1.17840495262253e-05,5.43014614829314
1.18863059400816e-05,5.42717300565795
1.19894496867815e-05,5.42419986302275
1.20934884661801e-05,5.42122672038756
1.21984300449482e-05,5.41825357775236
1.23042822571523e-05,5.41528043511717
1.24110530048391e-05,5.41230729248197
1.25187502586253e-05,5.40933414984678
1.26273820582932e-05,5.40636100721158
1.27369565133904e-05,5.40338786457639
1.28474818038353e-05,5.40041472194119
1.29589661805278e-05,5.397441579306
1.30714179659652e-05,5.3944684366708
1.31848455548634e-05,5.39149529403561
1.32992574147838e-05,5.38852215140041
1.34146620867653e-05,5.38554900876522
1.35310681859619e-05,5.38257586613002
1.36484844022857e-05,5.37960272349483
1.37669195010559e-05,5.37662958085963
1.3886382323653e-05,5.37365643822443
1.40068817881787e-05,5.37068329558924
1.41284268901219e-05,5.36771015295404
1.425102670303e-05,5.36473701031885
1.43746903791864e-05,5.36176386768365
1.44994271502938e-05,5.35879072504846
1.4625246328163e-05,5.35581758241326
1.47521573054086e-05,5.35284443977807
1.48801695561496e-05,5.34987129714287
1.5009292636717e-05,5.34689815450768
1.51395361863673e-05,5.34392501187248
1.52709099280018e-05,5.34095186923729
1.54034236688924e-05,5.33797872660209
1.55370873014141e-05,5.3350055839669
1.56719108037831e-05,5.3320324413317
1.58079042408019e-05,5.32905929869651
1.59450777646106e-05,5.32608615606131
1.60834416154447e-05,5.32311301342612
1.62230061223999e-05,5.32013987079092
1.63637817042026e-05,5.31716672815573
1.6505778869988e-05,5.31419358552053
1.66490082200849e-05,5.31122044288534
1.67934804468064e-05,5.30824730025014
1.69392063352486e-05,5.30527415761495
1.70861967640957e-05,5.30230101497975
1.72344627064317e-05,5.29932787234456
1.738401523056e-05,5.29635472970936
1.75348655008296e-05,5.29338158707417
1.76870247784682e-05,5.29040844443897
1.78405044224232e-05,5.28743530180378
1.79953158902098e-05,5.28446215916858
1.81514707387659e-05,5.28148901653339
1.83089806253149e-05,5.27851587389819
1.84678573082365e-05,5.275542731263
1.86281126479435e-05,5.2725695886278
1.87897586077684e-05,5.26959644599261
1.89528072548553e-05,5.26662330335741
1.91172707610616e-05,5.26365016072222
1.92831614038662e-05,5.26067701808702
1.94504915672861e-05,5.25770387545183
1.96192737428012e-05,5.25473073281663
1.97895205302862e-05,5.25175759018144
1.99612446389519e-05,5.24878444754624
2.01344588882934e-05,5.24581130491105
2.03091762090473e-05,5.24283816227585
2.04854096441574e-05,5.23986501964065
2.06631723497475e-05,5.23689187700546
2.08424775961042e-05,5.23391873437027
2.10233387686676e-05,5.23094559173507
2.12057693690301e-05,5.22797244909987
2.13897830159446e-05,5.22499930646468
2.1575393446341e-05,5.22202616382948
2.17626145163519e-05,5.21905302119429
2.1951460202347e-05,5.21607987855909
2.2141944601976e-05,5.2131067359239
2.23340819352216e-05,5.2101335932887
2.25278865454608e-05,5.20716045065351
2.27233729005355e-05,5.20418730801831
2.29205555938327e-05,5.20121416538312
2.3119449345374e-05,5.19824102274792
2.33200690029144e-05,5.19526788011273
2.35224295430508e-05,5.19229473747753
2.37265460723395e-05,5.18932159484234
2.3932433828425e-05,5.18634845220714
2.41401081811763e-05,5.18337530957195
2.43495846338352e-05,5.18040216693675
2.45608788241733e-05,5.17742902430156
2.47740065256591e-05,5.17445588166636
2.49889836486361e-05,5.17148273903117
2.52058262415103e-05,5.16850959639597
2.54245504919478e-05,5.16553645376078
2.5645172728084e-05,5.16256331112558
2.5867709419742e-05,5.15959016849039
2.60921771796622e-05,5.15661702585519
2.63185927647425e-05,5.15364388322
2.65469730772894e-05,5.1506707405848
2.67773351662795e-05,5.14769759794961
2.70096962286324e-05,5.14472445531441
2.72440736104943e-05,5.14175131267922
2.74804848085335e-05,5.13877817004402
2.77189474712454e-05,5.13580502740882
2.79594794002714e-05,5.13283188477363
2.82020985517269e-05,5.12985874213843
2.84468230375417e-05,5.12688559950324
2.86936711268128e-05,5.12391245686805
2.89426612471675e-05,5.12093931423285
2.91938119861395e-05,5.11796617159766
2.94471420925562e-05,5.11499302896246
2.97026704779386e-05,5.11201988632726
2.99604162179128e-05,5.10904674369207
3.02203985536344e-05,5.10607360105687
3.04826368932243e-05,5.10310045842168
3.07471508132184e-05,5.10012731578648
3.1013960060028e-05,5.09715417315129
3.12830845514147e-05,5.09418103051609
3.15545443779771e-05,5.0912078878809
3.18283598046503e-05,5.0882347452457
3.21045512722192e-05,5.08526160261051
3.23831393988439e-05,5.08228845997531
3.26641449815992e-05,5.07931531734012
3.29475889980274e-05,5.07634217470492
3.32334926077035e-05,5.07336903206973
3.35218771538157e-05,5.07039588943453
3.38127641647582e-05,5.06742274679934
3.41061753557382e-05,5.06444960416414
3.44021326303977e-05,5.06147646152895
3.47006580824475e-05,5.05850331889375
3.50017739973177e-05,5.05553017625856
3.53055028538207e-05,5.05255703362336
3.56118673258293e-05,5.04958389098817
3.59208902839697e-05,5.04661074835297
3.62325947973283e-05,5.04363760571778
3.65470041351742e-05,5.04066446308258
3.68641417686963e-05,5.03769132044739
3.71840313727555e-05,5.03471817781219
3.75066968276517e-05,5.031745035177
3.7832162220907e-05,5.0287718925418
3.81604518490633e-05,5.02579874990661
3.84915902194968e-05,5.02282560727141
3.8825602052247e-05,5.01985246463622
3.9162512281862e-05,5.01687932200102
3.95023460592604e-05,5.01390617936583
3.98451287536085e-05,5.01093303673063
4.01908859542143e-05,5.00795989409544
4.05396434724376e-05,5.00498675146024
4.0891427343617e-05,5.00201360882505
4.12462638290135e-05,4.99904046618985
4.1604179417771e-05,4.99606732355466
4.19652008288936e-05,4.99309418091946
4.23293550132403e-05,4.99012103828426
4.26966691555368e-05,4.98714789564907
4.30671706764051e-05,4.98417475301387
4.34408872344107e-05,4.98120161037868
4.38178467281265e-05,4.97822846774348
4.41980772982164e-05,4.97525532510829
4.45816073295356e-05,4.97228218247309
4.49684654532496e-05,4.9693090398379
4.53586805489719e-05,4.9663358972027
4.57522817469191e-05,4.96336275456751
4.61492984300866e-05,4.96038961193231
4.65497602364414e-05,4.95741646929712
4.69536970611345e-05,4.95444332666192
4.73611390587332e-05,4.95147018402673
4.77721166454719e-05,4.94849704139153
4.81866605015224e-05,4.94552389875634
4.86048015732849e-05,4.94255075612114
4.90265710756975e-05,4.93957761348595
4.94520004945672e-05,4.93660447085075
4.98811215889195e-05,4.93363132821556
5.031396639337e-05,4.93065818558036
5.07505672205155e-05,4.92768504294517
5.11909566633462e-05,4.92471190030997
5.1635167597679e-05,4.92173875767478
5.20832331846114e-05,4.91876561503958
5.25351868729974e-05,4.91579247240439
5.29910624019443e-05,4.91281932976919
5.34508938033315e-05,4.909846187134
5.39147154043506e-05,4.9068730444988
5.43825618300691e-05,4.90389990186361
5.48544680060137e-05,4.90092675922841
5.53304691607786e-05,4.89795361659322
5.58106008286555e-05,4.89498047395802
5.62948988522851e-05,4.89200733132283
5.67833993853343e-05,4.88903418868763
5.72761388951941e-05,4.88606104605244
5.77731541657022e-05,4.88308790341724
5.82744822998896e-05,4.88011476078205
5.87801607227491e-05,4.87714161814685
5.92902271840305e-05,4.87416847551166
5.98047197610579e-05,4.87119533287646
6.03236768615723e-05,4.86822219024127
6.08471372265992e-05,4.86524904760607
6.137513993334e-05,4.86227590497087
6.190772439809e-05,4.85930276233568
6.24449303791806e-05,4.85632961970048
6.29867979799465e-05,4.85335647706529
6.35333676517209e-05,4.85038333443009
6.40846801968542e-05,4.8474101917949
6.46407767717604e-05,4.8444370491597
6.52016988899896e-05,4.84146390652451
6.57674884253264e-05,4.83849076388931
6.63381876149169e-05,4.83551762125412
6.69138390624209e-05,4.83254447861892
6.74944857411924e-05,4.82957133598373
6.80801709974882e-05,4.82659819334853
6.86709385537036e-05,4.82362505071334
6.92668325116356e-05,4.82065190807814
6.98678973557764e-05,4.81767876544295
7.04741779566329e-05,4.81470562280775
7.10857195740778e-05,4.81173248017256
7.17025678607269e-05,4.80875933753736
7.23247688653484e-05,4.80578619490217
7.29523690362998e-05,4.80281305226697
7.35854152249952e-05,4.79983990963178
7.42239546894034e-05,4.79686676699658
7.48680350975757e-05,4.79389362436139
7.55177045312036e-05,4.79092048172619
7.61730114892095e-05,4.787947339091
7.68340048913664e-05,4.7849741964558
7.75007340819493e-05,4.78200105382061
7.81732488334205e-05,4.77902791118541
7.88515993501434e-05,4.77605476855022
7.95358362721315e-05,4.77308162591502
8.02260106788287e-05,4.77010848327983
8.09221740929215e-05,4.76713534064463
8.16243784841866e-05,4.76416219800944
8.23326762733691e-05,4.76118905537424
8.30471203360974e-05,4.75821591273905
8.37677640068292e-05,4.75524277010385
8.44946610828333e-05,4.75226962746865
8.5227865828206e-05,4.74929648483346
8.59674329779219e-05,4.74632334219826
8.67134177419193e-05,4.74335019956307
8.74658758092231e-05,4.74037705692787
8.82248633521002e-05,4.73740391429268
8.89904370302549e-05,4.73443077165748
8.97626539950572e-05,4.73145762902229
9.05415718938095e-05,4.72848448638709
9.13272488740506e-05,4.7255113437519
9.21197435878958e-05,4.7225382011167
9.29191151964161e-05,4.71956505848151
9.37254233740543e-05,4.71659191584631
9.45387283130794e-05,4.71361877321112
9.53590907280809e-05,4.71064563057592
9.6186571860501e-05,4.70767248794073
9.70212334832053e-05,4.70469934530553
9.7863137905096e-05,4.70172620267034
9.87123479757625e-05,4.69875306003514
9.95689270901725e-05,4.69577991739995
0.000100432939193406,4.69280677476475
0.000101304448785428,4.68983363212956
0.000102183520925904,4.68686048949436
0.000103070221239055,4.68388734685917
0.00010396461591856,4.68091420422397
0.000104866771732495,4.67794106158878
0.000105776756028318,4.67496791895358
0.000106694636737894,4.67199477631839
0.000107620482382571,4.66902163368319
0.000108554362078294,4.666048491048
0.00010949634554076,4.6630753484128
0.000110446503090629,4.66010220577761
0.000111404905658768,4.65712906314241
0.000112371624791552,4.65415592050722
0.000113346732656197,4.65118277787202
0.000114330302046156,4.64820963523683
0.000115322406386547,4.64523649260163
0.000116323119739637,4.64226334996644
0.000117332516810371,4.63929020733124
0.000118350672951947,4.63631706469605
0.000119377664171444,4.63334392206085
0.000120413567135493,4.63037077942566
0.000121458459176002,4.62739763679046
0.00012251241829593,4.62442449415527
0.000123575523175109,4.62145135152007
0.000124647853176114,4.61847820888488
0.000125729488350195,4.61550506624968
0.000126820509443247,4.61253192361449
0.00012792099790184,4.60955878097929
0.000129031035879299,4.60658563834409
0.000130150706241836,4.6036124957089
0.000131280092574738,4.6006393530737
0.000132419279188605,4.59766621043851
0.000133568351125644,4.59469306780331
0.000134727394166019,4.59171992516812
0.000135896494834254,4.58874678253292
0.000137075740405691,4.58577363989773
0.000138265218913007,4.58280049726253
0.000139465019152783,4.57982735462734
0.000140675230692138,4.57685421199214
0.00014189594387541,4.57388106935695
0.000143127249830902,4.57090792672175
0.000144369240477687,4.56793478408656
0.000145622008532468,4.56496164145136
0.000146885647516498,4.56198849881617
0.000148160251762566,4.55901535618097
0.000149445916422034,4.55604221354578
0.000150742737471944,4.55306907091058
0.000152050811722181,4.55009592827539
0.000153370236822699,4.54712278564019
0.000154701111270815,4.544149643005
0.000156043534418557,4.5411765003698
0.000157397606480083,4.53820335773461
0.000158763428539164,4.53523021509941
0.000160141102556726,4.53225707246422
0.000161530731378466,4.52928392982902
0.000162932418742525,4.52631078719383
0.000164346269287235,4.52333764455863
0.000165772388558932,4.52036450192344
0.000167210883019831,4.51739135928824
0.000168661860055976,4.51441821665305
0.000170125427985259,4.51144507401785
0.0001716016960655,4.50847193138266
0.000173090774502608,4.50549878874746
0.000174592774458808,4.50252564611227
0.000176107808060937,4.49955250347707
0.000177635988408816,4.49657936084187
0.000179177429583693,4.49360621820668
0.000180732246656758,4.49063307557148
0.000182300555697737,4.48765993293629
0.000183882473783551,4.4846867903011
0.000185478119007061,4.4817136476659
0.000187087610485884,4.4787405050307
0.000188711068371278,4.47576736239551
0.000190348613857123,4.47279421976031
0.000192000369188958,4.46982107712512
0.000193666457673113,4.46684793448992
0.000195347003685911,4.46387479185473
0.000197042132682954,4.46090164921953
0.00019875197120849,4.45792850658434
0.000200476646904856,4.45495536394914
0.00020221628852201,4.45198222131395
0.000203971025927143,4.44900907867875
0.000205740990114367,4.44603593604356
0.000207526313214506,4.44306279340836
0.000209327128504947,4.44008965077317
0.000211143570419598,4.43711650813797
0.00021297577455892,4.43414336550278
0.000214823877700051,4.43117022286758
0.000216688017807018,4.42819708023239
0.000218568334041031,4.42522393759719
0.000220464966770879,4.422250794962
0.000222378057583403,4.4192776523268
0.000224307749294067,4.41630450969161
0.000226254185957622,4.41333136705641
0.000228217512878857,4.41035822442122
0.000230197876623448,4.40738508178602
0.000232195425028898,4.40441193915083
0.000234210307215574,4.40143879651563
0.00023624267359784,4.39846565388044
0.000238292675895283,4.39549251124524
0.000240360467144042,4.39251936861005
0.000242446201708233,4.38954622597485
0.000244550035291467,4.38657308333966
0.000246672124948481,4.38359994070446
0.000248812629096857,4.38062679806927
0.00025097170752885,4.37765365543407
0.000253149521423316,4.37468051279888
0.000255346233357748,4.37170737016368
0.000257562007320406,4.36873422752848
0.000259797008722565,4.36576108489329
0.000262051404410859,4.36278794225809
0.00026432536267974,4.3598147996229
0.00026661905328404,4.3568416569877
0.000268932647451641,4.35386851435251
0.000271266317896261,4.35089537171731
0.000273620238830346,4.34792222908212
0.000275994585978076,4.34494908644692
0.000278389536588481,4.34197594381173
0.000280805269448676,4.33900280117653
0.000283241964897204,4.33602965854134
0.000285699804837502,4.33305651590614
0.000288178972751478,4.33008337327095
0.000290679653713213,4.32711023063575
0.000293202034402768,4.32413708800056
0.000295746303120128,4.32116394536536
0.000298312649799259,4.31819080273017
0.000300901266022278,4.31521766009497
0.000303512345033766,4.31224451745978
0.000306146081755188,4.30927137482458
0.000308802672799445,4.30629823218939
0.000311482316485551,4.30332508955419
0.000314185212853442,4.300351946919
0.000316911563678901,4.2973788042838
0.00031966157248863,4.29440566164861
0.000322435444575438,4.29143251901341
0.000325233387013568,4.28845937637822
0.000328055608674156,4.28548623374302
0.000330902320240822,4.28251309110783
0.000333773734225401,4.27953994847263
0.000336670064983801,4.27656680583744
0.000339591528732014,4.27359366320224
0.000342538343562251,4.27062052056705
0.000345510729459222,4.26764737793185
0.000348508908316562,4.26467423529666
0.000351533103953395,4.26170109266146
0.00035458354213104,4.25872795002627
0.000357660450569867,4.25575480739107
0.000360764058966294,4.25278166475588
0.000363894599009939,4.24980852212068
0.000367052304400911,4.24683537948548
0.000370237410867258,4.24386223685029
0.000373450156182566,4.24088909421509
0.000376690780183707,4.2379159515799
0.000379959524788742,4.2349428089447
0.000383256634014988,4.23196966630951
0.000386582353997223,4.22899652367431
0.00038993693300607,4.22602338103912
0.000393320621466527,4.22305023840392
0.000396733671976659,4.22007709576873
0.000400176339326461,4.21710395313353
0.000403648880516873,4.21413081049834
0.000407151554778969,4.21115766786314
0.000410684623593307,4.20818452522795
0.00041424835070945,4.20521138259275
0.000417843002165656,4.20223823995756
0.000421468846308735,4.19926509732236
0.000425126153814086,4.19629195468717
0.000428815197705901,4.19331881205197
0.000432536253377545,4.19034566941678
0.000436289598612118,4.18737252678158
0.000440075513603192,4.18439938414639
0.000443894280975723,4.18142624151119
0.000447746185807156,4.178453098876
0.000451631515648701,4.1754799562408
0.000455550560546802,4.17250681360561
0.000459503613064792,4.16953367097041
0.000463490968304725,4.16656052833522
0.000467512923929416,4.16358738570002
0.000471569780184654,4.16061424306483
0.000475661839921621,4.15764110042963
0.000479789408619499,4.15466795779444
0.000483952794408271,4.15169481515924
0.00048815230809173,4.14872167252405
0.000492388263170674,4.14574852988885
0.000496660975866316,4.14277538725366
0.000500970765143885,4.13980224461846
0.000505317952736441,4.13682910198327
0.00050970286316889,4.13385595934807
0.000514125823782215,4.13088281671287
0.000518587164757903,4.12790967407768
0.000523087219142607,4.12493653144248
0.000527626322872998,4.12196338880729
0.000532204814800846,4.11899024617209
0.00053682303671832,4.1160171035369
0.000541481333383495,4.1130439609017
0.000546180052546098,4.11007081826651
0.000550919544973462,4.10709767563131
0.000555700164476712,4.10412453299612
0.000560522267937182,4.10115139036092
0.00056538621533305,4.09817824772573
0.000570292369766217,4.09520510509053
0.000575241097489411,4.09223196245534
0.000580232767933526,4.08925881982014
0.000585267753735204,4.08628567718495
0.000590346430764651,4.08331253454975
0.000595469178153698,4.08033939191456
0.000600636378324102,4.07736624927936
0.000605848417016098,4.07439310664417
0.000611105683317187,4.07141996400897
0.000616408569691194,4.06844682137378
0.000621757472007553,4.06547367873858
0.000627152789570872,4.06250053610339
0.000632594925150733,4.05952739346819
0.00063808428501176,4.056554250833
0.000643621278943953,4.0535811081978
0.000649206320293276,4.05060796556261
0.00065483982599251,4.04763482292741
0.000660522216592386,4.04466168029222
0.000666253916292972,4.04168853765702
0.000672035352975348,4.03871539502183
0.00067786695823354,4.03574225238663
0.000683749167406744,4.03276910975144
0.000689682419611825,4.02979596711624
0.000695667157776096,4.02682282448105
0.000701703828670383,4.02384968184585
0.00070779288294238,4.02087653921066
0.000713934775150287,4.01790339657546
0.000720129963796746,4.01493025394027
0.00072637891136307,4.01195711130507
0.000732682084343762,4.00898396866988
0.000739039953281349,4.00601082603468
0.000745452992801499,4.00303768339949
0.000751921681648462,4.00006454076429
0.0007584465027208,3.9970913981291
0.000765027943107442,3.9941182554939
0.000771666494124047,3.9911451128587
0.000778362651349676,3.98817197022351
0.000785116914663792,3.98519882758831
0.000791929788283578,3.98222568495312
0.00079880178080157,3.97925254231792
0.000805733405223636,3.97627939968273
0.000812725179007262,3.97330625704753
0.000819777624100187,3.97033311441234
0.000826891266979367,3.96735997177714
0.000834066638690276,3.96438682914195
0.000841304274886548,3.96141368650675
0.000848604715869967,3.95844054387156
0.0008559685066308,3.95546740123636
0.000863396196888485,3.95249425860117
0.000870888341132662,3.94952111596597
0.00087844549866457,3.94654797333078
0.000886068233638806,3.94357483069558
0.000893757115105424,3.94060168806039
0.000901512717052434,3.93762854542519
0.000909335618448639,3.93465540279
0.000917226403286859,3.9316822601548
0.00092518566062753,3.92870911751961
0.000933213984642677,3.92573597488441
0.000941311974660263,3.92276283224922
0.000949480235208946,3.91978968961402
0.000957719376063186,3.91681654697883
0.000966030012288788,3.91384340434363
0.000974412764288803,3.91087026170844
0.000982868257849844,3.90789711907324
0.000991397124188811,3.90492397643805
0.001,3.90195083380285
0.00100867752750264,3.89897769116766
0.00101743035448884,3.89600454853246
0.00102625913437194,3.89303140589727
0.0010351645262353,3.89005826326207
0.00104414719488146,3.88708512062688
0.00105320781088185,3.88411197799168
0.00106234705062678,3.88113883535649
0.00107156559637594,3.87816569272129
0.00108086413630938,3.8751925500861
0.00109024336457883,3.8722194074509
0.00109970398135953,3.8692462648157
0.00110924669290254,3.86627312218051
0.00111887221158742,3.86329997954531
0.00112858125597541,3.86032683691012
0.00113837455086311,3.85735369427492
0.00114825282733653,3.85438055163973
0.00115821682282573,3.85140740900453
0.00116826728115982,3.84843426636934
0.00117840495262253,3.84546112373414
0.00118863059400816,3.84248798109895
0.00119894496867815,3.83951483846375
0.00120934884661801,3.83654169582856
0.00121984300449482,3.83356855319336
0.00123042822571523,3.83059541055817
0.0012411053004839,3.82762226792297
0.00125187502586253,3.82464912528778
0.00126273820582932,3.82167598265258
0.00127369565133904,3.81870284001739
0.00128474818038353,3.81572969738219
0.00129589661805278,3.812756554747
0.00130714179659652,3.8097834121118
0.00131848455548634,3.80681026947661
0.00132992574147838,3.80383712684141
0.00134146620867653,3.80086398420622
0.00135310681859619,3.79789084157102
0.00136484844022857,3.79491769893583
0.00137669195010559,3.79194455630063
0.0013886382323653,3.78897141366544
0.00140068817881787,3.78599827103024
0.00141284268901219,3.78302512839505
0.001425102670303,3.78005198575985
0.00143746903791864,3.77707884312466
0.00144994271502938,3.77410570048946
0.0014625246328163,3.77113255785427
0.00147521573054086,3.76815941521907
0.00148801695561496,3.76518627258388
0.0015009292636717,3.76221312994868
0.00151395361863674,3.75923998731349
0.00152709099280018,3.75626684467829
0.00154034236688924,3.7532937020431
0.00155370873014141,3.7503205594079
0.00156719108037831,3.7473474167727
0.00158079042408019,3.74437427413751
0.00159450777646106,3.74140113150231
0.00160834416154447,3.73842798886712
0.00162230061223999,3.73545484623192
0.00163637817042026,3.73248170359673
0.0016505778869988,3.72950856096153
0.00166490082200849,3.72653541832634
0.00167934804468064,3.72356227569114
0.00169392063352486,3.72058913305595
0.00170861967640957,3.71761599042075
0.00172344627064317,3.71464284778556
0.001738401523056,3.71166970515036
0.00175348655008296,3.70869656251517
0.00176870247784682,3.70572341987997
0.00178405044224232,3.70275027724478
0.00179953158902098,3.69977713460958
0.00181514707387659,3.69680399197439
0.00183089806253149,3.69383084933919
0.00184678573082364,3.690857706704
0.00186281126479436,3.6878845640688
0.00187897586077684,3.68491142143361
0.00189528072548553,3.68193827879841
0.00191172707610616,3.67896513616322
0.00192831614038662,3.67599199352802
0.00194504915672862,3.67301885089283
0.00196192737428012,3.67004570825763
0.00197895205302862,3.66707256562244
0.00199612446389519,3.66409942298724
0.00201344588882934,3.66112628035205
0.00203091762090473,3.65815313771685
0.00204854096441574,3.65517999508166
0.00206631723497475,3.65220685244646
0.00208424775961042,3.64923370981127
0.00210233387686676,3.64626056717607
0.00212057693690301,3.64328742454088
0.00213897830159446,3.64031428190568
0.0021575393446341,3.63734113927049
0.0021762614516352,3.63436799663529
0.0021951460202347,3.6313948540001
0.0022141944601976,3.6284217113649
0.00223340819352217,3.6254485687297
0.00225278865454608,3.62247542609451
0.00227233729005355,3.61950228345931
0.00229205555938327,3.61652914082412
0.0023119449345374,3.61355599818892
0.00233200690029144,3.61058285555373
0.00235224295430507,3.60760971291853
0.00237265460723395,3.60463657028334
0.0023932433828425,3.60166342764814
0.00241401081811763,3.59869028501295
0.00243495846338352,3.59571714237775
0.00245608788241733,3.59274399974256
0.00247740065256591,3.58977085710736
0.00249889836486362,3.58679771447217
0.00252058262415103,3.58382457183697
0.00254245504919478,3.58085142920178
0.0025645172728084,3.57787828656658
0.0025867709419742,3.57490514393139
0.00260921771796622,3.57193200129619
0.00263185927647425,3.568958858661
0.00265469730772894,3.5659857160258
0.00267773351662795,3.56301257339061
0.00270096962286324,3.56003943075541
0.00272440736104943,3.55706628812022
0.00274804848085334,3.55409314548502
0.00277189474712454,3.55112000284983
0.00279594794002715,3.54814686021463
0.00282020985517269,3.54517371757944
0.00284468230375417,3.54220057494424
0.00286936711268128,3.53922743230905
0.00289426612471675,3.53625428967385
0.00291938119861395,3.53328114703866
0.00294471420925562,3.53030800440346
0.00297026704779386,3.52733486176827
0.00299604162179128,3.52436171913307
0.00302203985536343,3.52138857649788
0.00304826368932243,3.51841543386268
0.00307471508132184,3.51544229122749
0.0031013960060028,3.51246914859229
0.00312830845514147,3.5094960059571
0.00315545443779771,3.5065228633219
0.00318283598046503,3.5035497206867
0.00321045512722192,3.50057657805151
0.00323831393988439,3.49760343541631
0.00326641449815992,3.49463029278112
0.00329475889980274,3.49165715014592
0.00332334926077035,3.48868400751073
0.00335218771538158,3.48571086487553
0.00338127641647582,3.48273772224034
0.00341061753557382,3.47976457960514
0.00344021326303976,3.47679143696995
0.00347006580824475,3.47381829433475
0.00350017739973177,3.47084515169956
0.00353055028538207,3.46787200906436
0.00356118673258293,3.46489886642917
0.00359208902839697,3.46192572379397
0.00362325947973282,3.45895258115878
0.00365470041351742,3.45597943852358
0.00368641417686963,3.45300629588839
0.00371840313727555,3.45003315325319
0.00375066968276517,3.447060010618
0.00378321622209069,3.4440868679828
0.00381604518490633,3.44111372534761
0.00384915902194968,3.43814058271241
0.0038825602052247,3.43516744007722
0.0039162512281862,3.43219429744202
0.00395023460592604,3.42922115480683
0.00398451287536085,3.42624801217163
0.00401908859542143,3.42327486953644
0.00405396434724376,3.42030172690124
0.0040891427343617,3.41732858426605
0.00412462638290135,3.41435544163085
0.0041604179417771,3.41138229899566
0.00419652008288936,3.40840915636046
0.00423293550132402,3.40543601372527
0.00426966691555368,3.40246287109007
0.00430671706764052,3.39948972845488
0.00434408872344107,3.39651658581968
0.00438178467281265,3.39354344318449
0.00441980772982164,3.39057030054929
0.00445816073295356,3.3875971579141
0.00449684654532496,3.3846240152789
0.00453586805489718,3.38165087264371
0.00457522817469191,3.37867773000851
0.00461492984300867,3.37570458737331
0.00465497602364414,3.37273144473812
0.00469536970611345,3.36975830210292
0.00473611390587333,3.36678515946773
0.00477721166454719,3.36381201683253
0.00481866605015224,3.36083887419734
0.00486048015732849,3.35786573156214
0.00490265710756975,3.35489258892695
0.00494520004945672,3.35191944629175
0.00498811215889195,3.34894630365656
0.005031396639337,3.34597316102136
0.00507505672205155,3.34300001838617
0.00511909566633462,3.34002687575097
0.0051635167597679,3.33705373311578
0.00520832331846114,3.33408059048058
0.00525351868729974,3.33110744784539
0.00529910624019443,3.32813430521019
0.00534508938033315,3.325161162575
0.00539147154043507,3.3221880199398
0.00543825618300691,3.31921487730461
0.00548544680060137,3.31624173466941
0.00553304691607787,3.31326859203422
0.00558106008286555,3.31029544939902
0.00562948988522851,3.30732230676383
0.00567833993853343,3.30434916412863
0.00572761388951941,3.30137602149344
0.00577731541657023,3.29840287885824
0.00582744822998896,3.29542973622305
0.00587801607227491,3.29245659358785
0.00592902271840305,3.28948345095266
0.00598047197610579,3.28651030831746
0.00603236768615723,3.28353716568227
0.00608471372265991,3.28056402304707
0.006137513993334,3.27759088041188
0.00619077243980901,3.27461773777668
0.00624449303791805,3.27164459514149
0.00629867979799464,3.26867145250629
0.00635333676517208,3.2656983098711
0.00640846801968542,3.2627251672359
0.00646407767717604,3.2597520246007
0.00652016988899895,3.25677888196551
0.00657674884253264,3.25380573933032
0.0066338187614917,3.25083259669512
0.00669138390624209,3.24785945405992
0.00674944857411924,3.24488631142473
0.00680801709974883,3.24191316878953
0.00686709385537036,3.23894002615434
0.00692668325116357,3.23596688351914
0.00698678973557763,3.23299374088395
0.00704741779566329,3.23002059824875
0.00710857195740777,3.22704745561356
0.00717025678607269,3.22407431297836
0.00723247688653484,3.22110117034317
0.00725328330206379,3.22011265471405
0.00729523690362997,3.21812802770797
0.00735854152249952,3.21515488507278
0.00742239546894035,3.21218174243758
0.00748680350975756,3.20920859980239
0.00755177045312036,3.20623545716719
0.00761730114892096,3.203262314532
0.00768340048913664,3.2002891718968
0.00775007340819494,3.19731602926161
0.00781732488334204,3.19434288662641
0.00788515993501434,3.19136974399122
0.00795358362721316,3.18839660135602
0.00802260106788287,3.18542345872083
0.00809221740929215,3.18245031608563
0.00816243784841865,3.17947717345044
0.00823326762733691,3.17650403081524
0.00830471203360975,3.17353088818005
0.00837677640068292,3.17055774554485
0.00844946610828333,3.16758460290966
0.00852278658282061,3.16461146027446
0.00859674329779219,3.16163831763927
0.00867134177419193,3.15866517500407
0.0087465875809223,3.15569203236888
0.00882248633521003,3.15271888973368
0.0088990437030255,3.14974574709849
0.00897626539950572,3.14677260446329
0.00905415718938095,3.1437994618281
0.00913272488740505,3.1408263191929
0.00921197435878958,3.1378531765577
0.00929191151964162,3.13488003392251
0.00937254233740542,3.13190689128731
0.00945387283130794,3.12893374865212
0.0095359090728081,3.12596060601692
0.0096186571860501,3.12298746338173
0.00970212334832053,3.12001432074653
0.00978631379050961,3.11704117811134
0.00987123479757625,3.11406803547614
0.00995689270901727,3.11109489284095
0.0100432939193406,3.10812175020575
0.0101304448785428,3.10514860757056
0.0102183520925904,3.10217546493536
0.0103070221239055,3.09920232230017
0.010396461591856,3.09622917966497
0.0104866771732495,3.09325603702978
0.0105776756028318,3.09028289439458
0.0106694636737894,3.08730975175939
0.0107620482382571,3.08433660912419
0.0108554362078294,3.081363466489
0.010949634554076,3.0783903238538
0.0110446503090629,3.07541718121861
0.0111404905658768,3.07244403858341
0.0112371624791551,3.06947089594822
0.0113346732656197,3.06649775331302
0.0114330302046156,3.06352461067783
0.0115322406386547,3.06055146804263
0.0116323119739637,3.05757832540744
0.0117332516810371,3.05460518277224
0.0118350672951947,3.05163204013705
0.0119377664171444,3.04865889750185
0.0120413567135493,3.04568575486666
0.0121458459176002,3.04271261223146
0.012251241829593,3.03973946959627
0.0123575523175109,3.03676632696107
0.0124647853176114,3.03379318432588
0.0125729488350195,3.03082004169068
0.0126820509443247,3.02784689905549
0.012792099790184,3.02487375642029
0.0129031035879299,3.0219006137851
0.0130150706241836,3.0189274711499
0.0131280092574738,3.01595432851471
0.0132419279188605,3.01298118587951
0.0133568351125644,3.01000804324431
0.0134727394166019,3.00703490060912
0.0135065666041276,3.0061719963563
0.0135896494834254,3.00406175797392
0.0137075740405691,3.00108861533873
0.0138265218913007,2.99811547270353
0.0139465019152783,2.99514233006834
0.0140675230692138,2.99216918743314
0.014189594387541,2.98919604479795
0.0143127249830902,2.98622290216275
0.0144369240477687,2.98324975952756
0.0145622008532468,2.98027661689236
0.0146885647516498,2.97730347425717
0.0148160251762566,2.97433033162197
0.0149445916422034,2.97135718898678
0.0150742737471944,2.96838404635158
0.0152050811722181,2.96541090371639
0.0153370236822699,2.96243776108119
0.0154701111270815,2.959464618446
0.0156043534418557,2.9564914758108
0.0157397606480083,2.95351833317561
0.0158763428539164,2.95054519054041
0.0160141102556727,2.95
0.0161530731378466,2.95
0.0162932418742525,2.95
0.0164346269287235,2.95
0.0165772388558932,2.95
0.0167210883019831,2.95
0.0168661860055976,2.95
0.0170125427985259,2.95
0.01716016960655,2.95
0.0173090774502608,2.95
0.0174592774458808,2.95
0.0176107808060937,2.95
0.0177635988408816,2.95
0.0179177429583693,2.95
0.0180732246656758,2.95
0.0182300555697737,2.95
0.0183882473783551,2.95
0.0185478119007061,2.95
0.0187087610485884,2.95
0.0188711068371278,2.95
0.0190348613857123,2.95
0.0192000369188958,2.95
0.0193666457673113,2.95
0.0195347003685911,2.95
0.0197042132682954,2.95
0.0197598499061914,2.95
0.019875197120849,2.95
0.0200476646904856,2.95
0.020221628852201,2.95
0.0203971025927143,2.95
0.0205740990114368,2.95
0.0207526313214506,2.95
0.0209327128504947,2.95
0.0211143570419598,2.95
0.021297577455892,2.95
0.0214823877700051,2.95
0.0216688017807018,2.95
0.0218568334041031,2.95
0.0220464966770879,2.95
0.0222378057583403,2.95
0.0224307749294067,2.95
0.0226254185957622,2.95
0.0228217512878857,2.95
0.0230197876623448,2.95
0.0232195425028898,2.95
0.0234210307215574,2.95
0.023624267359784,2.95
0.0238292675895283,2.95
0.0240360467144042,2.95
0.0242446201708233,2.95
0.0244550035291467,2.95
0.0246672124948481,2.95
0.0248812629096857,2.95
0.025097170752885,2.95
0.0253149521423316,2.95
0.0255346233357748,2.95
0.0257562007320406,2.95
0.0259797008722565,2.95
0.0260131332082552,2.95
0.0262051404410859,2.95
0.0264325362679741,2.95
0.026661905328404,2.95
0.0268932647451641,2.95
0.0271266317896261,2.95
0.0273620238830346,2.95
0.0275994585978076,2.95
0.0278389536588481,2.95
0.0280805269448676,2.95
0.0283241964897204,2.95
0.0285699804837502,2.95
0.0288178972751479,2.95
0.0290679653713213,2.95
0.0293202034402768,2.95
0.0295746303120129,2.95
0.0298312649799258,2.95
0.0300901266022278,2.95
0.0303512345033766,2.95
0.0306146081755188,2.95
0.0308802672799445,2.95
0.0311482316485552,2.95
0.0314185212853442,2.95
0.0316911563678901,2.95
0.031966157248863,2.95
0.0322435444575438,2.95
0.032266416510319,2.95
0.0325233387013568,2.95
0.0328055608674156,2.95
0.0330902320240822,2.95
0.03337737342254,2.95
0.0336670064983801,2.95
0.0339591528732014,2.95
0.0342538343562251,2.95
0.0345510729459222,2.95
0.0348508908316562,2.95
0.0351533103953395,2.95
0.035458354213104,2.95
0.0357660450569867,2.95
0.0360764058966294,2.95
0.0363894599009939,2.95
0.0367052304400911,2.95
0.0370237410867258,2.95
0.0373450156182566,2.95
0.0376690780183707,2.95
0.0379959524788743,2.95
0.0383256634014988,2.95
0.0385196998123827,2.95
0.0386582353997223,2.95
0.038993693300607,2.95
0.0393320621466527,2.95
0.0396733671976659,2.95
0.0400176339326461,2.95
0.0403648880516873,2.95
0.0407151554778969,2.95
0.0410684623593307,2.95
0.041424835070945,2.95
0.0417843002165656,2.95
0.0421468846308735,2.95
0.0425126153814086,2.95
0.04288151977059,2.95
0.0432536253377545,2.95
0.0436289598612118,2.95
0.0440075513603192,2.95
0.0443894280975723,2.95
0.0447729831144465,2.95
0.0447746185807156,2.95
0.0451631515648701,2.95
0.0455550560546802,2.95
0.0459503613064791,2.95
0.0463490968304725,2.95
0.0467512923929415,2.95
0.0471569780184654,2.95
0.0475661839921621,2.95
0.0479789408619499,2.95
0.0483952794408271,2.95
0.048815230809173,2.95
0.0492388263170674,2.95
0.0496660975866316,2.95
0.0500970765143885,2.95
0.0505317952736441,2.95
0.0509702863168891,2.95
0.0510262664165103,2.95
0.0514125823782214,2.95
0.0518587164757903,2.95
0.0523087219142607,2.95
0.0527626322872998,2.95
0.0532204814800847,2.95
0.053682303671832,2.95
0.0541481333383495,2.95
0.0546180052546098,2.95
0.0550919544973461,2.95
0.0555700164476712,2.95
0.0560522267937182,2.95
0.056538621533305,2.95
0.0570292369766217,2.95
0.0572795497185741,2.95
0.0575241097489411,2.95
0.0580232767933526,2.95
0.0585267753735204,2.95
0.0590346430764651,2.95
0.0595469178153698,2.95
0.0600636378324102,2.95
0.0605848417016098,2.95
0.0611105683317187,2.95
0.0616408569691193,2.95
0.0621757472007553,2.95
0.0627152789570872,2.95
0.0632594925150733,2.95
0.0635328330206379,2.95
0.063808428501176,2.95
0.0643621278943953,2.95
0.0649206320293276,2.95
0.065483982599251,2.95
0.0660522216592385,2.95
0.0666253916292972,2.95
0.0672035352975348,2.95
0.067786695823354,2.95
0.0683749167406743,2.95
0.0689682419611825,2.95
0.0695667157776095,2.95
0.0697861163227017,2.95
0.0701703828670383,2.95
0.070779288294238,2.95
0.0713934775150287,2.95
0.0720129963796746,2.95
0.072637891136307,2.95
0.0732682084343762,2.95
0.0739039953281348,2.95
0.0745452992801499,2.95
0.0751921681648462,2.95
0.07584465027208,2.95
0.0760393996247655,2.95
0.0765027943107442,2.95
0.0771666494124047,2.95
0.0778362651349676,2.95
0.0785116914663793,2.95
0.0791929788283577,2.95
0.079880178080157,2.95
0.0805733405223636,2.95
0.0812725179007262,2.95
0.0819777624100187,2.95
0.0822926829268293,2.95
0.0826891266979368,2.95
0.0834066638690276,2.95
0.0841304274886548,2.95
0.0848604715869967,2.95
0.08559685066308,2.95
0.0863396196888485,2.95
0.0870888341132662,2.95
0.0878445498664572,2.95
0.0885459662288931,2.95
0.0886068233638805,2.95
0.0893757115105424,2.95
0.0901512717052434,2.95
0.0909335618448639,2.95
0.0917226403286859,2.95
0.092518566062753,2.95
0.0933213984642677,2.95
0.0941311974660264,2.95
0.0947992495309569,2.95
0.0949480235208945,2.95
0.0957719376063186,2.95
0.0966030012288788,2.95
0.0974412764288803,2.95
0.0982868257849844,2.95
0.0991397124188811,2.95
0.1,2.95
0.100867752750264,2.95
0.101052532833021,2.95
0.101743035448884,2.95
0.102625913437194,2.95
0.10351645262353,2.95
0.104414719488146,2.95
0.105320781088185,2.95
0.106234705062678,2.95
0.107156559637594,2.95
0.107305816135084,2.95
0.108086413630938,2.95
0.109024336457883,2.95
0.109970398135953,2.95
0.110924669290255,2.95
0.111887221158742,2.95
0.112858125597541,2.95
0.113559099437148,2.95
0.113837455086311,2.95
0.114825282733653,2.95
0.115821682282573,2.95
0.116826728115982,2.95
0.117840495262253,2.95
0.118863059400816,2.95
0.119812382739212,2.95
0.119894496867815,2.95
0.120934884661801,2.95
0.121984300449482,2.95
0.123042822571523,2.95
0.124110530048391,2.95
0.125187502586253,2.95
0.126065666041276,2.95
0.126273820582932,2.95
0.127369565133904,2.95
0.128474818038353,2.95
0.129589661805278,2.95
0.130714179659652,2.95
0.131848455548634,2.95
0.13231894934334,2.95
0.132992574147838,2.95
0.134146620867653,2.95
0.135310681859619,2.95
0.136484844022857,2.95
0.137669195010559,2.95
0.138572232645403,2.95
0.13886382323653,2.95
0.140068817881787,2.95
0.141284268901219,2.95
0.1425102670303,2.95
0.143746903791864,2.95
0.144825515947467,2.95
0.144994271502938,2.95
0.14625246328163,2.95
0.147521573054086,2.95
0.148801695561496,2.95
0.15009292636717,2.95
0.151078799249531,2.95
0.151395361863673,2.95
0.152709099280018,2.95
0.154034236688924,2.95
0.155370873014141,2.95
0.156719108037831,2.95
0.157332082551595,2.95
0.158079042408019,2.95
0.159450777646106,2.95
0.160834416154447,2.95
0.162230061223999,2.95
0.163585365853659,2.95
0.163637817042026,2.95
0.16505778869988,2.95
0.166490082200849,2.95
0.167934804468064,2.95
0.169392063352486,2.95
0.169838649155722,2.95
0.170861967640957,2.95
0.172344627064317,2.95
0.1738401523056,2.95
0.175348655008296,2.95
0.176091932457786,2.95
0.176870247784682,2.95
0.178405044224233,2.95
0.179953158902098,2.95
0.181514707387659,2.95
0.18234521575985,2.95
0.183089806253149,2.95
0.184678573082365,2.95
0.186281126479435,2.95
0.187897586077684,2.95
0.188598499061914,2.95
0.189528072548553,2.95
0.191172707610616,2.95
0.192831614038662,2.95
0.194504915672861,2.95
0.194851782363977,2.95
0.196192737428012,2.95
0.197895205302862,2.95
0.199612446389519,2.95
0.201105065666041,2.95
0.201344588882934,2.95
0.203091762090473,2.95
0.204854096441574,2.95
0.206631723497475,2.95
0.207358348968105,2.95
0.208424775961042,2.95
0.210233387686676,2.95
0.212057693690301,2.95
0.213611632270169,2.95
0.213897830159446,2.95
0.21575393446341,2.95
0.217626145163519,2.95
0.21951460202347,2.95
0.219864915572233,2.95
0.22141944601976,2.95
0.223340819352216,2.95
0.225278865454608,2.95
0.226118198874296,2.95
0.227233729005355,2.95
0.229205555938327,2.95
0.23119449345374,2.95
0.23237148217636,2.95
0.233200690029144,2.95
0.235224295430508,2.95
0.237265460723395,2.95
0.238624765478424,2.95
0.23932433828425,2.95
0.241401081811763,2.95
0.243495846338352,2.95
0.244878048780488,2.95
0.245608788241733,2.95
0.247740065256591,2.95
0.249889836486361,2.95
0.251131332082552,2.95
0.252058262415103,2.95
0.254245504919478,2.95
0.25645172728084,2.95
0.257384615384615,2.95
0.25867709419742,2.95
0.260921771796622,2.95
0.263185927647425,2.95
0.263637898686679,2.95
0.265469730772894,2.95
0.267773351662795,2.95
0.269891181988743,2.95
0.270096962286324,2.95
0.272440736104943,2.95
0.274804848085335,2.95
0.276144465290807,2.95
0.277189474712454,2.95
0.279594794002714,2.95
0.282020985517269,2.95
0.282397748592871,2.95
0.284468230375417,2.95
0.286936711268128,2.95
0.288651031894934,2.95
0.289426612471675,2.95
0.291938119861395,2.95
0.294471420925562,2.95
0.294904315196998,2.95
0.297026704779386,2.95
0.299604162179128,2.95
0.301157598499062,2.95
0.302203985536344,2.95
0.304826368932243,2.95
0.307410881801126,2.95
0.307471508132184,2.95
0.31013960060028,2.95
0.312830845514147,2.95
0.31366416510319,2.95
0.315545443779771,2.95
0.318283598046503,2.95
0.319917448405253,2.95
0.321045512722192,2.95
0.323831393988439,2.95
0.326170731707317,2.95
0.326641449815993,2.95
0.329475889980274,2.95
0.332334926077035,2.95
0.332424015009381,2.95
0.335218771538157,2.95
0.338127641647582,2.95
0.338677298311445,2.95
0.341061753557382,2.95
0.344021326303976,2.95
0.344930581613508,2.95
0.347006580824475,2.95
0.350017739973177,2.95
0.351183864915572,2.95
0.353055028538207,2.95
0.356118673258293,2.95
0.357437148217636,2.95
0.359208902839697,2.95
0.362325947973283,2.95
0.3636904315197,2.95
0.365470041351741,2.95
0.368641417686964,2.95
0.369943714821764,2.95
0.371840313727555,2.95
0.375066968276517,2.95
0.376196998123827,2.95
0.37832162220907,2.95
0.381604518490633,2.95
0.382450281425891,2.95
0.384915902194968,2.95
0.38825602052247,2.95
0.388703564727955,2.95
0.39162512281862,2.95
0.394956848030019,2.95
0.395023460592604,2.95
0.398451287536085,2.95
0.401210131332083,2.95
0.401908859542143,2.95
0.405396434724376,2.95
0.407463414634146,2.95
0.40891427343617,2.95
0.412462638290135,2.95
0.41371669793621,2.95
0.41604179417771,2.95
0.419652008288936,2.95
0.419969981238274,2.95
0.423293550132403,2.95
0.426223264540338,2.95
0.426966691555368,2.95
0.430671706764051,2.95
0.432476547842402,2.95
0.434408872344107,2.95
0.438178467281265,2.95
0.438729831144465,2.95
0.441980772982164,2.95
0.444983114446529,2.95
0.445816073295356,2.95
0.449684654532496,2.95
0.451236397748593,2.95
0.453586805489719,2.95
0.457489681050657,2.95
0.457522817469191,2.95
0.461492984300866,2.95
0.46374296435272,2.95
0.465497602364414,2.95
0.469536970611345,2.95
0.469996247654784,2.95
0.473611390587333,2.95
0.476249530956848,2.95
0.477721166454719,2.95
0.481866605015224,2.95
0.482502814258912,2.95
0.486048015732849,2.95
0.488756097560976,2.95
0.490265710756975,2.95
0.494520004945671,2.95
0.495009380863039,2.95
0.498811215889195,2.95
0.501262664165103,2.95
0.5031396639337,2.95
0.507505672205155,2.95
0.507515947467167,2.95
0.511909566633462,2.95
0.513769230769231,2.95
0.51635167597679,2.95
0.520022514071295,2.95
0.520832331846114,2.95
0.525351868729974,2.95
0.526275797373358,2.95
0.529910624019444,2.95
0.532529080675422,2.95
0.534508938033315,2.95
0.538782363977486,2.95
0.539147154043506,2.95
0.543825618300691,2.95
0.54503564727955,2.95
0.548544680060137,2.95
0.551288930581614,2.95
0.553304691607786,2.95
0.557542213883677,2.95
0.558106008286555,2.95
0.562948988522851,2.95
0.563795497185741,2.95
0.567833993853343,2.95
0.570048780487805,2.95
0.572761388951941,2.95
0.576302063789869,2.95
0.577731541657023,2.95
0.582555347091932,2.95
0.582744822998896,2.95
0.587801607227491,2.95
0.588808630393996,2.95
0.592902271840305,2.95
0.59506191369606,2.95
0.598047197610579,2.95
0.601315196998124,2.95
0.603236768615723,2.95
0.607568480300188,2.95
0.608471372265992,2.95
0.6137513993334,2.95
0.613821763602251,2.95
0.6190772439809,2.95
0.620075046904315,2.95
0.624449303791806,2.95
0.626328330206379,2.95
0.629867979799465,2.95
0.632581613508443,2.95
0.635333676517209,2.95
0.638834896810507,2.95
0.640846801968542,2.95
0.64508818011257,2.95
0.646407767717604,2.95
0.651341463414634,2.95
0.652016988899896,2.95
0.657594746716698,2.95
0.657674884253264,2.95
0.663381876149169,2.95
0.663848030018762,2.95
0.669138390624209,2.95
0.670101313320826,2.95
0.674944857411924,2.95
0.676354596622889,2.95
0.680801709974884,2.95
0.682607879924953,2.95
0.686709385537036,2.95
0.688861163227017,2.95
0.692668325116356,2.95
0.695114446529081,2.95
0.698678973557764,2.95
0.701367729831144,2.95
0.704741779566329,2.95
0.707621013133208,2.95
0.710857195740776,2.95
0.713874296435272,2.95
0.717025678607269,2.95
0.720127579737336,2.95
0.723247688653484,2.95
0.7263808630394,2.95
0.729523690362998,2.95
0.732634146341463,2.95
0.735854152249952,2.95
0.738887429643527,2.95
0.742239546894034,2.95
0.745140712945591,2.95
0.748680350975757,2.95
0.751393996247655,2.95
0.755177045312036,2.95
0.757647279549719,2.95
0.761730114892095,2.95
0.763900562851782,2.95
0.768340048913664,2.95
0.770153846153846,2.95
0.775007340819493,2.95
0.77640712945591,2.95
0.781732488334205,2.95
0.782660412757974,2.95
0.788515993501434,2.95
0.788913696060037,2.95
0.795166979362101,2.95
0.795358362721315,2.95
0.801420262664165,2.95
0.802260106788287,2.95
0.807673545966229,2.95
0.809221740929215,2.95
0.813926829268293,2.95
0.816243784841866,2.95
0.820180112570357,2.95
0.823326762733691,2.95
0.82643339587242,2.95
0.830471203360974,2.95
0.832686679174484,2.95
0.837677640068292,2.95
0.838939962476548,2.95
0.844946610828333,2.95
0.845193245778612,2.95
0.851446529080675,2.95
0.85227865828206,2.95
0.857699812382739,2.95
0.859674329779219,2.95
0.863953095684803,2.95
0.867134177419193,2.95
0.870206378986867,2.95
0.874658758092231,2.95
0.876459662288931,2.95
0.882248633521002,2.95
0.882712945590994,2.95
0.888966228893058,2.95
0.889904370302549,2.95
0.895219512195122,2.95
0.897626539950572,2.95
0.901472795497186,2.95
0.905415718938095,2.95
0.90772607879925,2.95
0.913272488740504,2.95
0.913979362101313,2.95
0.920232645403377,2.95
0.921197435878958,2.95
0.926485928705441,2.95
0.929191151964161,2.95
0.932739212007505,2.95
0.937254233740543,2.95
0.938992495309569,2.95
0.945245778611632,2.95
0.945387283130794,2.95
0.951499061913696,2.95
0.953590907280809,2.95
0.95775234521576,2.95
0.96186571860501,2.95
0.964005628517824,2.95
0.970212334832053,2.95
0.970258911819887,2.95
0.976512195121951,2.95
0.978631379050962,2.95
0.982765478424015,2.95
0.987123479757625,2.95
0.989018761726079,2.95
0.995272045028143,2.95
0.995689270901725,2.95
1.00152532833021,2.95
1.00432939193406,2.95
1.00777861163227,2.95
1.01304448785428,2.95
1.01403189493433,2.95
1.0202851782364,2.95
1.02183520925904,2.95
1.02653846153846,2.95
1.03070221239055,2.95
1.03279174484053,2.95
1.03904502814259,2.95
1.0396461591856,2.95
1.04529831144465,2.95
1.04866771732496,2.95
1.05155159474672,2.95
1.05776756028318,2.95
1.05780487804878,2.95
1.06405816135084,2.95
1.06694636737894,2.95
1.07031144465291,2.95
1.07620482382571,2.95
1.07656472795497,2.95
1.08281801125704,2.95
1.08554362078294,2.95
1.0890712945591,2.95
1.0949634554076,2.95
1.09532457786116,2.95
1.10157786116323,2.95
1.10446503090629,2.95
1.10783114446529,2.95
1.11404905658768,2.95
1.11408442776735,2.95
1.12033771106942,2.95
1.12371624791552,2.95
1.12659099437148,2.95
1.13284427767355,2.95
1.13346732656197,2.95
1.13909756097561,2.95
1.14330302046156,2.95
1.14535084427767,2.95
1.15160412757974,2.95
1.15322406386547,2.95
1.1578574108818,2.95
1.16323119739637,2.95
1.16411069418386,2.95
1.17036397748593,2.95
1.17332516810371,2.95
1.17661726078799,2.95
1.18287054409006,2.95
1.18350672951947,2.95
1.18912382739212,2.95
1.19377664171444,2.95
1.19537711069418,2.95
1.20163039399625,2.95
1.20413567135493,2.95
1.20788367729831,2.95
1.21413696060038,2.95
1.21458459176002,2.95
1.22039024390244,2.95
1.2251241829593,2.95
1.2266435272045,2.95
1.23289681050657,2.95
1.23575523175109,2.95
1.23915009380863,2.95
1.24540337711069,2.95
1.24647853176114,2.95
1.25165666041276,2.95
1.25729488350195,2.95
1.25790994371482,2.95
1.26416322701689,2.95
1.26820509443247,2.95
1.27041651031895,2.95
1.27666979362101,2.95
1.2792099790184,2.95
1.28292307692308,2.95
1.28917636022514,2.95
1.29031035879299,2.95
1.2954296435272,2.95
1.30150706241836,2.95
1.30168292682927,2.95
1.30793621013133,2.95
1.31280092574738,2.95
1.3141894934334,2.95
1.32044277673546,2.95
1.32419279188605,2.95
1.32669606003752,2.95
1.33294934333959,2.95
1.33568351125644,2.95
1.33920262664165,2.95
1.34545590994371,2.95
1.34727394166019,2.95
1.35170919324578,2.95
1.35796247654784,2.95
1.35896494834254,2.95
1.36421575984991,2.95
1.37046904315197,2.95
1.37075740405691,2.95
1.37672232645403,2.95
1.38265218913007,2.95
1.3829756097561,2.95
1.38922889305816,2.95
1.39465019152783,2.95
1.39548217636022,2.95
1.40173545966229,2.95
1.40675230692138,2.95
1.40798874296435,2.95
1.41424202626642,2.95
1.4189594387541,2.95
1.42049530956848,2.95
1.42674859287054,2.95
1.43127249830902,2.95
1.43300187617261,2.95
1.43925515947467,2.95
1.44369240477687,2.95
1.44550844277674,2.95
1.4517617260788,2.95
1.45622008532468,2.95
1.45801500938086,2.95
1.46426829268293,2.95
1.46885647516498,2.95
1.47052157598499,2.95
1.47677485928705,2.95
1.48160251762566,2.95
1.48302814258912,2.95
1.48928142589118,2.95
1.49445916422034,2.95
1.49553470919325,2.95
1.50178799249531,2.95
1.50742737471944,2.95
1.50804127579737,2.95
1.51429455909944,2.95
1.52050811722181,2.95
1.5205478424015,2.95
1.52680112570356,2.95
1.53305440900563,2.95
1.53370236822699,2.95
1.53930769230769,2.95
1.54556097560976,2.95
1.54701111270815,2.95
1.55181425891182,2.95
1.55806754221388,2.95
1.56043534418557,2.95
1.56432082551595,2.95
1.57057410881801,2.95
1.57397606480083,2.95
1.57682739212007,2.95
1.58308067542214,2.95
1.58763428539164,2.95
1.5893339587242,2.95
1.59558724202627,2.95
1.60141102556726,2.95
1.60184052532833,2.95
1.60809380863039,2.95
1.61434709193246,2.95
1.61530731378466,2.95
1.62060037523452,2.95
1.62685365853659,2.95
1.62932418742525,2.95
1.63310694183865,2.95
1.63936022514071,2.95
1.64346269287235,2.95
1.64561350844278,2.95
1.65186679174484,2.95
1.65772388558932,2.95
1.6581200750469,2.95
1.66437335834897,2.95
1.67062664165103,2.95
1.6721088301983,2.95
1.6768799249531,2.95
1.68313320825516,2.95
1.68661860055976,2.95
1.68938649155722,2.95
1.69563977485929,2.95
1.70125427985259,2.95
1.70189305816135,2.95
1.70814634146341,2.95
1.71439962476548,2.95
1.716016960655,2.95
1.72065290806754,2.95
1.72690619136961,2.95
1.73090774502608,2.95
1.73315947467167,2.95
1.73941275797373,2.95
1.7456660412758,2.95
1.74592774458808,2.95
1.75191932457786,2.95
1.75817260787992,2.95
1.76107808060937,2.95
1.76442589118199,2.95
1.77067917448405,2.95
1.77635988408816,2.95
1.77693245778612,2.95
1.78318574108818,2.95
1.78943902439024,2.95
1.79177429583693,2.95
1.79569230769231,2.95
1.80194559099437,2.95
1.80732246656758,2.95
1.80819887429644,2.95
1.8144521575985,2.95
1.82070544090056,2.95
1.82300555697737,2.95
1.82695872420263,2.95
1.83321200750469,2.95
1.83882473783551,2.95
1.83946529080675,2.95
1.84571857410882,2.95
1.85197185741088,2.95
1.85478119007061,2.95
1.85822514071295,2.95
1.86447842401501,2.95
1.87073170731707,2.95
1.87087610485884,2.95
1.87698499061914,2.95
1.8832382739212,2.95
1.88711068371278,2.95
1.88949155722326,2.95
1.89574484052533,2.95
1.90199812382739,2.95
1.90348613857123,2.95
1.90825140712946,2.95
1.91450469043152,2.95
1.92000369188958,2.95
1.92075797373358,2.95
1.92701125703565,2.95
1.93326454033771,2.95
1.93666457673113,2.95
1.93951782363977,2.95
1.94577110694184,2.95
1.9520243902439,2.95
1.95347003685911,2.95
1.95827767354597,2.95
1.96453095684803,2.95
1.97042132682954,2.95
1.97078424015009,2.95
1.97703752345216,2.95
1.98329080675422,2.95
1.9875197120849,2.95
1.98954409005629,2.95
1.99579737335835,2.95
2.00205065666041,2.95
2.00476646904856,2.95
2.00830393996248,2.95
2.01455722326454,2.95
2.0208105065666,2.95
2.02216288522011,2.95
2.02706378986867,2.95
2.03331707317073,2.95
2.0395703564728,2.95
2.03971025927143,2.95
2.04582363977486,2.95
2.05207692307692,2.95
2.05740990114367,2.95
2.05833020637899,2.95
2.06458348968105,2.95
2.07083677298311,2.95
2.07526313214506,2.95
2.07709005628518,2.95
2.08334333958724,2.95
2.08959662288931,2.95
2.09327128504947,2.95
2.09584990619137,2.95
2.10210318949343,2.95
2.1083564727955,2.95
2.11143570419597,2.95
2.11460975609756,2.95
2.12086303939962,2.95
2.12711632270169,2.95
2.1297577455892,2.95
2.13336960600375,2.95
2.13962288930582,2.95
2.14587617260788,2.95
2.14823877700051,2.95
2.15212945590994,2.95
2.15838273921201,2.95
2.16463602251407,2.95
2.16688017807018,2.95
2.17088930581613,2.95
2.1771425891182,2.95
2.18339587242026,2.95
2.18568334041031,2.95
2.18964915572233,2.95
2.19590243902439,2.95
2.20215572232645,2.95
2.20464966770879,2.95
2.20840900562852,2.95
2.21466228893058,2.95
2.22091557223265,2.95
2.22378057583403,2.95
2.22716885553471,2.95
2.23342213883677,2.95
2.23967542213884,2.95
2.24307749294067,2.95
2.2459287054409,2.95
2.25218198874296,2.95
2.25843527204503,2.95
2.26254185957622,2.95
2.26468855534709,2.95
2.27094183864916,2.95
2.27719512195122,2.95
2.28217512878857,2.95
2.28344840525328,2.95
2.28970168855535,2.95
2.29595497185741,2.95
2.30197876623448,2.95
2.30220825515947,2.95
2.30846153846154,2.95
2.3147148217636,2.95
2.32096810506567,2.95
2.32195425028898,2.95
2.32722138836773,2.95
2.33347467166979,2.95
2.33972795497186,2.95
2.34210307215574,2.95
2.34598123827392,2.95
2.35223452157598,2.95
2.35848780487805,2.95
2.3624267359784,2.95
2.36474108818011,2.95
2.37099437148218,2.95
2.37724765478424,2.95
2.38292675895283,2.95
2.3835009380863,2.95
2.38975422138837,2.95
2.39600750469043,2.95
2.4022607879925,2.95
2.40360467144042,2.95
2.40851407129456,2.95
2.41476735459662,2.95
2.42102063789869,2.95
2.42446201708233,2.95
2.42727392120075,2.95
2.43352720450281,2.95
2.43978048780488,2.95
2.44550035291467,2.95
2.44603377110694,2.95
2.45228705440901,2.95
2.45854033771107,2.95
2.46479362101313,2.95
2.46672124948481,2.95
2.4710469043152,2.95
2.47730018761726,2.95
2.48355347091932,2.95
2.48812629096857,2.95
2.48980675422139,2.95
2.49606003752345,2.95
2.50231332082552,2.95
2.50856660412758,2.95
2.5097170752885,2.95
2.51481988742964,2.95
2.52107317073171,2.95
2.52732645403377,2.95
2.53149521423316,2.95
2.53357973733583,2.95
2.5398330206379,2.95
2.54608630393996,2.95
2.55233958724203,2.95
2.55346233357748,2.95
2.55859287054409,2.95
2.56484615384615,2.95
2.57109943714822,2.95
2.57562007320406,2.95
2.57735272045028,2.95
2.58360600375235,2.95
2.58985928705441,2.95
2.59611257035647,2.95
2.59797008722565,2.95
2.60236585365854,2.95
2.6086191369606,2.95
2.61487242026266,2.95
2.62051404410859,2.95
2.62112570356473,2.95
2.62737898686679,2.95
2.63363227016886,2.95
2.63988555347092,2.95
2.6432536267974,2.95
2.64613883677298,2.95
2.65239212007505,2.95
2.65864540337711,2.95
2.66489868667917,2.95
2.6661905328404,2.95
2.67115196998124,2.95
2.6774052532833,2.95
2.68365853658537,2.95
2.68932647451641,2.95
2.68991181988743,2.95
2.69616510318949,2.95
2.70241838649156,2.95
2.70867166979362,2.95
2.7126631789626,2.95
2.71492495309568,2.95
2.72117823639775,2.95
2.72743151969981,2.95
2.73368480300188,2.95
2.73620238830346,2.95
2.73993808630394,2.95
2.746191369606,2.95
2.75244465290807,2.95
2.75869793621013,2.95
2.75994585978076,2.95
2.7649512195122,2.95
2.77120450281426,2.95
2.77745778611632,2.95
2.78371106941839,2.95
2.78389536588481,2.95
2.78996435272045,2.95
2.79621763602251,2.95
2.80247091932458,2.95
2.80805269448676,2.95
2.80872420262664,2.95
2.81497748592871,2.95
2.82123076923077,2.95
2.82748405253283,2.95
2.83241964897203,2.95
2.8337373358349,2.95
2.83999061913696,2.95
2.84624390243902,2.95
2.85249718574109,2.95
2.85699804837502,2.95
2.85875046904315,2.95
2.86500375234522,2.95
2.87125703564728,2.95
2.87751031894934,2.95
2.88178972751478,2.95
2.88376360225141,2.95
2.89001688555347,2.95
2.89627016885553,2.95
2.9025234521576,2.95
2.90679653713213,2.95
2.90877673545966,2.95
2.91503001876173,2.95
2.92128330206379,2.95
2.92753658536585,2.95
2.93202034402768,2.95
2.93378986866792,2.95
2.94004315196998,2.95
2.94629643527204,2.95
2.95254971857411,2.95
2.95746303120128,2.95
2.95880300187617,2.95
2.96505628517824,2.95
2.9713095684803,2.95
2.97756285178236,2.95
2.98312649799259,2.95
2.98381613508443,2.95
2.99006941838649,2.95
2.99632270168856,2.95
3.00257598499062,2.95
3.00882926829268,2.95
3.00901266022278,2.95
3.01508255159475,2.95
3.02133583489681,2.95
3.02758911819887,2.95
3.03384240150094,2.95
3.03512345033766,2.95
3.040095684803,2.95
3.04634896810507,2.95
3.05260225140713,2.95
3.05885553470919,2.95
3.06146081755188,2.95
3.06510881801126,2.95
3.07136210131332,2.95
3.07761538461538,2.95
3.08386866791745,2.95
3.08802672799445,2.95
3.09012195121951,2.95
3.09637523452158,2.95
3.10262851782364,2.95
3.1088818011257,2.95
3.11482316485552,2.95
3.11513508442777,2.95
3.12138836772983,2.95
3.1276416510319,2.95
3.13389493433396,2.95
3.14014821763602,2.95
3.14185212853442,2.95
3.14640150093809,2.95
3.15265478424015,2.95
3.15890806754221,2.95
3.16516135084428,2.95
3.16911563678901,2.95
3.17141463414634,2.95
3.1776679174484,2.95
3.18392120075047,2.95
3.19017448405253,2.95
3.1964277673546,2.95
3.1966157248863,2.95
3.20268105065666,2.95
3.20893433395872,2.95
3.21518761726079,2.95
3.22144090056285,2.95
3.22435444575438,2.95
3.22769418386492,2.95
3.23394746716698,2.95
3.24020075046904,2.95
3.24645403377111,2.95
3.25233387013568,2.95
3.25270731707317,2.95
3.25896060037523,2.95
3.2652138836773,2.95
3.27146716697936,2.95
3.27772045028143,2.95
3.28055608674156,2.95
3.28397373358349,2.95
3.29022701688555,2.95
3.29648030018762,2.95
3.30273358348968,2.95
3.30898686679174,2.95
3.30902320240822,2.95
3.31524015009381,2.95
3.32149343339587,2.95
3.32774671669794,2.95
3.334,2.95
3.33773734225401,2.95
3.34025328330206,2.95
3.34650656660413,2.95
3.35275984990619,2.95
3.35901313320826,2.95
3.36526641651032,2.95
3.36670064983801,2.95
3.37151969981238,2.95
3.37777298311445,2.95
3.38402626641651,2.95
3.39027954971857,2.95
3.39591528732014,2.95
3.39653283302064,2.95
3.4027861163227,2.95
3.40903939962477,2.95
3.41529268292683,2.95
3.42154596622889,2.95
3.42538343562251,2.95
3.42779924953096,2.95
3.43405253283302,2.95
3.44030581613508,2.95
3.44655909943715,2.95
3.45281238273921,2.95
3.45510729459222,2.95
3.45906566604128,2.95
3.46531894934334,2.95
3.4715722326454,2.95
3.47782551594747,2.95
3.48407879924953,2.95
3.48508908316563,2.95
3.49033208255159,2.95
3.49658536585366,2.95
3.50283864915572,2.95
3.50909193245779,2.95
3.51533103953395,2.95
3.51534521575985,2.95
3.52159849906191,2.95
3.52785178236398,2.95
3.53410506566604,2.95
3.5403583489681,2.95
3.5458354213104,2.95
3.54661163227017,2.95
3.55286491557223,2.95
3.5591181988743,2.95
3.56537148217636,2.95
3.57162476547842,2.95
3.57660450569867,2.95
3.57787804878049,2.95
3.58413133208255,2.95
3.59038461538462,2.95
3.59663789868668,2.95
3.60289118198874,2.95
3.60764058966294,2.95
3.60914446529081,2.95
3.61539774859287,2.95
3.62165103189493,2.95
3.627904315197,2.95
3.63415759849906,2.95
3.63894599009939,2.95
3.64041088180113,2.95
3.64666416510319,2.95
3.65291744840525,2.95
3.65917073170732,2.95
3.66542401500938,2.95
3.67052304400911,2.95
3.67167729831144,2.95
3.67793058161351,2.95
3.68418386491557,2.95
3.69043714821764,2.95
3.6966904315197,2.95
3.70237410867258,2.95
3.70294371482176,2.95
3.70919699812383,2.95
3.71545028142589,2.95
3.72170356472795,2.95
3.72795684803002,2.95
3.73421013133208,2.95
3.73450156182566,2.95
3.74046341463415,2.95
3.74671669793621,2.95
3.75296998123827,2.95
3.75922326454034,2.95
3.7654765478424,2.95
3.76690780183707,2.95
3.77172983114447,2.95
3.77798311444653,2.95
3.78423639774859,2.95
3.79048968105066,2.95
3.79674296435272,2.95
3.79959524788742,2.95
3.80299624765478,2.95
3.80924953095685,2.95
3.81550281425891,2.95
3.82175609756098,2.95
3.82800938086304,2.95
3.83256634014988,2.95
3.8342626641651,2.95
3.84051594746717,2.95
3.84676923076923,2.95
3.85302251407129,2.95
3.85927579737336,2.95
3.86552908067542,2.95
3.86582353997223,2.95
3.87178236397749,2.95
3.87803564727955,2.95
3.88428893058161,2.95
3.89054221388368,2.95
3.89679549718574,2.95
3.8993693300607,2.95
3.9030487804878,2.95
3.90930206378987,2.95
3.91555534709193,2.95
3.921808630394,2.95
3.92806191369606,2.95
3.93320621466527,2.95
3.93431519699812,2.95
3.94056848030019,2.95
3.94682176360225,2.95
3.95307504690432,2.95
3.95932833020638,2.95
3.96558161350844,2.95
3.96733671976659,2.95
3.97183489681051,2.95
3.97808818011257,2.95
3.98434146341463,2.95
3.9905947467167,2.95
3.99684803001876,2.95
4.00176339326461,2.95
4.00310131332083,2.95
4.00935459662289,2.95
4.01560787992495,2.95
4.02186116322702,2.95
4.02811444652908,2.95
4.03436772983114,2.95
4.03648880516873,2.95
4.04062101313321,2.95
4.04687429643527,2.95
4.05312757973734,2.95
4.0593808630394,2.95
4.06563414634146,2.95
4.07151554778969,2.95
4.07188742964353,2.95
4.07814071294559,2.95
4.08439399624766,2.95
4.09064727954972,2.95
4.09690056285178,2.95
4.10315384615385,2.95
4.10684623593307,2.95
4.10940712945591,2.95
4.11566041275797,2.95
4.12191369606004,2.95
4.1281669793621,2.95
4.13442026266417,2.95
4.14067354596623,2.95
4.1424835070945,2.95
4.14692682926829,2.95
4.15318011257036,2.95
4.15943339587242,2.95
4.16568667917448,2.95
4.17193996247655,2.95
4.17819324577861,2.95
4.17843002165656,2.95
4.18444652908068,2.95
4.19069981238274,2.95
4.1969530956848,2.95
4.20320637898687,2.95
4.20945966228893,2.95
4.21468846308735,2.95
4.215712945591,2.95
4.22196622889306,2.95
4.22821951219512,2.95
4.23447279549719,2.95
4.24072607879925,2.95
4.24697936210131,2.95
4.25126153814086,2.95
4.25323264540338,2.95
4.25948592870544,2.95
4.2657392120075,2.95
4.27199249530957,2.95
4.27824577861163,2.95
4.2844990619137,2.95
4.28815197705901,2.95
4.29075234521576,2.95
4.29700562851782,2.95
4.30325891181989,2.95
4.30951219512195,2.95
4.31576547842401,2.95
4.32201876172608,2.95
4.32536253377545,2.95
4.32827204502814,2.95
4.33452532833021,2.95
4.34077861163227,2.95
4.34703189493433,2.95
4.3532851782364,2.95
4.35953846153846,2.95
4.36289598612118,2.95
4.36579174484053,2.95
4.37204502814259,2.95
4.37829831144465,2.95
4.38455159474672,2.95
4.39080487804878,2.95
4.39705816135085,2.95
4.40075513603192,2.95
4.40331144465291,2.95
4.40956472795497,2.95
4.41581801125704,2.95
4.4220712945591,2.95
4.42832457786116,2.95
4.43457786116323,2.95
4.43894280975723,2.95
4.44083114446529,2.95
4.44708442776736,2.95
4.45333771106942,2.95
4.45959099437148,2.95
4.46584427767355,2.95
4.47209756097561,2.95
4.47746185807156,2.95
4.47835084427767,2.95
4.48460412757974,2.95
4.4908574108818,2.95
4.49711069418387,2.95
4.50336397748593,2.95
4.50961726078799,2.95
4.51587054409006,2.95
4.51631515648701,2.95
4.52212382739212,2.95
4.52837711069418,2.95
4.53463039399625,2.95
4.54088367729831,2.95
4.54713696060038,2.95
4.55339024390244,2.95
4.55550560546802,2.95
4.5596435272045,2.95
4.56589681050657,2.95
4.57215009380863,2.95
4.57840337711069,2.95
4.58465666041276,2.95
4.59090994371482,2.95
4.59503613064792,2.95
4.59716322701689,2.95
4.60341651031895,2.95
4.60966979362101,2.95
4.61592307692308,2.95
4.62217636022514,2.95
4.6284296435272,2.95
4.63468292682927,2.95
4.63490968304725,2.95
4.64093621013133,2.95
4.6471894934334,2.95
4.65344277673546,2.95
4.65969606003752,2.95
4.66594934333959,2.95
4.67220262664165,2.95
4.67512923929415,2.95
4.67845590994372,2.95
4.68470919324578,2.95
4.69096247654784,2.95
4.69721575984991,2.95
4.70346904315197,2.95
4.70972232645403,2.95
4.71569780184654,2.95
4.7159756097561,2.95
4.72222889305816,2.95
4.72848217636023,2.95
4.73473545966229,2.95
4.74098874296435,2.95
4.74724202626642,2.95
4.75349530956848,2.95
4.75661839921621,2.95
4.75974859287054,2.95
4.76600187617261,2.95
4.77225515947467,2.95
4.77850844277674,2.95
4.7847617260788,2.95
4.79101500938086,2.95
4.79726829268293,2.95
4.79789408619499,2.95
4.80352157598499,2.95
4.80977485928705,2.95
4.81602814258912,2.95
4.82228142589118,2.95
4.82853470919325,2.95
4.83478799249531,2.95
4.83952794408271,2.95
4.84104127579737,2.95
4.84729455909944,2.95
4.8535478424015,2.95
4.85980112570356,2.95
4.86605440900563,2.95
4.87230769230769,2.95
4.87856097560976,2.95
4.88152308091729,2.95
4.88481425891182,2.95
4.89106754221388,2.95
4.89732082551595,2.95
4.90357410881801,2.95
4.90982739212008,2.95
4.91608067542214,2.95
4.9223339587242,2.95
4.92388263170674,2.95
4.92858724202627,2.95
4.93484052532833,2.95
4.94109380863039,2.95
4.94734709193246,2.95
4.95360037523452,2.95
4.95985365853659,2.95
4.96610694183865,2.95
4.96660975866316,2.95
4.97236022514071,2.95
4.97861350844278,2.95
4.98486679174484,2.95
4.9911200750469,2.95
4.99737335834897,2.95
5.00362664165103,2.95
5.00970765143886,2.95
5.0098799249531,2.95
5.01613320825516,2.95
5.02238649155722,2.95
5.02863977485929,2.95
5.03489305816135,2.95
5.04114634146342,2.95
5.04739962476548,2.95
5.05317952736441,2.95
5.05365290806754,2.95
5.05990619136961,2.95
5.06615947467167,2.95
5.07241275797373,2.95
5.0786660412758,2.95
5.08491932457786,2.95
5.09117260787993,2.95
5.0970286316889,2.95
5.09742589118199,2.95
5.10367917448405,2.95
5.10993245778612,2.95
5.11618574108818,2.95
5.12243902439024,2.95
5.12869230769231,2.95
5.13494559099437,2.95
5.14119887429644,2.95
5.14125823782215,2.95
5.1474521575985,2.95
5.15370544090056,2.95
5.15995872420263,2.95
5.16621200750469,2.95
5.17246529080675,2.95
5.17871857410882,2.95
5.18497185741088,2.95
5.18587164757903,2.95
5.19122514071295,2.95
5.19747842401501,2.95
5.20373170731707,2.95
5.20998499061914,2.95
5.2162382739212,2.95
5.22249155722326,2.95
5.22874484052533,2.95
5.23087219142607,2.95
5.23499812382739,2.95
5.24125140712946,2.95
5.24750469043152,2.95
5.25375797373358,2.95
5.26001125703565,2.95
5.26626454033771,2.95
5.27251782363978,2.95
5.27626322872998,2.95
5.27877110694184,2.95
5.2850243902439,2.95
5.29127767354597,2.95
5.29753095684803,2.95
5.30378424015009,2.95
5.31003752345216,2.95
5.31629080675422,2.95
5.32204814800846,2.95
5.32254409005629,2.95
5.32879737335835,2.95
5.33505065666041,2.95
5.34130393996248,2.95
5.34755722326454,2.95
5.3538105065666,2.95
5.36006378986867,2.95
5.36631707317073,2.95
5.3682303671832,2.95
5.3725703564728,2.95
5.37882363977486,2.95
5.38507692307692,2.95
5.39133020637899,2.95
5.39758348968105,2.95
5.40383677298311,2.95
5.41009005628518,2.95
5.41481333383495,2.95
5.41634333958724,2.95
5.42259662288931,2.95
5.42884990619137,2.95
5.43510318949343,2.95
5.4413564727955,2.95
5.44760975609756,2.95
5.45386303939963,2.95
5.46011632270169,2.95
5.46180052546098,2.95
5.46636960600375,2.95
5.47262288930582,2.95
5.47887617260788,2.95
5.48512945590994,2.95
5.49138273921201,2.95
5.49763602251407,2.95
5.50388930581614,2.95
5.50919544973462,2.95
5.5101425891182,2.95
5.51639587242026,2.95
5.52264915572233,2.95
5.52890243902439,2.95
5.53515572232645,2.95
5.54140900562852,2.95
5.54766228893058,2.95
5.55391557223265,2.95
5.55700164476712,2.95
5.56016885553471,2.95
5.56642213883677,2.95
5.57267542213884,2.95
5.5789287054409,2.95
5.58518198874296,2.95
5.59143527204503,2.95
5.59768855534709,2.95
5.60394183864916,2.95
5.60522267937181,2.95
5.61019512195122,2.95
5.61644840525328,2.95
5.62270168855535,2.95
5.62895497185741,2.95
5.63520825515948,2.95
5.64146153846154,2.95
5.6477148217636,2.95
5.6538621533305,2.95
5.65396810506567,2.95
5.66022138836773,2.95
5.66647467166979,2.95
5.67272795497186,2.95
5.67898123827392,2.95
5.68523452157599,2.95
5.69148780487805,2.95
5.69774108818011,2.95
5.70292369766217,2.95
5.70399437148218,2.95
5.71024765478424,2.95
5.7165009380863,2.95
5.72275422138837,2.95
5.72900750469043,2.95
5.7352607879925,2.95
5.74151407129456,2.95
5.74776735459662,2.95
5.75241097489412,2.95
5.75402063789869,2.95
5.76027392120075,2.95
5.76652720450281,2.95
5.77278048780488,2.95
5.77903377110694,2.95
5.785287054409,2.95
5.79154033771107,2.95
5.79779362101313,2.95
5.80232767933526,2.95
5.8040469043152,2.95
5.81030018761726,2.95
5.81655347091932,2.95
5.82280675422139,2.95
5.82906003752345,2.95
5.83531332082552,2.95
5.84156660412758,2.95
5.84781988742964,2.95
5.85267753735203,2.95
5.85407317073171,2.95
5.86032645403377,2.95
5.86657973733583,2.95
5.8728330206379,2.95
5.87908630393996,2.95
5.88533958724203,2.95
5.89159287054409,2.95
5.89784615384615,2.95
5.90346430764651,2.95
5.90409943714822,2.95
5.91035272045028,2.95
5.91660600375235,2.95
5.92285928705441,2.95
5.92911257035647,2.95
5.93536585365854,2.95
5.9416191369606,2.95
5.94787242026266,2.95
5.95412570356473,2.95
5.95469178153698,2.95
5.96037898686679,2.95
5.96663227016886,2.95
5.97288555347092,2.95
5.97913883677298,2.95
5.98539212007505,2.95
5.99164540337711,2.95
5.99789868667918,2.95
6.00415196998124,2.95
6.00636378324103,2.95
6.0104052532833,2.95
6.01665853658537,2.95
6.02291181988743,2.95
6.02916510318949,2.95
6.03541838649156,2.95
6.04167166979362,2.95
6.04792495309569,2.95
6.05417823639775,2.95
6.05848417016098,2.95
6.06043151969981,2.95
6.06668480300188,2.95
6.07293808630394,2.95
6.079191369606,2.95
6.08544465290807,2.95
6.09169793621013,2.95
6.0979512195122,2.95
6.10420450281426,2.95
6.11045778611632,2.95
6.11105683317187,2.95
6.11671106941839,2.95
6.12296435272045,2.95
6.12921763602251,2.95
6.13547091932458,2.95
6.14172420262664,2.95
6.14797748592871,2.95
6.15423076923077,2.95
6.16048405253283,2.95
6.16408569691194,2.95
6.1667373358349,2.95
6.17299061913696,2.95
6.17924390243902,2.95
6.18549718574109,2.95
6.19175046904315,2.95
6.19800375234522,2.95
6.20425703564728,2.95
6.21051031894934,2.95
6.21676360225141,2.95
6.21757472007553,2.95
6.22301688555347,2.95
6.22927016885554,2.95
6.2355234521576,2.95
6.24177673545966,2.95
6.24803001876173,2.95
6.25428330206379,2.95
6.26053658536585,2.95
6.26678986866792,2.95
6.27152789570872,2.95
6.27304315196998,2.95
6.27929643527205,2.95
6.28554971857411,2.95
6.29180300187617,2.95
6.29805628517824,2.95
6.3043095684803,2.95
6.31056285178236,2.95
6.31681613508443,2.95
6.32306941838649,2.95
6.32594925150733,2.95
6.32932270168856,2.95
6.33557598499062,2.95
6.34182926829268,2.95
6.34808255159475,2.95
6.35433583489681,2.95
6.36058911819887,2.95
6.36684240150094,2.95
6.373095684803,2.95
6.37934896810507,2.95
6.3808428501176,2.95
6.38560225140713,2.95
6.39185553470919,2.95
6.39810881801126,2.95
6.40436210131332,2.95
6.41061538461538,2.95
6.41686866791745,2.95
6.42312195121951,2.95
6.42937523452158,2.95
6.43562851782364,2.95
6.43621278943954,2.95
6.4418818011257,2.95
6.44813508442777,2.95
6.45438836772983,2.95
6.4606416510319,2.95
6.46689493433396,2.95
6.47314821763602,2.95
6.47940150093809,2.95
6.48565478424015,2.95
6.49190806754221,2.95
6.49206320293276,2.95
6.49816135084428,2.95
6.50441463414634,2.95
6.51066791744841,2.95
6.51692120075047,2.95
6.52317448405253,2.95
6.5294277673546,2.95
6.53568105065666,2.95
6.54193433395872,2.95
6.54818761726079,2.95
6.5483982599251,2.95
6.55444090056285,2.95
6.56069418386492,2.95
6.56694746716698,2.95
6.57320075046904,2.95
6.57945403377111,2.95
6.58570731707317,2.95
6.59196060037524,2.95
6.5982138836773,2.95
6.60446716697936,2.95
6.60522216592386,2.95
6.61072045028143,2.95
6.61697373358349,2.95
6.62322701688555,2.95
6.62948030018762,2.95
6.63573358348968,2.95
6.64198686679175,2.95
6.64824015009381,2.95
6.65449343339587,2.95
6.66074671669794,2.95
6.66253916292972,2.95
6.667,2.95
6.67325328330206,2.95
6.67950656660413,2.95
6.68575984990619,2.95
6.69201313320826,2.95
6.69826641651032,2.95
6.70451969981238,2.95
6.71077298311445,2.95
6.71702626641651,2.95
6.72035352975347,2.95
6.72327954971857,2.95
6.72953283302064,2.95
6.7357861163227,2.95
6.74203939962477,2.95
6.74829268292683,2.95
6.75454596622889,2.95
6.76079924953096,2.95
6.76705253283302,2.95
6.77330581613508,2.95
6.7786695823354,2.95
6.77955909943715,2.95
6.78581238273921,2.95
6.79206566604128,2.95
6.79831894934334,2.95
6.8045722326454,2.95
6.81082551594747,2.95
6.81707879924953,2.95
6.8233320825516,2.95
6.82958536585366,2.95
6.83583864915572,2.95
6.83749167406744,2.95
6.84209193245779,2.95
6.84834521575985,2.95
6.85459849906191,2.95
6.86085178236398,2.95
6.86710506566604,2.95
6.8733583489681,2.95
6.87961163227017,2.95
6.88586491557223,2.95
6.8921181988743,2.95
6.89682419611825,2.95
6.89837148217636,2.95
6.90462476547842,2.95
6.91087804878049,2.95
6.91713133208255,2.95
6.92338461538462,2.95
6.92963789868668,2.95
6.93589118198874,2.95
6.94214446529081,2.95
6.94839774859287,2.95
6.95465103189493,2.95
6.95667157776096,2.95
6.960904315197,2.95
6.96715759849906,2.95
6.97341088180113,2.95
6.97966416510319,2.95
6.98591744840525,2.95
6.99217073170732,2.95
6.99842401500938,2.95
7.00467729831144,2.95
7.01093058161351,2.95
7.01703828670382,2.95
7.01718386491557,2.95
7.02343714821764,2.95
7.0296904315197,2.95
7.03594371482176,2.95
7.04219699812383,2.95
7.04845028142589,2.95
7.05470356472796,2.95
7.06095684803002,2.95
7.06721013133208,2.95
7.07346341463415,2.95
7.0779288294238,2.95
7.07971669793621,2.95
7.08596998123827,2.95
7.09222326454034,2.95
7.0984765478424,2.95
7.10472983114447,2.95
7.11098311444653,2.95
7.11723639774859,2.95
7.12348968105066,2.95
7.12974296435272,2.95
7.13599624765478,2.95
7.13934775150287,2.95
7.14224953095685,2.95
7.14850281425891,2.95
7.15475609756098,2.95
7.16100938086304,2.95
7.1672626641651,2.95
7.17351594746717,2.95
7.17976923076923,2.95
7.1860225140713,2.95
7.19227579737336,2.95
7.19852908067542,2.95
7.20129963796747,2.95
7.20478236397749,2.95
7.21103564727955,2.95
7.21728893058161,2.95
7.22354221388368,2.95
7.22979549718574,2.95
7.2360487804878,2.95
7.24230206378987,2.95
7.24855534709193,2.95
7.254808630394,2.95
7.26106191369606,2.95
7.2637891136307,2.95
7.26731519699812,2.95
7.27356848030019,2.95
7.27982176360225,2.95
7.28607504690432,2.95
7.29232833020638,2.95
7.29858161350844,2.95
7.30483489681051,2.95
7.31108818011257,2.95
7.31734146341463,2.95
7.3235947467167,2.95
7.32682084343762,2.95
7.32984803001876,2.95
7.33610131332083,2.95
7.34235459662289,2.95
7.34860787992495,2.95
7.35486116322702,2.95
7.36111444652908,2.95
7.36736772983114,2.95
7.37362101313321,2.95
7.37987429643527,2.95
7.38612757973734,2.95
7.39039953281349,2.95
7.3923808630394,2.95
7.39863414634146,2.95
7.40488742964353,2.95
7.41114071294559,2.95
7.41739399624765,2.95
7.42364727954972,2.95
7.42990056285178,2.95
7.43615384615385,2.95
7.44240712945591,2.95
7.44866041275797,2.95
7.45452992801499,2.95
7.45491369606004,2.95
7.4611669793621,2.95
7.46742026266417,2.95
7.47367354596623,2.95
7.47992682926829,2.95
7.48618011257036,2.95
7.49243339587242,2.95
7.49868667917448,2.95
7.50493996247655,2.95
7.51119324577861,2.95
7.51744652908068,2.95
7.51921681648461,2.95
7.52369981238274,2.95
7.5299530956848,2.95
7.53620637898687,2.95
7.54245966228893,2.95
7.548712945591,2.95
7.55496622889306,2.95
7.56121951219512,2.95
7.56747279549719,2.95
7.57372607879925,2.95
7.57997936210131,2.95
7.584465027208,2.95
7.58623264540338,2.95
7.59248592870544,2.95
7.5987392120075,2.95
7.60499249530957,2.95
7.61124577861163,2.95
7.6174990619137,2.95
7.62375234521576,2.95
7.63000562851782,2.95
7.63625891181989,2.95
7.64251219512195,2.95
7.64876547842402,2.95
7.65027943107442,2.95
7.65501876172608,2.95
7.66127204502814,2.95
7.66752532833021,2.95
7.67377861163227,2.95
7.68003189493433,2.95
7.6862851782364,2.95
7.69253846153846,2.95
7.69879174484053,2.95
7.70504502814259,2.95
7.71129831144465,2.95
7.71666494124048,2.95
7.71755159474672,2.95
7.72380487804878,2.95
7.73005816135084,2.95
7.73631144465291,2.95
7.74256472795497,2.95
7.74881801125704,2.95
7.7550712945591,2.95
7.76132457786116,2.95
7.76757786116323,2.95
7.77383114446529,2.95
7.78008442776736,2.95
7.78362651349676,2.95
7.78633771106942,2.95
7.79259099437148,2.95
7.79884427767355,2.95
7.80509756097561,2.95
7.81135084427767,2.95
7.81760412757974,2.95
7.8238574108818,2.95
7.83011069418387,2.95
7.83636397748593,2.95
7.84261726078799,2.95
7.84887054409006,2.95
7.85116914663792,2.95
7.85512382739212,2.95
7.86137711069418,2.95
7.86763039399625,2.95
7.87388367729831,2.95
7.88013696060038,2.95
7.88639024390244,2.95
7.8926435272045,2.95
7.89889681050657,2.95
7.90515009380863,2.95
7.9114033771107,2.95
7.91765666041276,2.95
7.91929788283578,2.95
7.92390994371482,2.95
7.93016322701689,2.95
7.93641651031895,2.95
7.94266979362101,2.95
7.94892307692308,2.95
7.95517636022514,2.95
7.9614296435272,2.95
7.96768292682927,2.95
7.97393621013133,2.95
7.9801894934334,2.95
7.98644277673546,2.95
7.9880178080157,2.95
7.99269606003752,2.95
7.99894934333959,2.95
8.00520262664165,2.95
8.01145590994371,2.95
8.01770919324578,2.95
8.02396247654784,2.95
8.03021575984991,2.95
8.03646904315197,2.95
8.04272232645403,2.95
8.0489756097561,2.95
8.05522889305816,2.95
8.05733405223635,2.95
8.06148217636022,2.95
8.06773545966229,2.95
8.07398874296435,2.95
8.08024202626642,2.95
8.08649530956848,2.95
8.09274859287054,2.95
8.09900187617261,2.95
8.10525515947467,2.95
8.11150844277673,2.95
8.1177617260788,2.95
8.12401500938086,2.95
8.12725179007262,2.95
8.13026829268293,2.95
8.13652157598499,2.95
8.14277485928705,2.95
8.14902814258912,2.95
8.15528142589118,2.95
8.16153470919325,2.95
8.16778799249531,2.95
8.17404127579737,2.95
8.18029455909944,2.95
8.1865478424015,2.95
8.19280112570356,2.95
8.19777624100187,2.95
8.19905440900563,2.95
8.20530769230769,2.95
8.21156097560976,2.95
8.21781425891182,2.95
8.22406754221388,2.95
8.23032082551595,2.95
8.23657410881801,2.95
8.24282739212008,2.95
8.24908067542214,2.95
8.2553339587242,2.95
8.26158724202627,2.95
8.26784052532833,2.95
8.26891266979368,2.95
8.27409380863039,2.95
8.28034709193246,2.95
8.28660037523452,2.95
8.29285365853658,2.95
8.29910694183865,2.95
8.30536022514071,2.95
8.31161350844278,2.95
8.31786679174484,2.95
8.3241200750469,2.95
8.33037335834897,2.95
8.33662664165103,2.95
8.34066638690276,2.95
8.3428799249531,2.95
8.34913320825516,2.95
8.35538649155722,2.95
8.36163977485929,2.95
8.36789305816135,2.95
8.37414634146341,2.95
8.38039962476548,2.95
8.38665290806754,2.95
8.3929061913696,2.95
8.39915947467167,2.95
8.40541275797373,2.95
8.4116660412758,2.95
8.41304274886547,2.95
8.41791932457786,2.95
8.42417260787992,2.95
8.43042589118199,2.95
8.43667917448405,2.95
8.44293245778612,2.95
8.44918574108818,2.95
8.45543902439024,2.95
8.46169230769231,2.95
8.46794559099437,2.95
8.47419887429644,2.95
8.4804521575985,2.95
8.48604715869967,2.95
8.48670544090056,2.95
8.49295872420263,2.95
8.49921200750469,2.95
8.50546529080675,2.95
8.51171857410882,2.95
8.51797185741088,2.95
8.52422514071294,2.95
8.53047842401501,2.95
8.53673170731707,2.95
8.54298499061914,2.95
8.5492382739212,2.95
8.55549155722326,2.95
8.559685066308,2.95
8.56174484052533,2.95
8.56799812382739,2.95
8.57425140712946,2.95
8.58050469043152,2.95
8.58675797373358,2.95
8.59301125703565,2.95
8.59926454033771,2.95
8.60551782363977,2.95
8.61177110694184,2.95
8.6180243902439,2.95
8.62427767354596,2.95
8.63053095684803,2.95
8.63396196888486,2.95
8.63678424015009,2.95
8.64303752345216,2.95
8.64929080675422,2.95
8.65554409005629,2.95
8.66179737335835,2.95
8.66805065666041,2.95
8.67430393996248,2.95
8.68055722326454,2.95
8.6868105065666,2.95
8.69306378986867,2.95
8.69931707317073,2.95
8.70557035647279,2.95
8.70888341132662,2.95
8.71182363977486,2.95
8.71807692307692,2.95
8.72433020637899,2.95
8.73058348968105,2.95
8.73683677298311,2.95
8.74309005628518,2.95
8.74934333958724,2.95
8.7555966228893,2.95
8.76184990619137,2.95
8.76810318949343,2.95
8.7743564727955,2.95
8.78060975609756,2.95
8.78445498664571,2.95
8.78686303939962,2.95
8.79311632270169,2.95
8.79936960600375,2.95
8.80562288930582,2.95
8.81187617260788,2.95
8.81812945590994,2.95
8.82438273921201,2.95
8.83063602251407,2.95
8.83688930581613,2.95
8.8431425891182,2.95
8.84939587242026,2.95
8.85564915572233,2.95
8.86068233638806,2.95
8.86190243902439,2.95
8.86815572232645,2.95
8.87440900562852,2.95
8.88066228893058,2.95
8.88691557223265,2.95
8.89316885553471,2.95
8.89942213883677,2.95
8.90567542213884,2.95
8.9119287054409,2.95
8.91818198874296,2.95
8.92443527204503,2.95
8.93068855534709,2.95
8.93694183864915,2.95
8.93757115105424,2.95
8.94319512195122,2.95
8.94944840525328,2.95
8.95570168855535,2.95
8.96195497185741,2.95
8.96820825515947,2.95
8.97446153846154,2.95
8.9807148217636,2.95
8.98696810506567,2.95
8.99322138836773,2.95
8.99947467166979,2.95
9.00572795497186,2.95
9.01198123827392,2.95
9.01512717052433,2.95
9.01823452157598,2.95
9.02448780487805,2.95
9.03074108818011,2.95
9.03699437148218,2.95
9.04324765478424,2.95
9.0495009380863,2.95
9.05575422138837,2.95
9.06200750469043,2.95
9.0682607879925,2.95
9.07451407129456,2.95
9.08076735459662,2.95
9.08702063789869,2.95
9.09327392120075,2.95
9.09335618448639,2.95
9.09952720450281,2.95
9.10578048780488,2.95
9.11203377110694,2.95
9.11828705440901,2.95
9.12454033771107,2.95
9.13079362101313,2.95
9.1370469043152,2.95
9.14330018761726,2.95
9.14955347091932,2.95
9.15580675422139,2.95
9.16206003752345,2.95
9.16831332082551,2.95
9.17226403286859,2.95
9.17456660412758,2.95
9.18081988742964,2.95
9.18707317073171,2.95
9.19332645403377,2.95
9.19957973733584,2.95
9.2058330206379,2.95
9.21208630393996,2.95
9.21833958724203,2.95
9.22459287054409,2.95
9.23084615384615,2.95
9.23709943714822,2.95
9.24335272045028,2.95
9.24960600375234,2.95
9.25185660627531,2.95
9.25585928705441,2.95
9.26211257035647,2.95
9.26836585365854,2.95
9.2746191369606,2.95
9.28087242026266,2.95
9.28712570356473,2.95
9.29337898686679,2.95
9.29963227016886,2.95
9.30588555347092,2.95
9.31213883677298,2.95
9.31839212007505,2.95
9.32464540337711,2.95
9.33089868667917,2.95
9.33213984642677,2.95
9.33715196998124,2.95
9.3434052532833,2.95
9.34965853658537,2.95
9.35591181988743,2.95
9.36216510318949,2.95
9.36841838649156,2.95
9.37467166979362,2.95
9.38092495309568,2.95
9.38717823639775,2.95
9.39343151969981,2.95
9.39968480300188,2.95
9.40593808630394,2.95
9.412191369606,2.95
9.41311974660263,2.95
9.41844465290807,2.95
9.42469793621013,2.95
9.4309512195122,2.95
9.43720450281426,2.95
9.44345778611632,2.95
9.44971106941839,2.95
9.45596435272045,2.95
9.46221763602251,2.95
9.46847091932458,2.95
9.47472420262664,2.95
9.4809774859287,2.95
9.48723076923077,2.95
9.49348405253283,2.95
9.49480235208946,2.95
9.4997373358349,2.95
9.50599061913696,2.95
9.51224390243902,2.95
9.51849718574109,2.95
9.52475046904315,2.95
9.53100375234522,2.95
9.53725703564728,2.95
9.54351031894934,2.95
9.54976360225141,2.95
9.55601688555347,2.95
9.56227016885553,2.95
9.5685234521576,2.95
9.57477673545966,2.95
9.57719376063186,2.95
9.58103001876172,2.95
9.58728330206379,2.95
9.59353658536585,2.95
9.59978986866792,2.95
9.60604315196998,2.95
9.61229643527204,2.95
9.61854971857411,2.95
9.62480300187617,2.95
9.63105628517824,2.95
9.6373095684803,2.95
9.64356285178236,2.95
9.64981613508443,2.95
9.65606941838649,2.95
9.66030012288787,2.95
9.66232270168855,2.95
9.66857598499062,2.95
9.67482926829268,2.95
9.68108255159475,2.95
9.68733583489681,2.95
9.69358911819887,2.95
9.69984240150094,2.95
9.706095684803,2.95
9.71234896810506,2.95
9.71860225140713,2.95
9.72485553470919,2.95
9.73110881801126,2.95
9.73736210131332,2.95
9.74361538461538,2.95
9.74412764288803,2.95
9.74986866791745,2.95
9.75612195121951,2.95
9.76237523452158,2.95
9.76862851782364,2.95
9.7748818011257,2.95
9.78113508442777,2.95
9.78738836772983,2.95
9.79364165103189,2.95
9.79989493433396,2.95
9.80614821763602,2.95
9.81240150093809,2.95
9.81865478424015,2.95
9.82490806754221,2.95
9.82868257849844,2.95
9.83116135084428,2.95
9.83741463414634,2.95
9.8436679174484,2.95
9.84992120075047,2.95
9.85617448405253,2.95
9.8624277673546,2.95
9.86868105065666,2.95
9.87493433395872,2.95
9.88118761726079,2.95
9.88744090056285,2.95
9.89369418386491,2.95
9.89994746716698,2.95
9.90620075046904,2.95
9.91245403377111,2.95
9.91397124188812,2.95
9.91870731707317,2.95
9.92496060037523,2.95
9.9312138836773,2.95
9.93746716697936,2.95
9.94372045028143,2.95
9.94997373358349,2.95
9.95622701688555,2.95
9.96248030018762,2.95
9.96873358348968,2.95
9.97498686679174,2.95
9.98124015009381,2.95
9.98749343339587,2.95
9.99374671669794,2.95
10,2.95
