"model","draw","count","overflow"
"naive",1,129,FALSE
"naive",2,143,FALSE
"naive",3,139,FALSE
"naive",4,176,FALSE
"naive",5,90,FALSE
"naive",6,163,FALSE
"naive",7,228,FALSE
"naive",8,227,FALSE
"naive",9,252,FALSE
"naive",10,127,FALSE
"naive",11,219,FALSE
"naive",12,237,FALSE
"naive",13,134,FALSE
"naive",14,188,FALSE
"naive",15,90,FALSE
"naive",16,151,FALSE
"naive",17,75,FALSE
"naive",18,174,FALSE
"naive",19,97,FALSE
"naive",20,176,FALSE
"naive",21,77,FALSE
"naive",22,81,FALSE
"naive",23,562,FALSE
"naive",24,142,FALSE
"naive",25,266,FALSE
"naive",26,174,FALSE
"naive",27,117,FALSE
"naive",28,255,FALSE
"naive",29,217,FALSE
"naive",30,163,FALSE
"naive",31,158,FALSE
"naive",32,277,FALSE
"naive",33,175,FALSE
"naive",34,256,FALSE
"naive",35,150,FALSE
"naive",36,145,FALSE
"naive",37,331,FALSE
"naive",38,641,FALSE
"naive",39,200,FALSE
"naive",40,156,FALSE
"naive",41,129,FALSE
"naive",42,167,FALSE
"naive",43,1105,FALSE
"naive",44,725,FALSE
"naive",45,288,FALSE
"naive",46,241,FALSE
"naive",47,220,FALSE
"naive",48,180,FALSE
"naive",49,197,FALSE
"naive",50,379,FALSE
"naive",51,276,FALSE
"naive",52,83,FALSE
"naive",53,193,FALSE
"naive",54,68,FALSE
"naive",55,428,FALSE
"naive",56,84,FALSE
"naive",57,142,FALSE
"naive",58,207,FALSE
"naive",59,120,FALSE
"naive",60,111,FALSE
"naive",61,74,FALSE
"naive",62,69,FALSE
"naive",63,123,FALSE
"naive",64,134,FALSE
"naive",65,194,FALSE
"naive",66,159,FALSE
"naive",67,72,FALSE
"naive",68,352,FALSE
"naive",69,361,FALSE
"naive",70,206,FALSE
"naive",71,135,FALSE
"naive",72,342,FALSE
"naive",73,395,FALSE
"naive",74,67,FALSE
"naive",75,187,FALSE
"naive",76,439,FALSE
"naive",77,207,FALSE
"naive",78,103,FALSE
"naive",79,130,FALSE
"naive",80,215,FALSE
"naive",81,266,FALSE
"naive",82,200,FALSE
"naive",83,133,FALSE
"naive",84,300,FALSE
"naive",85,381,FALSE
"naive",86,120,FALSE
"naive",87,62,FALSE
"naive",88,898,FALSE
"naive",89,536,FALSE
"naive",90,140,FALSE
"naive",91,633,FALSE
"naive",92,333,FALSE
"naive",93,101,FALSE
"naive",94,403,FALSE
"naive",95,65,FALSE
"naive",96,181,FALSE
"naive",97,176,FALSE
"naive",98,289,FALSE
"naive",99,129,FALSE
"naive",100,186,FALSE
"naive",101,352,FALSE
"naive",102,464,FALSE
"naive",103,267,FALSE
"naive",104,124,FALSE
"naive",105,173,FALSE
"naive",106,140,FALSE
"naive",107,113,FALSE
"naive",108,309,FALSE
"naive",109,196,FALSE
"naive",110,190,FALSE
"naive",111,296,FALSE
"naive",112,394,FALSE
"naive",113,178,FALSE
"naive",114,70,FALSE
"naive",115,443,FALSE
"naive",116,405,FALSE
"naive",117,220,FALSE
"naive",118,102,FALSE
"naive",119,232,FALSE
"naive",120,91,FALSE
"naive",121,211,FALSE
"naive",122,236,FALSE
"naive",123,148,FALSE
"naive",124,176,FALSE
"naive",125,323,FALSE
"naive",126,348,FALSE
"naive",127,203,FALSE
"naive",128,139,FALSE
"naive",129,204,FALSE
"naive",130,99,FALSE
"naive",131,276,FALSE
"naive",132,119,FALSE
"naive",133,785,FALSE
"naive",134,74,FALSE
"naive",135,248,FALSE
"naive",136,424,FALSE
"naive",137,205,FALSE
"naive",138,127,FALSE
"naive",139,200,FALSE
"naive",140,224,FALSE
"naive",141,190,FALSE
"naive",142,124,FALSE
"naive",143,113,FALSE
"naive",144,191,FALSE
"naive",145,219,FALSE
"naive",146,79,FALSE
"naive",147,85,FALSE
"naive",148,162,FALSE
"naive",149,79,FALSE
"naive",150,253,FALSE
"naive",151,289,FALSE
"naive",152,130,FALSE
"naive",153,164,FALSE
"naive",154,401,FALSE
"naive",155,270,FALSE
"naive",156,96,FALSE
"naive",157,236,FALSE
"naive",158,313,FALSE
"naive",159,105,FALSE
"naive",160,458,FALSE
"naive",161,116,FALSE
"naive",162,350,FALSE
"naive",163,206,FALSE
"naive",164,67,FALSE
"naive",165,157,FALSE
"naive",166,297,FALSE
"naive",167,248,FALSE
"naive",168,147,FALSE
"naive",169,291,FALSE
"naive",170,490,FALSE
"naive",171,218,FALSE
"naive",172,191,FALSE
"naive",173,127,FALSE
"naive",174,205,FALSE
"naive",175,160,FALSE
"naive",176,65,FALSE
"naive",177,220,FALSE
"naive",178,284,FALSE
"naive",179,116,FALSE
"naive",180,257,FALSE
"naive",181,295,FALSE
"naive",182,177,FALSE
"naive",183,224,FALSE
"naive",184,1222,FALSE
"naive",185,506,FALSE
"naive",186,164,FALSE
"naive",187,124,FALSE
"naive",188,431,FALSE
"naive",189,215,FALSE
"naive",190,224,FALSE
"naive",191,117,FALSE
"naive",192,303,FALSE
"naive",193,613,FALSE
"naive",194,403,FALSE
"naive",195,134,FALSE
"naive",196,148,FALSE
"naive",197,152,FALSE
"naive",198,207,FALSE
"naive",199,325,FALSE
"naive",200,206,FALSE
"naive",201,134,FALSE
"naive",202,171,FALSE
"naive",203,130,FALSE
"naive",204,108,FALSE
"naive",205,71,FALSE
"naive",206,194,FALSE
"naive",207,559,FALSE
"naive",208,107,FALSE
"naive",209,461,FALSE
"naive",210,386,FALSE
"naive",211,150,FALSE
"naive",212,174,FALSE
"naive",213,97,FALSE
"naive",214,428,FALSE
"naive",215,280,FALSE
"naive",216,90,FALSE
"naive",217,444,FALSE
"naive",218,148,FALSE
"naive",219,287,FALSE
"naive",220,134,FALSE
"naive",221,343,FALSE
"naive",222,163,FALSE
"naive",223,102,FALSE
"naive",224,149,FALSE
"naive",225,243,FALSE
"naive",226,305,FALSE
"naive",227,224,FALSE
"naive",228,36,FALSE
"naive",229,711,FALSE
"naive",230,181,FALSE
"naive",231,119,FALSE
"naive",232,157,FALSE
"naive",233,329,FALSE
"naive",234,927,FALSE
"naive",235,87,FALSE
"naive",236,79,FALSE
"naive",237,597,FALSE
"naive",238,113,FALSE
"naive",239,108,FALSE
"naive",240,241,FALSE
"naive",241,173,FALSE
"naive",242,636,FALSE
"naive",243,176,FALSE
"naive",244,293,FALSE
"naive",245,436,FALSE
"naive",246,132,FALSE
"naive",247,432,FALSE
"naive",248,485,FALSE
"naive",249,258,FALSE
"naive",250,107,FALSE
"naive",251,79,FALSE
"naive",252,160,FALSE
"naive",253,367,FALSE
"naive",254,159,FALSE
"naive",255,327,FALSE
"naive",256,475,FALSE
"naive",257,379,FALSE
"naive",258,189,FALSE
"naive",259,94,FALSE
"naive",260,2000,TRUE
"naive",261,139,FALSE
"naive",262,177,FALSE
"naive",263,137,FALSE
"naive",264,111,FALSE
"naive",265,136,FALSE
"naive",266,392,FALSE
"naive",267,160,FALSE
"naive",268,238,FALSE
"naive",269,201,FALSE
"naive",270,135,FALSE
"naive",271,73,FALSE
"naive",272,148,FALSE
"naive",273,233,FALSE
"naive",274,137,FALSE
"naive",275,542,FALSE
"naive",276,238,FALSE
"naive",277,408,FALSE
"naive",278,130,FALSE
"naive",279,163,FALSE
"naive",280,168,FALSE
"naive",281,105,FALSE
"naive",282,188,FALSE
"naive",283,621,FALSE
"naive",284,501,FALSE
"naive",285,137,FALSE
"naive",286,303,FALSE
"naive",287,342,FALSE
"naive",288,289,FALSE
"naive",289,185,FALSE
"naive",290,125,FALSE
"naive",291,121,FALSE
"naive",292,191,FALSE
"naive",293,165,FALSE
"naive",294,1028,FALSE
"naive",295,71,FALSE
"naive",296,230,FALSE
"naive",297,175,FALSE
"naive",298,161,FALSE
"naive",299,413,FALSE
"naive",300,184,FALSE
"naive",301,150,FALSE
"naive",302,439,FALSE
"naive",303,110,FALSE
"naive",304,247,FALSE
"naive",305,189,FALSE
"naive",306,340,FALSE
"naive",307,148,FALSE
"naive",308,187,FALSE
"naive",309,248,FALSE
"naive",310,224,FALSE
"naive",311,278,FALSE
"naive",312,99,FALSE
"naive",313,229,FALSE
"naive",314,138,FALSE
"naive",315,142,FALSE
"naive",316,267,FALSE
"naive",317,147,FALSE
"naive",318,219,FALSE
"naive",319,428,FALSE
"naive",320,216,FALSE
"naive",321,136,FALSE
"naive",322,105,FALSE
"naive",323,150,FALSE
"naive",324,468,FALSE
"naive",325,179,FALSE
"naive",326,167,FALSE
"naive",327,332,FALSE
"naive",328,222,FALSE
"naive",329,145,FALSE
"naive",330,179,FALSE
"naive",331,342,FALSE
"naive",332,281,FALSE
"naive",333,154,FALSE
"naive",334,130,FALSE
"naive",335,250,FALSE
"naive",336,150,FALSE
"naive",337,137,FALSE
"naive",338,466,FALSE
"naive",339,177,FALSE
"naive",340,72,FALSE
"naive",341,182,FALSE
"naive",342,105,FALSE
"naive",343,711,FALSE
"naive",344,94,FALSE
"naive",345,118,FALSE
"naive",346,395,FALSE
"naive",347,201,FALSE
"naive",348,283,FALSE
"naive",349,119,FALSE
"naive",350,93,FALSE
"naive",351,184,FALSE
"naive",352,246,FALSE
"naive",353,225,FALSE
"naive",354,768,FALSE
"naive",355,327,FALSE
"naive",356,1198,FALSE
"naive",357,134,FALSE
"naive",358,102,FALSE
"naive",359,182,FALSE
"naive",360,101,FALSE
"naive",361,104,FALSE
"naive",362,84,FALSE
"naive",363,176,FALSE
"naive",364,126,FALSE
"naive",365,280,FALSE
"naive",366,161,FALSE
"naive",367,170,FALSE
"naive",368,52,FALSE
"naive",369,153,FALSE
"naive",370,115,FALSE
"naive",371,205,FALSE
"naive",372,136,FALSE
"naive",373,962,FALSE
"naive",374,156,FALSE
"naive",375,698,FALSE
"naive",376,191,FALSE
"naive",377,264,FALSE
"naive",378,132,FALSE
"naive",379,284,FALSE
"naive",380,269,FALSE
"naive",381,140,FALSE
"naive",382,374,FALSE
"naive",383,135,FALSE
"naive",384,125,FALSE
"naive",385,268,FALSE
"naive",386,539,FALSE
"naive",387,186,FALSE
"naive",388,186,FALSE
"naive",389,187,FALSE
"naive",390,209,FALSE
"naive",391,217,FALSE
"naive",392,147,FALSE
"naive",393,188,FALSE
"naive",394,377,FALSE
"naive",395,462,FALSE
"naive",396,568,FALSE
"naive",397,203,FALSE
"naive",398,177,FALSE
"naive",399,127,FALSE
"naive",400,1176,FALSE
"naive",401,209,FALSE
"naive",402,408,FALSE
"naive",403,87,FALSE
"naive",404,129,FALSE
"naive",405,224,FALSE
"naive",406,167,FALSE
"naive",407,102,FALSE
"naive",408,109,FALSE
"naive",409,123,FALSE
"naive",410,246,FALSE
"naive",411,440,FALSE
"naive",412,103,FALSE
"naive",413,391,FALSE
"naive",414,258,FALSE
"naive",415,100,FALSE
"naive",416,177,FALSE
"naive",417,2000,TRUE
"naive",418,150,FALSE
"naive",419,160,FALSE
"naive",420,254,FALSE
"naive",421,136,FALSE
"naive",422,194,FALSE
"naive",423,145,FALSE
"naive",424,92,FALSE
"naive",425,287,FALSE
"naive",426,375,FALSE
"naive",427,1004,FALSE
"naive",428,856,FALSE
"naive",429,256,FALSE
"naive",430,280,FALSE
"naive",431,230,FALSE
"naive",432,481,FALSE
"naive",433,212,FALSE
"naive",434,178,FALSE
"naive",435,121,FALSE
"naive",436,136,FALSE
"naive",437,89,FALSE
"naive",438,160,FALSE
"naive",439,155,FALSE
"naive",440,229,FALSE
"naive",441,86,FALSE
"naive",442,273,FALSE
"naive",443,105,FALSE
"naive",444,141,FALSE
"naive",445,222,FALSE
"naive",446,181,FALSE
"naive",447,188,FALSE
"naive",448,93,FALSE
"naive",449,288,FALSE
"naive",450,421,FALSE
"naive",451,358,FALSE
"naive",452,127,FALSE
"naive",453,262,FALSE
"naive",454,64,FALSE
"naive",455,122,FALSE
"naive",456,141,FALSE
"naive",457,561,FALSE
"naive",458,253,FALSE
"naive",459,252,FALSE
"naive",460,112,FALSE
"naive",461,156,FALSE
"naive",462,182,FALSE
"naive",463,242,FALSE
"naive",464,94,FALSE
"naive",465,276,FALSE
"naive",466,122,FALSE
"naive",467,657,FALSE
"naive",468,181,FALSE
"naive",469,137,FALSE
"naive",470,129,FALSE
"naive",471,357,FALSE
"naive",472,127,FALSE
"naive",473,138,FALSE
"naive",474,137,FALSE
"naive",475,170,FALSE
"naive",476,167,FALSE
"naive",477,180,FALSE
"naive",478,122,FALSE
"naive",479,171,FALSE
"naive",480,793,FALSE
"naive",481,74,FALSE
"naive",482,328,FALSE
"naive",483,498,FALSE
"naive",484,272,FALSE
"naive",485,119,FALSE
"naive",486,169,FALSE
"naive",487,432,FALSE
"naive",488,172,FALSE
"naive",489,175,FALSE
"naive",490,167,FALSE
"naive",491,529,FALSE
"naive",492,139,FALSE
"naive",493,281,FALSE
"naive",494,163,FALSE
"naive",495,105,FALSE
"naive",496,99,FALSE
"naive",497,246,FALSE
"naive",498,174,FALSE
"naive",499,265,FALSE
"naive",500,199,FALSE
"naive",501,307,FALSE
"naive",502,177,FALSE
"naive",503,185,FALSE
"naive",504,180,FALSE
"naive",505,232,FALSE
"naive",506,377,FALSE
"naive",507,93,FALSE
"naive",508,284,FALSE
"naive",509,132,FALSE
"naive",510,85,FALSE
"naive",511,211,FALSE
"naive",512,262,FALSE
"naive",513,404,FALSE
"naive",514,336,FALSE
"naive",515,596,FALSE
"naive",516,481,FALSE
"naive",517,2000,TRUE
"naive",518,365,FALSE
"naive",519,178,FALSE
"naive",520,142,FALSE
"naive",521,278,FALSE
"naive",522,178,FALSE
"naive",523,91,FALSE
"naive",524,148,FALSE
"naive",525,234,FALSE
"naive",526,76,FALSE
"naive",527,289,FALSE
"naive",528,177,FALSE
"naive",529,76,FALSE
"naive",530,238,FALSE
"naive",531,179,FALSE
"naive",532,198,FALSE
"naive",533,138,FALSE
"naive",534,251,FALSE
"naive",535,139,FALSE
"naive",536,270,FALSE
"naive",537,1571,FALSE
"naive",538,154,FALSE
"naive",539,137,FALSE
"naive",540,385,FALSE
"naive",541,220,FALSE
"naive",542,123,FALSE
"naive",543,279,FALSE
"naive",544,230,FALSE
"naive",545,169,FALSE
"naive",546,65,FALSE
"naive",547,160,FALSE
"naive",548,120,FALSE
"naive",549,104,FALSE
"naive",550,218,FALSE
"naive",551,154,FALSE
"naive",552,110,FALSE
"naive",553,101,FALSE
"naive",554,62,FALSE
"naive",555,219,FALSE
"naive",556,141,FALSE
"naive",557,351,FALSE
"naive",558,65,FALSE
"naive",559,75,FALSE
"naive",560,171,FALSE
"naive",561,245,FALSE
"naive",562,85,FALSE
"naive",563,261,FALSE
"naive",564,93,FALSE
"naive",565,222,FALSE
"naive",566,240,FALSE
"naive",567,110,FALSE
"naive",568,163,FALSE
"naive",569,308,FALSE
"naive",570,150,FALSE
"naive",571,174,FALSE
"naive",572,127,FALSE
"naive",573,297,FALSE
"naive",574,236,FALSE
"naive",575,294,FALSE
"naive",576,265,FALSE
"naive",577,226,FALSE
"naive",578,102,FALSE
"naive",579,132,FALSE
"naive",580,181,FALSE
"naive",581,118,FALSE
"naive",582,75,FALSE
"naive",583,131,FALSE
"naive",584,157,FALSE
"naive",585,240,FALSE
"naive",586,166,FALSE
"naive",587,131,FALSE
"naive",588,364,FALSE
"naive",589,146,FALSE
"naive",590,103,FALSE
"naive",591,237,FALSE
"naive",592,206,FALSE
"naive",593,380,FALSE
"naive",594,183,FALSE
"naive",595,119,FALSE
"naive",596,309,FALSE
"naive",597,119,FALSE
"naive",598,305,FALSE
"naive",599,137,FALSE
"naive",600,227,FALSE
"naive",601,204,FALSE
"naive",602,649,FALSE
"naive",603,126,FALSE
"naive",604,111,FALSE
"naive",605,168,FALSE
"naive",606,204,FALSE
"naive",607,226,FALSE
"naive",608,401,FALSE
"naive",609,203,FALSE
"naive",610,267,FALSE
"naive",611,138,FALSE
"naive",612,133,FALSE
"naive",613,145,FALSE
"naive",614,191,FALSE
"naive",615,258,FALSE
"naive",616,943,FALSE
"naive",617,293,FALSE
"naive",618,123,FALSE
"naive",619,119,FALSE
"naive",620,181,FALSE
"naive",621,386,FALSE
"naive",622,867,FALSE
"naive",623,149,FALSE
"naive",624,326,FALSE
"naive",625,150,FALSE
"naive",626,280,FALSE
"naive",627,191,FALSE
"naive",628,157,FALSE
"naive",629,110,FALSE
"naive",630,106,FALSE
"naive",631,148,FALSE
"naive",632,161,FALSE
"naive",633,153,FALSE
"naive",634,67,FALSE
"naive",635,151,FALSE
"naive",636,233,FALSE
"naive",637,342,FALSE
"naive",638,125,FALSE
"naive",639,192,FALSE
"naive",640,212,FALSE
"naive",641,124,FALSE
"naive",642,107,FALSE
"naive",643,153,FALSE
"naive",644,176,FALSE
"naive",645,137,FALSE
"naive",646,137,FALSE
"naive",647,77,FALSE
"naive",648,81,FALSE
"naive",649,66,FALSE
"naive",650,387,FALSE
"naive",651,596,FALSE
"naive",652,170,FALSE
"naive",653,138,FALSE
"naive",654,216,FALSE
"naive",655,160,FALSE
"naive",656,45,FALSE
"naive",657,274,FALSE
"naive",658,103,FALSE
"naive",659,201,FALSE
"naive",660,120,FALSE
"naive",661,162,FALSE
"naive",662,262,FALSE
"naive",663,208,FALSE
"naive",664,135,FALSE
"naive",665,216,FALSE
"naive",666,66,FALSE
"naive",667,396,FALSE
"naive",668,230,FALSE
"naive",669,136,FALSE
"naive",670,270,FALSE
"naive",671,226,FALSE
"naive",672,278,FALSE
"naive",673,143,FALSE
"naive",674,93,FALSE
"naive",675,170,FALSE
"naive",676,166,FALSE
"naive",677,162,FALSE
"naive",678,145,FALSE
"naive",679,88,FALSE
"naive",680,131,FALSE
"naive",681,125,FALSE
"naive",682,172,FALSE
"naive",683,327,FALSE
"naive",684,62,FALSE
"naive",685,112,FALSE
"naive",686,237,FALSE
"naive",687,204,FALSE
"naive",688,132,FALSE
"naive",689,310,FALSE
"naive",690,64,FALSE
"naive",691,50,FALSE
"naive",692,204,FALSE
"naive",693,101,FALSE
"naive",694,176,FALSE
"naive",695,86,FALSE
"naive",696,173,FALSE
"naive",697,157,FALSE
"naive",698,127,FALSE
"naive",699,162,FALSE
"naive",700,63,FALSE
"naive",701,230,FALSE
"naive",702,151,FALSE
"naive",703,132,FALSE
"naive",704,82,FALSE
"naive",705,127,FALSE
"naive",706,232,FALSE
"naive",707,292,FALSE
"naive",708,168,FALSE
"naive",709,195,FALSE
"naive",710,130,FALSE
"naive",711,158,FALSE
"naive",712,134,FALSE
"naive",713,368,FALSE
"naive",714,108,FALSE
"naive",715,136,FALSE
"naive",716,166,FALSE
"naive",717,144,FALSE
"naive",718,191,FALSE
"naive",719,190,FALSE
"naive",720,146,FALSE
"naive",721,393,FALSE
"naive",722,175,FALSE
"naive",723,133,FALSE
"naive",724,448,FALSE
"naive",725,114,FALSE
"naive",726,82,FALSE
"naive",727,132,FALSE
"naive",728,177,FALSE
"naive",729,734,FALSE
"naive",730,193,FALSE
"naive",731,94,FALSE
"naive",732,122,FALSE
"naive",733,185,FALSE
"naive",734,384,FALSE
"naive",735,170,FALSE
"naive",736,61,FALSE
"naive",737,208,FALSE
"naive",738,96,FALSE
"naive",739,312,FALSE
"naive",740,152,FALSE
"naive",741,627,FALSE
"naive",742,234,FALSE
"naive",743,83,FALSE
"naive",744,675,FALSE
"naive",745,115,FALSE
"naive",746,307,FALSE
"naive",747,105,FALSE
"naive",748,434,FALSE
"naive",749,253,FALSE
"naive",750,209,FALSE
"naive",751,202,FALSE
"naive",752,149,FALSE
"naive",753,401,FALSE
"naive",754,397,FALSE
"naive",755,185,FALSE
"naive",756,187,FALSE
"naive",757,272,FALSE
"naive",758,173,FALSE
"naive",759,136,FALSE
"naive",760,174,FALSE
"naive",761,174,FALSE
"naive",762,111,FALSE
"naive",763,220,FALSE
"naive",764,77,FALSE
"naive",765,128,FALSE
"naive",766,117,FALSE
"naive",767,129,FALSE
"naive",768,151,FALSE
"naive",769,181,FALSE
"naive",770,120,FALSE
"naive",771,144,FALSE
"naive",772,165,FALSE
"naive",773,242,FALSE
"naive",774,352,FALSE
"naive",775,156,FALSE
"naive",776,165,FALSE
"naive",777,214,FALSE
"naive",778,221,FALSE
"naive",779,178,FALSE
"naive",780,746,FALSE
"naive",781,185,FALSE
"naive",782,121,FALSE
"naive",783,132,FALSE
"naive",784,109,FALSE
"naive",785,182,FALSE
"naive",786,155,FALSE
"naive",787,154,FALSE
"naive",788,281,FALSE
"naive",789,150,FALSE
"naive",790,407,FALSE
"naive",791,316,FALSE
"naive",792,176,FALSE
"naive",793,160,FALSE
"naive",794,248,FALSE
"naive",795,74,FALSE
"naive",796,509,FALSE
"naive",797,170,FALSE
"naive",798,100,FALSE
"naive",799,180,FALSE
"naive",800,349,FALSE
"naive",801,174,FALSE
"naive",802,265,FALSE
"naive",803,205,FALSE
"naive",804,69,FALSE
"naive",805,176,FALSE
"naive",806,177,FALSE
"naive",807,169,FALSE
"naive",808,109,FALSE
"naive",809,230,FALSE
"naive",810,591,FALSE
"naive",811,283,FALSE
"naive",812,181,FALSE
"naive",813,205,FALSE
"naive",814,117,FALSE
"naive",815,157,FALSE
"naive",816,145,FALSE
"naive",817,111,FALSE
"naive",818,255,FALSE
"naive",819,172,FALSE
"naive",820,148,FALSE
"naive",821,102,FALSE
"naive",822,228,FALSE
"naive",823,279,FALSE
"naive",824,381,FALSE
"naive",825,100,FALSE
"naive",826,171,FALSE
"naive",827,145,FALSE
"naive",828,84,FALSE
"naive",829,119,FALSE
"naive",830,157,FALSE
"naive",831,147,FALSE
"naive",832,161,FALSE
"naive",833,113,FALSE
"naive",834,106,FALSE
"naive",835,192,FALSE
"naive",836,95,FALSE
"naive",837,422,FALSE
"naive",838,976,FALSE
"naive",839,260,FALSE
"naive",840,123,FALSE
"naive",841,146,FALSE
"naive",842,253,FALSE
"naive",843,180,FALSE
"naive",844,148,FALSE
"naive",845,146,FALSE
"naive",846,182,FALSE
"naive",847,145,FALSE
"naive",848,119,FALSE
"naive",849,156,FALSE
"naive",850,179,FALSE
"naive",851,177,FALSE
"naive",852,124,FALSE
"naive",853,124,FALSE
"naive",854,90,FALSE
"naive",855,97,FALSE
"naive",856,137,FALSE
"naive",857,172,FALSE
"naive",858,143,FALSE
"naive",859,156,FALSE
"naive",860,446,FALSE
"naive",861,420,FALSE
"naive",862,1089,FALSE
"naive",863,169,FALSE
"naive",864,146,FALSE
"naive",865,90,FALSE
"naive",866,176,FALSE
"naive",867,175,FALSE
"naive",868,96,FALSE
"naive",869,95,FALSE
"naive",870,752,FALSE
"naive",871,203,FALSE
"naive",872,279,FALSE
"naive",873,191,FALSE
"naive",874,200,FALSE
"naive",875,173,FALSE
"naive",876,140,FALSE
"naive",877,163,FALSE
"naive",878,167,FALSE
"naive",879,190,FALSE
"naive",880,355,FALSE
"naive",881,169,FALSE
"naive",882,473,FALSE
"naive",883,108,FALSE
"naive",884,118,FALSE
"naive",885,341,FALSE
"naive",886,111,FALSE
"naive",887,167,FALSE
"naive",888,210,FALSE
"naive",889,187,FALSE
"naive",890,180,FALSE
"naive",891,147,FALSE
"naive",892,182,FALSE
"naive",893,169,FALSE
"naive",894,115,FALSE
"naive",895,267,FALSE
"naive",896,80,FALSE
"naive",897,175,FALSE
"naive",898,171,FALSE
"naive",899,139,FALSE
"naive",900,262,FALSE
"naive",901,305,FALSE
"naive",902,120,FALSE
"naive",903,155,FALSE
"naive",904,102,FALSE
"naive",905,377,FALSE
"naive",906,155,FALSE
"naive",907,309,FALSE
"naive",908,228,FALSE
"naive",909,201,FALSE
"naive",910,65,FALSE
"naive",911,909,FALSE
"naive",912,216,FALSE
"naive",913,203,FALSE
"naive",914,214,FALSE
"naive",915,243,FALSE
"naive",916,449,FALSE
"naive",917,117,FALSE
"naive",918,216,FALSE
"naive",919,117,FALSE
"naive",920,184,FALSE
"naive",921,156,FALSE
"naive",922,124,FALSE
"naive",923,162,FALSE
"naive",924,498,FALSE
"naive",925,160,FALSE
"naive",926,571,FALSE
"naive",927,157,FALSE
"naive",928,226,FALSE
"naive",929,61,FALSE
"naive",930,208,FALSE
"naive",931,110,FALSE
"naive",932,183,FALSE
"naive",933,293,FALSE
"naive",934,734,FALSE
"naive",935,108,FALSE
"naive",936,142,FALSE
"naive",937,69,FALSE
"naive",938,272,FALSE
"naive",939,79,FALSE
"naive",940,303,FALSE
"naive",941,143,FALSE
"naive",942,62,FALSE
"naive",943,151,FALSE
"naive",944,310,FALSE
"naive",945,164,FALSE
"naive",946,142,FALSE
"naive",947,207,FALSE
"naive",948,203,FALSE
"naive",949,174,FALSE
"naive",950,204,FALSE
"naive",951,171,FALSE
"naive",952,78,FALSE
"naive",953,146,FALSE
"naive",954,266,FALSE
"naive",955,188,FALSE
"naive",956,112,FALSE
"naive",957,168,FALSE
"naive",958,137,FALSE
"naive",959,2000,TRUE
"naive",960,151,FALSE
"naive",961,235,FALSE
"naive",962,104,FALSE
"naive",963,223,FALSE
"naive",964,111,FALSE
"naive",965,1861,FALSE
"naive",966,121,FALSE
"naive",967,622,FALSE
"naive",968,134,FALSE
"naive",969,157,FALSE
"naive",970,187,FALSE
"naive",971,173,FALSE
"naive",972,165,FALSE
"naive",973,72,FALSE
"naive",974,142,FALSE
"naive",975,493,FALSE
"naive",976,247,FALSE
"naive",977,67,FALSE
"naive",978,362,FALSE
"naive",979,134,FALSE
"naive",980,229,FALSE
"naive",981,142,FALSE
"naive",982,115,FALSE
"naive",983,211,FALSE
"naive",984,237,FALSE
"naive",985,141,FALSE
"naive",986,126,FALSE
"naive",987,546,FALSE
"naive",988,103,FALSE
"naive",989,207,FALSE
"naive",990,288,FALSE
"naive",991,301,FALSE
"naive",992,233,FALSE
"naive",993,342,FALSE
"naive",994,127,FALSE
"naive",995,388,FALSE
"naive",996,235,FALSE
"naive",997,180,FALSE
"naive",998,1325,FALSE
"naive",999,216,FALSE
"naive",1000,138,FALSE
"plugin",1,325,FALSE
"plugin",2,314,FALSE
"plugin",3,298,FALSE
"plugin",4,892,FALSE
"plugin",5,394,FALSE
"plugin",6,271,FALSE
"plugin",7,341,FALSE
"plugin",8,185,FALSE
"plugin",9,276,FALSE
"plugin",10,231,FALSE
"plugin",11,254,FALSE
"plugin",12,340,FALSE
"plugin",13,299,FALSE
"plugin",14,268,FALSE
"plugin",15,484,FALSE
"plugin",16,221,FALSE
"plugin",17,185,FALSE
"plugin",18,689,FALSE
"plugin",19,252,FALSE
"plugin",20,228,FALSE
"plugin",21,422,FALSE
"plugin",22,312,FALSE
"plugin",23,238,FALSE
"plugin",24,267,FALSE
"plugin",25,528,FALSE
"plugin",26,316,FALSE
"plugin",27,144,FALSE
"plugin",28,194,FALSE
"plugin",29,288,FALSE
"plugin",30,188,FALSE
"plugin",31,451,FALSE
"plugin",32,193,FALSE
"plugin",33,689,FALSE
"plugin",34,167,FALSE
"plugin",35,186,FALSE
"plugin",36,231,FALSE
"plugin",37,256,FALSE
"plugin",38,257,FALSE
"plugin",39,250,FALSE
"plugin",40,271,FALSE
"plugin",41,151,FALSE
"plugin",42,911,FALSE
"plugin",43,207,FALSE
"plugin",44,299,FALSE
"plugin",45,219,FALSE
"plugin",46,185,FALSE
"plugin",47,263,FALSE
"plugin",48,359,FALSE
"plugin",49,327,FALSE
"plugin",50,336,FALSE
"plugin",51,1394,FALSE
"plugin",52,260,FALSE
"plugin",53,309,FALSE
"plugin",54,271,FALSE
"plugin",55,229,FALSE
"plugin",56,165,FALSE
"plugin",57,231,FALSE
"plugin",58,802,FALSE
"plugin",59,255,FALSE
"plugin",60,283,FALSE
"plugin",61,759,FALSE
"plugin",62,2000,TRUE
"plugin",63,243,FALSE
"plugin",64,290,FALSE
"plugin",65,258,FALSE
"plugin",66,244,FALSE
"plugin",67,167,FALSE
"plugin",68,709,FALSE
"plugin",69,277,FALSE
"plugin",70,815,FALSE
"plugin",71,261,FALSE
"plugin",72,195,FALSE
"plugin",73,189,FALSE
"plugin",74,1249,FALSE
"plugin",75,234,FALSE
"plugin",76,411,FALSE
"plugin",77,204,FALSE
"plugin",78,246,FALSE
"plugin",79,237,FALSE
"plugin",80,264,FALSE
"plugin",81,358,FALSE
"plugin",82,188,FALSE
"plugin",83,253,FALSE
"plugin",84,162,FALSE
"plugin",85,200,FALSE
"plugin",86,473,FALSE
"plugin",87,203,FALSE
"plugin",88,370,FALSE
"plugin",89,211,FALSE
"plugin",90,358,FALSE
"plugin",91,390,FALSE
"plugin",92,935,FALSE
"plugin",93,281,FALSE
"plugin",94,399,FALSE
"plugin",95,313,FALSE
"plugin",96,231,FALSE
"plugin",97,255,FALSE
"plugin",98,516,FALSE
"plugin",99,2000,TRUE
"plugin",100,221,FALSE
"plugin",101,260,FALSE
"plugin",102,312,FALSE
"plugin",103,514,FALSE
"plugin",104,794,FALSE
"plugin",105,142,FALSE
"plugin",106,176,FALSE
"plugin",107,289,FALSE
"plugin",108,224,FALSE
"plugin",109,220,FALSE
"plugin",110,226,FALSE
"plugin",111,174,FALSE
"plugin",112,375,FALSE
"plugin",113,207,FALSE
"plugin",114,173,FALSE
"plugin",115,250,FALSE
"plugin",116,282,FALSE
"plugin",117,330,FALSE
"plugin",118,189,FALSE
"plugin",119,163,FALSE
"plugin",120,537,FALSE
"plugin",121,339,FALSE
"plugin",122,283,FALSE
"plugin",123,421,FALSE
"plugin",124,202,FALSE
"plugin",125,265,FALSE
"plugin",126,148,FALSE
"plugin",127,339,FALSE
"plugin",128,272,FALSE
"plugin",129,320,FALSE
"plugin",130,244,FALSE
"plugin",131,777,FALSE
"plugin",132,238,FALSE
"plugin",133,501,FALSE
"plugin",134,371,FALSE
"plugin",135,488,FALSE
"plugin",136,232,FALSE
"plugin",137,295,FALSE
"plugin",138,318,FALSE
"plugin",139,223,FALSE
"plugin",140,381,FALSE
"plugin",141,1075,FALSE
"plugin",142,454,FALSE
"plugin",143,304,FALSE
"plugin",144,970,FALSE
"plugin",145,186,FALSE
"plugin",146,212,FALSE
"plugin",147,215,FALSE
"plugin",148,426,FALSE
"plugin",149,191,FALSE
"plugin",150,205,FALSE
"plugin",151,211,FALSE
"plugin",152,264,FALSE
"plugin",153,440,FALSE
"plugin",154,197,FALSE
"plugin",155,183,FALSE
"plugin",156,605,FALSE
"plugin",157,116,FALSE
"plugin",158,297,FALSE
"plugin",159,394,FALSE
"plugin",160,259,FALSE
"plugin",161,245,FALSE
"plugin",162,259,FALSE
"plugin",163,436,FALSE
"plugin",164,350,FALSE
"plugin",165,253,FALSE
"plugin",166,174,FALSE
"plugin",167,294,FALSE
"plugin",168,120,FALSE
"plugin",169,305,FALSE
"plugin",170,292,FALSE
"plugin",171,539,FALSE
"plugin",172,241,FALSE
"plugin",173,367,FALSE
"plugin",174,210,FALSE
"plugin",175,201,FALSE
"plugin",176,194,FALSE
"plugin",177,311,FALSE
"plugin",178,233,FALSE
"plugin",179,193,FALSE
"plugin",180,291,FALSE
"plugin",181,282,FALSE
"plugin",182,268,FALSE
"plugin",183,208,FALSE
"plugin",184,219,FALSE
"plugin",185,284,FALSE
"plugin",186,209,FALSE
"plugin",187,202,FALSE
"plugin",188,295,FALSE
"plugin",189,288,FALSE
"plugin",190,564,FALSE
"plugin",191,292,FALSE
"plugin",192,359,FALSE
"plugin",193,186,FALSE
"plugin",194,171,FALSE
"plugin",195,281,FALSE
"plugin",196,313,FALSE
"plugin",197,191,FALSE
"plugin",198,206,FALSE
"plugin",199,213,FALSE
"plugin",200,350,FALSE
"plugin",201,361,FALSE
"plugin",202,297,FALSE
"plugin",203,231,FALSE
"plugin",204,367,FALSE
"plugin",205,199,FALSE
"plugin",206,303,FALSE
"plugin",207,196,FALSE
"plugin",208,311,FALSE
"plugin",209,329,FALSE
"plugin",210,315,FALSE
"plugin",211,526,FALSE
"plugin",212,323,FALSE
"plugin",213,185,FALSE
"plugin",214,204,FALSE
"plugin",215,238,FALSE
"plugin",216,209,FALSE
"plugin",217,396,FALSE
"plugin",218,284,FALSE
"plugin",219,172,FALSE
"plugin",220,197,FALSE
"plugin",221,304,FALSE
"plugin",222,338,FALSE
"plugin",223,227,FALSE
"plugin",224,207,FALSE
"plugin",225,215,FALSE
"plugin",226,147,FALSE
"plugin",227,441,FALSE
"plugin",228,245,FALSE
"plugin",229,252,FALSE
"plugin",230,191,FALSE
"plugin",231,345,FALSE
"plugin",232,226,FALSE
"plugin",233,581,FALSE
"plugin",234,2000,TRUE
"plugin",235,218,FALSE
"plugin",236,291,FALSE
"plugin",237,246,FALSE
"plugin",238,217,FALSE
"plugin",239,352,FALSE
"plugin",240,204,FALSE
"plugin",241,255,FALSE
"plugin",242,341,FALSE
"plugin",243,507,FALSE
"plugin",244,324,FALSE
"plugin",245,193,FALSE
"plugin",246,295,FALSE
"plugin",247,444,FALSE
"plugin",248,211,FALSE
"plugin",249,286,FALSE
"plugin",250,572,FALSE
"plugin",251,215,FALSE
"plugin",252,200,FALSE
"plugin",253,276,FALSE
"plugin",254,153,FALSE
"plugin",255,388,FALSE
"plugin",256,228,FALSE
"plugin",257,251,FALSE
"plugin",258,149,FALSE
"plugin",259,740,FALSE
"plugin",260,329,FALSE
"plugin",261,620,FALSE
"plugin",262,196,FALSE
"plugin",263,226,FALSE
"plugin",264,313,FALSE
"plugin",265,358,FALSE
"plugin",266,545,FALSE
"plugin",267,150,FALSE
"plugin",268,348,FALSE
"plugin",269,173,FALSE
"plugin",270,187,FALSE
"plugin",271,258,FALSE
"plugin",272,169,FALSE
"plugin",273,577,FALSE
"plugin",274,343,FALSE
"plugin",275,466,FALSE
"plugin",276,353,FALSE
"plugin",277,174,FALSE
"plugin",278,263,FALSE
"plugin",279,267,FALSE
"plugin",280,275,FALSE
"plugin",281,139,FALSE
"plugin",282,288,FALSE
"plugin",283,355,FALSE
"plugin",284,472,FALSE
"plugin",285,237,FALSE
"plugin",286,1168,FALSE
"plugin",287,160,FALSE
"plugin",288,275,FALSE
"plugin",289,361,FALSE
"plugin",290,611,FALSE
"plugin",291,252,FALSE
"plugin",292,251,FALSE
"plugin",293,410,FALSE
"plugin",294,235,FALSE
"plugin",295,263,FALSE
"plugin",296,1485,FALSE
"plugin",297,1890,FALSE
"plugin",298,205,FALSE
"plugin",299,269,FALSE
"plugin",300,273,FALSE
"plugin",301,230,FALSE
"plugin",302,313,FALSE
"plugin",303,448,FALSE
"plugin",304,265,FALSE
"plugin",305,317,FALSE
"plugin",306,169,FALSE
"plugin",307,205,FALSE
"plugin",308,227,FALSE
"plugin",309,183,FALSE
"plugin",310,179,FALSE
"plugin",311,313,FALSE
"plugin",312,200,FALSE
"plugin",313,1432,FALSE
"plugin",314,178,FALSE
"plugin",315,223,FALSE
"plugin",316,680,FALSE
"plugin",317,166,FALSE
"plugin",318,275,FALSE
"plugin",319,480,FALSE
"plugin",320,312,FALSE
"plugin",321,249,FALSE
"plugin",322,301,FALSE
"plugin",323,219,FALSE
"plugin",324,164,FALSE
"plugin",325,180,FALSE
"plugin",326,350,FALSE
"plugin",327,224,FALSE
"plugin",328,209,FALSE
"plugin",329,318,FALSE
"plugin",330,363,FALSE
"plugin",331,203,FALSE
"plugin",332,184,FALSE
"plugin",333,227,FALSE
"plugin",334,236,FALSE
"plugin",335,174,FALSE
"plugin",336,261,FALSE
"plugin",337,179,FALSE
"plugin",338,243,FALSE
"plugin",339,512,FALSE
"plugin",340,164,FALSE
"plugin",341,248,FALSE
"plugin",342,160,FALSE
"plugin",343,2000,TRUE
"plugin",344,642,FALSE
"plugin",345,598,FALSE
"plugin",346,221,FALSE
"plugin",347,358,FALSE
"plugin",348,356,FALSE
"plugin",349,870,FALSE
"plugin",350,506,FALSE
"plugin",351,425,FALSE
"plugin",352,206,FALSE
"plugin",353,322,FALSE
"plugin",354,204,FALSE
"plugin",355,228,FALSE
"plugin",356,247,FALSE
"plugin",357,186,FALSE
"plugin",358,191,FALSE
"plugin",359,237,FALSE
"plugin",360,238,FALSE
"plugin",361,267,FALSE
"plugin",362,285,FALSE
"plugin",363,364,FALSE
"plugin",364,228,FALSE
"plugin",365,252,FALSE
"plugin",366,403,FALSE
"plugin",367,184,FALSE
"plugin",368,217,FALSE
"plugin",369,503,FALSE
"plugin",370,312,FALSE
"plugin",371,227,FALSE
"plugin",372,301,FALSE
"plugin",373,189,FALSE
"plugin",374,312,FALSE
"plugin",375,194,FALSE
"plugin",376,189,FALSE
"plugin",377,279,FALSE
"plugin",378,393,FALSE
"plugin",379,124,FALSE
"plugin",380,162,FALSE
"plugin",381,705,FALSE
"plugin",382,248,FALSE
"plugin",383,201,FALSE
"plugin",384,386,FALSE
"plugin",385,520,FALSE
"plugin",386,196,FALSE
"plugin",387,177,FALSE
"plugin",388,212,FALSE
"plugin",389,176,FALSE
"plugin",390,725,FALSE
"plugin",391,535,FALSE
"plugin",392,214,FALSE
"plugin",393,451,FALSE
"plugin",394,397,FALSE
"plugin",395,199,FALSE
"plugin",396,2000,TRUE
"plugin",397,643,FALSE
"plugin",398,1283,FALSE
"plugin",399,285,FALSE
"plugin",400,364,FALSE
"plugin",401,212,FALSE
"plugin",402,319,FALSE
"plugin",403,434,FALSE
"plugin",404,415,FALSE
"plugin",405,258,FALSE
"plugin",406,1063,FALSE
"plugin",407,240,FALSE
"plugin",408,255,FALSE
"plugin",409,236,FALSE
"plugin",410,177,FALSE
"plugin",411,179,FALSE
"plugin",412,239,FALSE
"plugin",413,297,FALSE
"plugin",414,628,FALSE
"plugin",415,200,FALSE
"plugin",416,1110,FALSE
"plugin",417,292,FALSE
"plugin",418,248,FALSE
"plugin",419,337,FALSE
"plugin",420,261,FALSE
"plugin",421,454,FALSE
"plugin",422,172,FALSE
"plugin",423,447,FALSE
"plugin",424,355,FALSE
"plugin",425,236,FALSE
"plugin",426,802,FALSE
"plugin",427,2000,TRUE
"plugin",428,666,FALSE
"plugin",429,177,FALSE
"plugin",430,217,FALSE
"plugin",431,235,FALSE
"plugin",432,241,FALSE
"plugin",433,350,FALSE
"plugin",434,233,FALSE
"plugin",435,211,FALSE
"plugin",436,176,FALSE
"plugin",437,329,FALSE
"plugin",438,229,FALSE
"plugin",439,154,FALSE
"plugin",440,169,FALSE
"plugin",441,244,FALSE
"plugin",442,2000,TRUE
"plugin",443,236,FALSE
"plugin",444,472,FALSE
"plugin",445,188,FALSE
"plugin",446,481,FALSE
"plugin",447,188,FALSE
"plugin",448,302,FALSE
"plugin",449,290,FALSE
"plugin",450,266,FALSE
"plugin",451,575,FALSE
"plugin",452,191,FALSE
"plugin",453,855,FALSE
"plugin",454,215,FALSE
"plugin",455,1201,FALSE
"plugin",456,2000,TRUE
"plugin",457,363,FALSE
"plugin",458,2000,TRUE
"plugin",459,2000,TRUE
"plugin",460,352,FALSE
"plugin",461,303,FALSE
"plugin",462,309,FALSE
"plugin",463,317,FALSE
"plugin",464,271,FALSE
"plugin",465,245,FALSE
"plugin",466,282,FALSE
"plugin",467,205,FALSE
"plugin",468,162,FALSE
"plugin",469,534,FALSE
"plugin",470,390,FALSE
"plugin",471,262,FALSE
"plugin",472,213,FALSE
"plugin",473,232,FALSE
"plugin",474,2000,TRUE
"plugin",475,149,FALSE
"plugin",476,305,FALSE
"plugin",477,325,FALSE
"plugin",478,181,FALSE
"plugin",479,219,FALSE
"plugin",480,727,FALSE
"plugin",481,1500,FALSE
"plugin",482,267,FALSE
"plugin",483,342,FALSE
"plugin",484,144,FALSE
"plugin",485,313,FALSE
"plugin",486,232,FALSE
"plugin",487,292,FALSE
"plugin",488,255,FALSE
"plugin",489,305,FALSE
"plugin",490,151,FALSE
"plugin",491,252,FALSE
"plugin",492,260,FALSE
"plugin",493,262,FALSE
"plugin",494,311,FALSE
"plugin",495,303,FALSE
"plugin",496,215,FALSE
"plugin",497,198,FALSE
"plugin",498,244,FALSE
"plugin",499,169,FALSE
"plugin",500,215,FALSE
"plugin",501,266,FALSE
"plugin",502,185,FALSE
"plugin",503,224,FALSE
"plugin",504,329,FALSE
"plugin",505,305,FALSE
"plugin",506,235,FALSE
"plugin",507,156,FALSE
"plugin",508,326,FALSE
"plugin",509,152,FALSE
"plugin",510,264,FALSE
"plugin",511,221,FALSE
"plugin",512,331,FALSE
"plugin",513,201,FALSE
"plugin",514,244,FALSE
"plugin",515,414,FALSE
"plugin",516,2000,TRUE
"plugin",517,2000,TRUE
"plugin",518,235,FALSE
"plugin",519,251,FALSE
"plugin",520,268,FALSE
"plugin",521,265,FALSE
"plugin",522,767,FALSE
"plugin",523,364,FALSE
"plugin",524,243,FALSE
"plugin",525,364,FALSE
"plugin",526,273,FALSE
"plugin",527,234,FALSE
"plugin",528,205,FALSE
"plugin",529,252,FALSE
"plugin",530,208,FALSE
"plugin",531,246,FALSE
"plugin",532,191,FALSE
"plugin",533,264,FALSE
"plugin",534,241,FALSE
"plugin",535,160,FALSE
"plugin",536,255,FALSE
"plugin",537,241,FALSE
"plugin",538,566,FALSE
"plugin",539,217,FALSE
"plugin",540,278,FALSE
"plugin",541,393,FALSE
"plugin",542,483,FALSE
"plugin",543,258,FALSE
"plugin",544,260,FALSE
"plugin",545,226,FALSE
"plugin",546,298,FALSE
"plugin",547,547,FALSE
"plugin",548,545,FALSE
"plugin",549,166,FALSE
"plugin",550,293,FALSE
"plugin",551,258,FALSE
"plugin",552,290,FALSE
"plugin",553,220,FALSE
"plugin",554,250,FALSE
"plugin",555,211,FALSE
"plugin",556,429,FALSE
"plugin",557,1719,FALSE
"plugin",558,248,FALSE
"plugin",559,405,FALSE
"plugin",560,274,FALSE
"plugin",561,364,FALSE
"plugin",562,323,FALSE
"plugin",563,372,FALSE
"plugin",564,142,FALSE
"plugin",565,307,FALSE
"plugin",566,209,FALSE
"plugin",567,280,FALSE
"plugin",568,511,FALSE
"plugin",569,333,FALSE
"plugin",570,355,FALSE
"plugin",571,148,FALSE
"plugin",572,255,FALSE
"plugin",573,455,FALSE
"plugin",574,261,FALSE
"plugin",575,344,FALSE
"plugin",576,234,FALSE
"plugin",577,400,FALSE
"plugin",578,432,FALSE
"plugin",579,231,FALSE
"plugin",580,550,FALSE
"plugin",581,208,FALSE
"plugin",582,291,FALSE
"plugin",583,143,FALSE
"plugin",584,585,FALSE
"plugin",585,749,FALSE
"plugin",586,294,FALSE
"plugin",587,203,FALSE
"plugin",588,493,FALSE
"plugin",589,271,FALSE
"plugin",590,223,FALSE
"plugin",591,210,FALSE
"plugin",592,176,FALSE
"plugin",593,312,FALSE
"plugin",594,269,FALSE
"plugin",595,299,FALSE
"plugin",596,314,FALSE
"plugin",597,327,FALSE
"plugin",598,302,FALSE
"plugin",599,362,FALSE
"plugin",600,145,FALSE
"plugin",601,515,FALSE
"plugin",602,214,FALSE
"plugin",603,1465,FALSE
"plugin",604,231,FALSE
"plugin",605,225,FALSE
"plugin",606,314,FALSE
"plugin",607,235,FALSE
"plugin",608,294,FALSE
"plugin",609,256,FALSE
"plugin",610,251,FALSE
"plugin",611,286,FALSE
"plugin",612,2000,TRUE
"plugin",613,269,FALSE
"plugin",614,186,FALSE
"plugin",615,760,FALSE
"plugin",616,2000,TRUE
"plugin",617,505,FALSE
"plugin",618,206,FALSE
"plugin",619,224,FALSE
"plugin",620,378,FALSE
"plugin",621,243,FALSE
"plugin",622,173,FALSE
"plugin",623,170,FALSE
"plugin",624,384,FALSE
"plugin",625,851,FALSE
"plugin",626,353,FALSE
"plugin",627,119,FALSE
"plugin",628,228,FALSE
"plugin",629,228,FALSE
"plugin",630,236,FALSE
"plugin",631,549,FALSE
"plugin",632,304,FALSE
"plugin",633,1415,FALSE
"plugin",634,357,FALSE
"plugin",635,188,FALSE
"plugin",636,245,FALSE
"plugin",637,263,FALSE
"plugin",638,231,FALSE
"plugin",639,209,FALSE
"plugin",640,430,FALSE
"plugin",641,240,FALSE
"plugin",642,306,FALSE
"plugin",643,421,FALSE
"plugin",644,240,FALSE
"plugin",645,257,FALSE
"plugin",646,817,FALSE
"plugin",647,707,FALSE
"plugin",648,616,FALSE
"plugin",649,425,FALSE
"plugin",650,580,FALSE
"plugin",651,408,FALSE
"plugin",652,220,FALSE
"plugin",653,304,FALSE
"plugin",654,250,FALSE
"plugin",655,305,FALSE
"plugin",656,327,FALSE
"plugin",657,1572,FALSE
"plugin",658,217,FALSE
"plugin",659,1568,FALSE
"plugin",660,330,FALSE
"plugin",661,194,FALSE
"plugin",662,154,FALSE
"plugin",663,378,FALSE
"plugin",664,309,FALSE
"plugin",665,431,FALSE
"plugin",666,534,FALSE
"plugin",667,185,FALSE
"plugin",668,232,FALSE
"plugin",669,2000,TRUE
"plugin",670,213,FALSE
"plugin",671,324,FALSE
"plugin",672,309,FALSE
"plugin",673,220,FALSE
"plugin",674,311,FALSE
"plugin",675,268,FALSE
"plugin",676,1335,FALSE
"plugin",677,204,FALSE
"plugin",678,892,FALSE
"plugin",679,108,FALSE
"plugin",680,229,FALSE
"plugin",681,774,FALSE
"plugin",682,360,FALSE
"plugin",683,299,FALSE
"plugin",684,408,FALSE
"plugin",685,256,FALSE
"plugin",686,169,FALSE
"plugin",687,436,FALSE
"plugin",688,221,FALSE
"plugin",689,1320,FALSE
"plugin",690,315,FALSE
"plugin",691,153,FALSE
"plugin",692,274,FALSE
"plugin",693,406,FALSE
"plugin",694,376,FALSE
"plugin",695,499,FALSE
"plugin",696,253,FALSE
"plugin",697,169,FALSE
"plugin",698,374,FALSE
"plugin",699,238,FALSE
"plugin",700,427,FALSE
"plugin",701,275,FALSE
"plugin",702,237,FALSE
"plugin",703,257,FALSE
"plugin",704,357,FALSE
"plugin",705,225,FALSE
"plugin",706,650,FALSE
"plugin",707,236,FALSE
"plugin",708,256,FALSE
"plugin",709,282,FALSE
"plugin",710,491,FALSE
"plugin",711,812,FALSE
"plugin",712,309,FALSE
"plugin",713,2000,TRUE
"plugin",714,179,FALSE
"plugin",715,260,FALSE
"plugin",716,291,FALSE
"plugin",717,237,FALSE
"plugin",718,91,FALSE
"plugin",719,180,FALSE
"plugin",720,272,FALSE
"plugin",721,264,FALSE
"plugin",722,242,FALSE
"plugin",723,230,FALSE
"plugin",724,408,FALSE
"plugin",725,213,FALSE
"plugin",726,236,FALSE
"plugin",727,207,FALSE
"plugin",728,319,FALSE
"plugin",729,235,FALSE
"plugin",730,216,FALSE
"plugin",731,468,FALSE
"plugin",732,167,FALSE
"plugin",733,422,FALSE
"plugin",734,267,FALSE
"plugin",735,209,FALSE
"plugin",736,224,FALSE
"plugin",737,431,FALSE
"plugin",738,257,FALSE
"plugin",739,288,FALSE
"plugin",740,260,FALSE
"plugin",741,245,FALSE
"plugin",742,865,FALSE
"plugin",743,147,FALSE
"plugin",744,211,FALSE
"plugin",745,311,FALSE
"plugin",746,401,FALSE
"plugin",747,415,FALSE
"plugin",748,362,FALSE
"plugin",749,207,FALSE
"plugin",750,150,FALSE
"plugin",751,760,FALSE
"plugin",752,153,FALSE
"plugin",753,207,FALSE
"plugin",754,349,FALSE
"plugin",755,261,FALSE
"plugin",756,230,FALSE
"plugin",757,175,FALSE
"plugin",758,330,FALSE
"plugin",759,229,FALSE
"plugin",760,184,FALSE
"plugin",761,431,FALSE
"plugin",762,183,FALSE
"plugin",763,182,FALSE
"plugin",764,854,FALSE
"plugin",765,293,FALSE
"plugin",766,252,FALSE
"plugin",767,343,FALSE
"plugin",768,699,FALSE
"plugin",769,207,FALSE
"plugin",770,619,FALSE
"plugin",771,186,FALSE
"plugin",772,226,FALSE
"plugin",773,374,FALSE
"plugin",774,157,FALSE
"plugin",775,500,FALSE
"plugin",776,220,FALSE
"plugin",777,248,FALSE
"plugin",778,200,FALSE
"plugin",779,216,FALSE
"plugin",780,258,FALSE
"plugin",781,180,FALSE
"plugin",782,187,FALSE
"plugin",783,197,FALSE
"plugin",784,149,FALSE
"plugin",785,179,FALSE
"plugin",786,150,FALSE
"plugin",787,250,FALSE
"plugin",788,309,FALSE
"plugin",789,170,FALSE
"plugin",790,528,FALSE
"plugin",791,222,FALSE
"plugin",792,267,FALSE
"plugin",793,335,FALSE
"plugin",794,2000,TRUE
"plugin",795,222,FALSE
"plugin",796,211,FALSE
"plugin",797,233,FALSE
"plugin",798,242,FALSE
"plugin",799,229,FALSE
"plugin",800,131,FALSE
"plugin",801,536,FALSE
"plugin",802,262,FALSE
"plugin",803,264,FALSE
"plugin",804,202,FALSE
"plugin",805,190,FALSE
"plugin",806,242,FALSE
"plugin",807,242,FALSE
"plugin",808,288,FALSE
"plugin",809,246,FALSE
"plugin",810,176,FALSE
"plugin",811,180,FALSE
"plugin",812,132,FALSE
"plugin",813,225,FALSE
"plugin",814,887,FALSE
"plugin",815,214,FALSE
"plugin",816,217,FALSE
"plugin",817,354,FALSE
"plugin",818,511,FALSE
"plugin",819,429,FALSE
"plugin",820,372,FALSE
"plugin",821,217,FALSE
"plugin",822,234,FALSE
"plugin",823,256,FALSE
"plugin",824,173,FALSE
"plugin",825,322,FALSE
"plugin",826,217,FALSE
"plugin",827,217,FALSE
"plugin",828,157,FALSE
"plugin",829,146,FALSE
"plugin",830,190,FALSE
"plugin",831,167,FALSE
"plugin",832,238,FALSE
"plugin",833,1925,FALSE
"plugin",834,168,FALSE
"plugin",835,281,FALSE
"plugin",836,554,FALSE
"plugin",837,309,FALSE
"plugin",838,232,FALSE
"plugin",839,213,FALSE
"plugin",840,262,FALSE
"plugin",841,225,FALSE
"plugin",842,285,FALSE
"plugin",843,228,FALSE
"plugin",844,193,FALSE
"plugin",845,932,FALSE
"plugin",846,168,FALSE
"plugin",847,385,FALSE
"plugin",848,189,FALSE
"plugin",849,236,FALSE
"plugin",850,689,FALSE
"plugin",851,153,FALSE
"plugin",852,288,FALSE
"plugin",853,207,FALSE
"plugin",854,389,FALSE
"plugin",855,232,FALSE
"plugin",856,174,FALSE
"plugin",857,187,FALSE
"plugin",858,982,FALSE
"plugin",859,307,FALSE
"plugin",860,302,FALSE
"plugin",861,541,FALSE
"plugin",862,260,FALSE
"plugin",863,313,FALSE
"plugin",864,155,FALSE
"plugin",865,309,FALSE
"plugin",866,289,FALSE
"plugin",867,569,FALSE
"plugin",868,133,FALSE
"plugin",869,273,FALSE
"plugin",870,292,FALSE
"plugin",871,675,FALSE
"plugin",872,277,FALSE
"plugin",873,175,FALSE
"plugin",874,356,FALSE
"plugin",875,438,FALSE
"plugin",876,375,FALSE
"plugin",877,523,FALSE
"plugin",878,460,FALSE
"plugin",879,1001,FALSE
"plugin",880,209,FALSE
"plugin",881,341,FALSE
"plugin",882,224,FALSE
"plugin",883,217,FALSE
"plugin",884,264,FALSE
"plugin",885,254,FALSE
"plugin",886,141,FALSE
"plugin",887,251,FALSE
"plugin",888,203,FALSE
"plugin",889,189,FALSE
"plugin",890,332,FALSE
"plugin",891,197,FALSE
"plugin",892,314,FALSE
"plugin",893,143,FALSE
"plugin",894,219,FALSE
"plugin",895,369,FALSE
"plugin",896,246,FALSE
"plugin",897,193,FALSE
"plugin",898,430,FALSE
"plugin",899,235,FALSE
"plugin",900,189,FALSE
"plugin",901,251,FALSE
"plugin",902,194,FALSE
"plugin",903,342,FALSE
"plugin",904,280,FALSE
"plugin",905,384,FALSE
"plugin",906,238,FALSE
"plugin",907,347,FALSE
"plugin",908,189,FALSE
"plugin",909,322,FALSE
"plugin",910,352,FALSE
"plugin",911,277,FALSE
"plugin",912,202,FALSE
"plugin",913,289,FALSE
"plugin",914,641,FALSE
"plugin",915,2000,TRUE
"plugin",916,170,FALSE
"plugin",917,217,FALSE
"plugin",918,220,FALSE
"plugin",919,247,FALSE
"plugin",920,196,FALSE
"plugin",921,219,FALSE
"plugin",922,515,FALSE
"plugin",923,242,FALSE
"plugin",924,305,FALSE
"plugin",925,334,FALSE
"plugin",926,245,FALSE
"plugin",927,297,FALSE
"plugin",928,361,FALSE
"plugin",929,407,FALSE
"plugin",930,266,FALSE
"plugin",931,210,FALSE
"plugin",932,231,FALSE
"plugin",933,218,FALSE
"plugin",934,188,FALSE
"plugin",935,229,FALSE
"plugin",936,271,FALSE
"plugin",937,212,FALSE
"plugin",938,202,FALSE
"plugin",939,290,FALSE
"plugin",940,223,FALSE
"plugin",941,189,FALSE
"plugin",942,286,FALSE
"plugin",943,579,FALSE
"plugin",944,339,FALSE
"plugin",945,356,FALSE
"plugin",946,208,FALSE
"plugin",947,200,FALSE
"plugin",948,273,FALSE
"plugin",949,233,FALSE
"plugin",950,471,FALSE
"plugin",951,203,FALSE
"plugin",952,290,FALSE
"plugin",953,246,FALSE
"plugin",954,218,FALSE
"plugin",955,294,FALSE
"plugin",956,141,FALSE
"plugin",957,289,FALSE
"plugin",958,387,FALSE
"plugin",959,244,FALSE
"plugin",960,304,FALSE
"plugin",961,313,FALSE
"plugin",962,238,FALSE
"plugin",963,175,FALSE
"plugin",964,1179,FALSE
"plugin",965,297,FALSE
"plugin",966,224,FALSE
"plugin",967,230,FALSE
"plugin",968,389,FALSE
"plugin",969,165,FALSE
"plugin",970,500,FALSE
"plugin",971,266,FALSE
"plugin",972,240,FALSE
"plugin",973,256,FALSE
"plugin",974,198,FALSE
"plugin",975,243,FALSE
"plugin",976,2000,TRUE
"plugin",977,177,FALSE
"plugin",978,200,FALSE
"plugin",979,274,FALSE
"plugin",980,224,FALSE
"plugin",981,232,FALSE
"plugin",982,252,FALSE
"plugin",983,170,FALSE
"plugin",984,291,FALSE
"plugin",985,417,FALSE
"plugin",986,291,FALSE
"plugin",987,315,FALSE
"plugin",988,166,FALSE
"plugin",989,163,FALSE
"plugin",990,594,FALSE
"plugin",991,165,FALSE
"plugin",992,325,FALSE
"plugin",993,275,FALSE
"plugin",994,358,FALSE
"plugin",995,188,FALSE
"plugin",996,861,FALSE
"plugin",997,464,FALSE
"plugin",998,195,FALSE
"plugin",999,366,FALSE
"plugin",1000,399,FALSE
