"path","md5"
"config/submission_experiment.R","7e315f90d2230f16443e3a45af9815fa"
"config/submission_ridgecrest.R","9c8f13732ae1c53b0d2943054348d75f"
"R/etas_likelihood.R","968376f8727302c5622307d2bbd0daa6"
"R/fit_bayesian_etas.R","fd8da443bc58dd412e57e450a7c401c8"
"R/fit_loglinear_mle.R","45b1316c07f9df8465f9fa6c778f059c"
"R/forecast_observed_etas.R","35b0ff1dafe45c39d70d9a89a5c86048"
"R/loglinear_incompleteness.R","ef6091d857b2305bb1be555f58acdc55"
"R/mcmc_etas.R","36a55866d1de9c479a71d136d5d95ea9"
"R/ridgecrest_mcmc.R","6ff973d4088f48f5a4e0936ae3f40ea5"
"R/simulate_etas.R","ff374238c353abbc54655c794421b8b5"
"R/submission_workflow.R","a1334b05b16ce6fd102b7f58c227a745"
"scripts/submission/00_validate.R","282cdfb6ff5ca94dcd9fbe5c81bce618"
"scripts/submission/01_simulate.R","33f94f93e49bd853887948f78b5f0190"
"scripts/submission/02_prepare_synthetic_initialisation.R","802afe620068a9ec4b179612cfcbe0ad"
"scripts/submission/03_fit_synthetic_mcmc.R","1336ebd0ee81b516c82f84afa27824c9"
"scripts/submission/04_evaluate_synthetic_benchmarks.R","6c0dd461cd1c6c871665bb8bfb354460"
"scripts/submission/04_evaluate_synthetic.R","8a518f91a590df71e7541f888fbb8f7d"
"scripts/submission/05_prepare_ridgecrest.R","6ca355ae9309eeeb756c8d09094a0063"
"scripts/submission/06_prepare_ridgecrest_initialisation.R","f84aa313b3fbb6f17151dc6edaaf06ed"
"scripts/submission/07_fit_ridgecrest_mcmc.R","b412ceedf8bf0df8b9cd5452bcdf72d8"
"scripts/submission/08_evaluate_ridgecrest.R","a4fae6380da234dd7d32ee651c969e71"
"scripts/submission/09_make_thesis_figures.R","5f4be3e28b0e3be3a3a49f24a653e290"
"scripts/submission/10_verify_submission.R","b647bc5606c7e8d03c9303f73af2045e"
"scripts/submission/12_fit_synthetic_b_sensitivity.R","ffdd13a7378469a15886acc653bc959f"
"scripts/submission/13_evaluate_synthetic_b_sensitivity.R","9296adfb4e372d88ccccc9e628471253"
"scripts/submission/14_fit_ridgecrest_b_sensitivity.R","8df848c08f4bb710492b9d15dc9ca15e"
"scripts/submission/15_fit_synthetic_prior_sensitivity.R","e39cb8dd4eff291b5760eb9d1dde9bec"
"scripts/submission/16_evaluate_synthetic_prior_sensitivity.R","c80789b0491d848e1726562323a9b657"
"scripts/submission/19_make_sensitivity_figures.R","e02fdff1dcc7d9ff913bd55275200bb6"
"scripts/submission/internal/fit_baseline_initialisation.R","a4b89ab282514314e8f1eac996f1da19"
"scripts/submission/internal/fit_plugin_initialisation.R","c2989c0db54662a45e77db775314c62e"
